0,14460.0,14490,14520,15210
1,14460.0,14490,14580,15180
2,14580.0,14610,14670,15450
3,14640.0,14670,14700,15660
4,16500.0,16530,16650,17670
5,16980.0,17010,17190,17580
6,17040.0,17070,17160,17370
7,18180.0,18210,18330,18660
8,18300.0,18330,18390,18720
9,18900.0,18930,19050,19590
10,18960.0,18990,19200,19440
11,19020.0,19050,19200,19560
12,19080.0,19110,19290,19770
13,19140.0,19170,19410,19860
14,19200.0,19230,19380,19650
15,19800.0,19830,20010,20760
16,19800.0,19830,19920,20490
17,19800.0,19830,20010,20910
18,19860.0,19890,19890,20400
19,19860.0,19890,20100,20730
20,19920.0,19950,20220,20940
21,19920.0,19950,20040,20670
22,19980.0,20010,20160,20670
23,20400.0,20430,20460,21030
24,20460.0,20490,20640,21450
25,20640.0,20670,20760,21270
26,20760.0,20790,20850,21330
27,20820.0,20850,20940,21360
28,20820.0,20850,20910,21090
29,21600.0,21630,21780,22530
30,21660.0,21690,21810,22590
31,21660.0,21690,21690,22560
32,21660.0,21690,21780,22260
33,21720.0,21750,21810,22560
34,21720.0,21750,21870,22470
35,21720.0,21750,21870,22890
36,21780.0,21810,22050,22800
37,21780.0,21810,22140,23370
38,21840.0,21870,22170,23340
39,21840.0,21870,21990,22680
40,21840.0,21870,22020,22620
41,21840.0,21870,21930,22710
42,21840.0,21870,22200,22530
43,21900.0,21930,22200,22650
44,21900.0,21930,22440,23730
45,21900.0,21930,22110,23070
46,22080.0,22110,22170,22890
47,22200.0,22230,22620,23010
48,22200.0,22230,22770,23250
49,22200.0,22230,22770,23100
50,22440.0,22470,22950,23370
51,22500.0,22530,22650,23340
52,22560.0,22590,22620,23100
53,22620.0,22650,22800,23370
54,22680.0,22710,22740,23760
55,22680.0,22710,23400,23970
56,22800.0,22830,22830,23400
57,22800.0,22830,23370,23850
58,22800.0,22830,23520,23970
59,22800.0,22830,22920,23700
60,22920.0,22950,23130,24000
61,22980.0,23010,23190,24060
62,23040.0,23070,23430,24390
63,23040.0,23070,23280,23910
64,23520.0,23550,23760,24270
65,23580.0,23610,23790,24240
66,23640.0,23670,23700,24180
67,23700.0,23730,23880,24330
68,23700.0,23730,23730,24000
69,24000.0,24030,24240,24930
70,24180.0,24210,24480,25110
71,24240.0,24270,24330,24600
72,24600.0,24630,24690,25050
73,25200.0,25230,25230,26100
74,25260.0,25290,25290,25950
75,25260.0,25290,25440,25680
76,25260.0,25290,25470,26310
77,25260.0,25290,25320,26160
78,25320.0,25350,25380,26100
79,25320.0,25350,25350,26040
80,25320.0,25350,25500,26040
81,25380.0,25410,25530,26190
82,25380.0,25410,25710,26310
83,25380.0,25410,25410,26160
84,25380.0,25410,25470,26340
85,25440.0,25470,25530,25860
86,25440.0,25470,25500,26010
87,25440.0,25470,25560,26040
88,25500.0,25530,25620,26370
89,25500.0,25530,25710,26340
90,25500.0,25530,25620,26100
91,25500.0,25530,25590,25950
92,25560.0,25590,25800,26400
93,25680.0,25710,25890,26640
94,25680.0,25710,26010,26550
95,25800.0,25830,26040,26670
96,25800.0,25830,26070,26700
97,25800.0,25830,25950,26280
98,26040.0,26070,26070,26610
99,26100.0,26130,26250,26700
100,26100.0,26130,26250,26580
101,26100.0,26130,26160,26670
102,26160.0,26190,26280,26520
103,26220.0,26250,26460,26820
104,26400.0,26430,26550,26910
105,26400.0,26430,26430,27180
106,26400.0,26430,26610,27150
107,26580.0,26610,26730,27300
108,26580.0,26610,26790,27300
109,26700.0,26730,26850,27240
110,27000.0,27030,27270,28140
111,27000.0,27030,27180,28110
112,27000.0,27030,27240,28020
113,27000.0,27030,27210,28380
114,27000.0,27030,27180,27630
115,27000.0,27030,27300,28050
116,27000.0,27030,27150,28170
117,27000.0,27030,27180,28110
118,27000.0,27030,27060,28200
119,27060.0,27090,27120,28080
120,27060.0,27090,27390,27960
121,27120.0,27150,27420,28530
122,27120.0,27150,27240,27660
123,27120.0,27150,27210,27990
124,27120.0,27150,27240,27690
125,27120.0,27150,27420,28110
126,27120.0,27150,27270,28110
127,27180.0,27210,27300,28470
128,27180.0,27210,27390,27990
129,27180.0,27210,27210,27720
130,27180.0,27210,27330,27600
131,27240.0,27270,27330,28020
132,27240.0,27270,27360,27930
133,27240.0,27270,27390,27810
134,27240.0,27270,27420,28140
135,27300.0,27330,27450,28290
136,27300.0,27330,27480,28170
137,27300.0,27330,27450,28620
138,27300.0,27330,27450,28560
139,27900.0,27930,28230,29040
140,27960.0,27990,28320,28920
141,28080.0,28110,28290,28890
142,28080.0,28110,28320,28860
143,28080.0,28110,28410,28800
144,28140.0,28170,28380,29640
145,28200.0,28230,28500,29730
146,28200.0,28230,28410,29700
147,28200.0,28230,28650,29910
148,28200.0,28230,28410,28830
149,28260.0,28290,28320,29550
150,28320.0,28350,28650,28980
151,28440.0,28470,28650,29850
152,28500.0,28530,28620,29220
153,28500.0,28530,28650,29190
154,28500.0,28530,28590,29130
155,28560.0,28590,28710,29370
156,28560.0,28590,28650,29220
157,28560.0,28590,28740,29430
158,28680.0,28710,28920,29430
159,28800.0,28830,28950,29640
160,28800.0,28830,28890,29100
161,28800.0,28830,29100,29790
162,28800.0,28830,28920,29310
163,28800.0,28830,28950,29700
164,28800.0,28830,28890,29520
165,28800.0,28830,28860,29430
166,28800.0,28830,29220,29970
167,28860.0,28890,29100,29850
168,28860.0,28890,29160,29460
169,28860.0,28890,29100,30360
170,28860.0,28890,29010,29400
171,28860.0,28890,28980,29910
172,28860.0,28890,29190,30060
173,28860.0,28890,28980,29370
174,28860.0,28890,29250,30060
175,28920.0,28950,29310,30090
176,28920.0,28950,29100,30060
177,28920.0,28950,29070,29700
178,28920.0,28950,29190,30150
179,28920.0,28950,29070,29760
180,28920.0,28950,29310,29910
181,28920.0,28950,29010,29340
182,28980.0,29010,29340,30630
183,28980.0,29010,29280,30060
184,28980.0,29010,29340,30240
185,28980.0,29010,29220,30060
186,28980.0,29010,29190,29580
187,28980.0,29010,29130,29910
188,29040.0,29070,29280,30150
189,29040.0,29070,29280,30120
190,29040.0,29070,29130,30000
191,29040.0,29070,29220,30570
192,29040.0,29070,29340,30630
193,29040.0,29070,29430,30060
194,29040.0,29070,29130,29430
195,29040.0,29070,29190,29550
196,29040.0,29070,29700,30150
197,29100.0,29130,29160,30210
198,29100.0,29130,29370,30720
199,29100.0,29130,29160,30210
200,29100.0,29130,29400,30000
201,29100.0,29130,29580,30330
202,29100.0,29130,29670,30450
203,29100.0,29130,29490,30750
204,29100.0,29130,29550,30030
205,29100.0,29130,29340,29850
206,29100.0,29130,29190,29700
207,29100.0,29130,29370,30000
208,29100.0,29130,29400,30060
209,29100.0,29130,29370,29970
210,29100.0,29130,29160,29520
211,29160.0,29190,29460,29970
212,29160.0,29190,29430,29790
213,29220.0,29250,29610,30090
214,29280.0,29310,29490,29820
215,29340.0,29370,29580,30030
216,29400.0,29430,29550,29880
217,29400.0,29430,29580,29880
218,29400.0,29430,29580,30300
219,29460.0,29490,29670,30450
220,29520.0,29550,29610,30180
221,29520.0,29550,29880,30990
222,29520.0,29550,29610,30270
223,29580.0,29610,29670,30300
224,29640.0,29670,29790,30690
225,29700.0,29730,29790,30120
226,29700.0,29730,29970,30690
227,29700.0,29730,30060,30390
228,29700.0,29730,30180,30930
229,29700.0,29730,30000,30210
230,29700.0,29730,29850,30210
231,29760.0,29790,29940,30300
232,29760.0,29790,30030,30480
233,29820.0,29850,29880,30270
234,29820.0,29850,29970,30180
235,29880.0,29910,30090,30390
236,29880.0,29910,30150,30420
237,29880.0,29910,30090,30360
238,29940.0,29970,30270,30510
239,29940.0,29970,30390,30750
240,30000.0,30030,30300,30570
241,30000.0,30030,30480,31470
242,30000.0,30030,30660,30810
243,30000.0,30030,30150,30480
244,30000.0,30030,30870,31620
245,30000.0,30030,30960,31830
246,30000.0,30030,30990,31680
247,30000.0,30030,30510,30930
248,30060.0,30090,30420,30870
249,30060.0,30090,30180,30930
250,30060.0,30090,30390,31140
251,30060.0,30090,30570,31110
252,30060.0,30090,30870,31740
253,30060.0,30090,30810,31380
254,30060.0,30090,30960,31680
255,30120.0,30150,30570,31320
256,30120.0,30150,31020,31740
257,30120.0,30150,30990,31710
258,30120.0,30150,30900,31320
259,30120.0,30150,30900,31500
260,30180.0,30210,30480,31110
261,30180.0,30210,30480,30780
262,30180.0,30210,30600,31050
263,30240.0,30270,30330,30810
264,30240.0,30270,30930,31560
265,30240.0,30270,30420,31950
266,30300.0,30330,31230,32070
267,30300.0,30330,31050,31800
268,30300.0,30330,31080,31560
269,30300.0,30330,31290,32070
270,30300.0,30330,31200,31950
271,30300.0,30330,31140,31890
272,30300.0,30330,31380,32250
273,30300.0,30330,31500,32220
274,30360.0,30390,30480,31140
275,30600.0,30630,30690,30960
276,30600.0,30630,30930,31560
277,30600.0,30630,30690,31140
278,30600.0,30630,30930,31350
279,30600.0,30630,30780,31110
280,30600.0,30630,30810,31230
281,30600.0,30630,30750,31560
282,30660.0,30690,30780,31920
283,30660.0,30690,30840,31710
284,30660.0,30690,30900,31680
285,30660.0,30690,30780,31230
286,30660.0,30690,30960,32010
287,30720.0,30750,31320,32070
288,30720.0,30750,30840,32610
289,30720.0,30750,30960,31830
290,30720.0,30750,31260,32640
291,30720.0,30750,30960,31200
292,30720.0,30750,31230,32460
293,30780.0,30810,31020,31500
294,30780.0,30810,30960,31740
295,30780.0,30810,31080,31410
296,30780.0,30810,31320,32940
297,30780.0,30810,31080,31590
298,30780.0,30810,31290,32370
299,30780.0,30810,30960,31620
300,30780.0,30810,31170,31530
301,30780.0,30810,30810,31080
302,30840.0,30870,31140,31470
303,30840.0,30870,31410,31770
304,30840.0,30870,31230,31740
305,30840.0,30870,30900,31230
306,30840.0,30870,31350,31740
307,30840.0,30870,31110,31500
308,30840.0,30870,31170,31380
309,30840.0,30870,30960,31320
310,30840.0,30870,31200,31590
311,30840.0,30870,31260,31950
312,30840.0,30870,31230,31590
313,30840.0,30870,31140,31680
314,30840.0,30870,31260,31500
315,30900.0,30930,30990,31230
316,30900.0,30930,31230,31830
317,30900.0,30930,31110,32730
318,30900.0,30930,31590,33240
319,30900.0,30930,31290,31620
320,30900.0,30930,31320,32370
321,30900.0,30930,31380,32640
322,30900.0,30930,31350,31770
323,30900.0,30930,31170,31710
324,30960.0,30990,31050,31560
325,31080.0,31110,31620,31950
326,31260.0,31290,31320,31530
327,31320.0,31350,31830,32430
328,31380.0,31410,31830,32520
329,31500.0,31530,31950,32370
330,31500.0,31530,31740,32490
331,31500.0,31530,31800,32550
332,31500.0,31530,31890,33690
333,31500.0,31530,31890,32550
334,31500.0,31530,31680,32490
335,31500.0,31530,31830,32490
336,31500.0,31530,31860,32280
337,31500.0,31530,31740,33570
338,31500.0,31530,32100,32550
339,31560.0,31590,31980,33780
340,31560.0,31590,31830,33150
341,31560.0,31590,32280,34050
342,31560.0,31590,31890,32760
343,31620.0,31650,32040,33510
344,31620.0,31650,32190,34110
345,31620.0,31650,31920,32820
346,31620.0,31650,31920,32580
347,31620.0,31650,32040,33600
348,31680.0,31710,32250,32790
349,31680.0,31710,32220,33840
350,31680.0,31710,32370,34080
351,31740.0,31770,32190,33690
352,31740.0,31770,32100,32820
353,31740.0,31770,32370,34020
354,31800.0,31830,32100,33300
355,31800.0,31830,32370,33990
356,31800.0,31830,32190,33660
357,31800.0,31830,32430,34170
358,32220.0,32250,32790,33360
359,32400.0,32430,32580,32880
360,32400.0,32430,32520,33030
361,32400.0,32430,32730,33840
362,32460.0,32490,32670,33240
363,32460.0,32490,32730,33060
364,32460.0,32490,32820,34020
365,32460.0,32490,32580,32880
366,32460.0,32490,32790,33690
367,32460.0,32490,32850,33720
368,32460.0,32490,33090,33510
369,32520.0,32550,32700,33060
370,32520.0,32550,32910,33870
371,32520.0,32550,33030,33690
372,32580.0,32610,32730,33060
373,32580.0,32610,32640,33180
374,32580.0,32610,32730,33090
375,32580.0,32610,33090,33780
376,32580.0,32610,33120,34170
377,32640.0,32670,33180,33840
378,32640.0,32670,32970,33450
379,32640.0,32670,32760,32970
380,32640.0,32670,33180,33900
381,32640.0,32670,33120,33780
382,32640.0,32670,33150,34080
383,32700.0,32730,32820,33480
384,32700.0,32730,33150,33750
385,32700.0,32730,33120,33840
386,32700.0,32730,33180,33960
387,32700.0,32730,32880,33660
388,32700.0,32730,33150,33510
389,32700.0,32730,33030,34050
390,32700.0,32730,32970,33570
391,32700.0,32730,33330,34620
392,32700.0,32730,33090,33810
393,32700.0,32730,33060,33780
394,32760.0,32790,32850,33150
395,32760.0,32790,33030,33600
396,32760.0,32790,33090,33810
397,32760.0,32790,32970,33240
398,32760.0,32790,33000,33480
399,32880.0,32910,32910,33330
400,32880.0,32910,33270,33840
401,32880.0,32910,33000,33720
402,33000.0,33030,33540,34290
403,33000.0,33030,33120,33420
404,33000.0,33030,33420,34140
405,33300.0,33330,33630,33990
406,33300.0,33330,33450,33780
407,33360.0,33390,33540,33960
408,33360.0,33390,33720,34260
409,33420.0,33450,33600,34230
410,33420.0,33450,33780,34770
411,33480.0,33510,33570,33930
412,33480.0,33510,33540,33870
413,33540.0,33570,33660,33990
414,33540.0,33570,33720,34050
415,33540.0,33570,33630,34050
416,33600.0,33630,33660,34680
417,33600.0,33630,33930,34560
418,33600.0,33630,34080,34770
419,33600.0,33630,34110,34770
420,33660.0,33690,33900,34170
421,33720.0,33750,34140,34800
422,33720.0,33750,34170,34770
423,33780.0,33810,34260,35160
424,33780.0,33810,34110,34650
425,33780.0,33810,34230,34980
426,33780.0,33810,34110,34620
427,33780.0,33810,34260,34950
428,33840.0,33870,34290,34920
429,33840.0,33870,34170,35010
430,33900.0,33930,34290,35310
431,33900.0,33930,34440,35100
432,33900.0,33930,34230,34530
433,34200.0,34230,34290,34950
434,34260.0,34290,34350,34680
435,34320.0,34350,34620,35730
436,34380.0,34410,34680,34950
437,34440.0,34470,34740,35460
438,34440.0,34470,34620,34920
439,34500.0,34530,34590,35100
440,34860.0,34890,35010,35400
441,34860.0,34890,35250,35850
442,34860.0,34890,35130,35640
443,34920.0,34950,35250,35970
444,34980.0,35010,35400,35760
445,34980.0,35010,35160,35550
446,35040.0,35070,35370,35730
447,35100.0,35130,35190,35400
448,35100.0,35130,35490,36120
449,35100.0,35130,35250,36540
450,35280.0,35310,35430,36120
451,35280.0,35310,35520,35760
452,35340.0,35370,35400,35610
453,35700.0,35730,35820,36090
454,36000.0,36030,36510,37080
455,36000.0,36030,36420,37020
456,36000.0,36030,36540,37740
457,36000.0,36030,36180,37320
458,36000.0,36030,36270,37020
459,36000.0,36030,36300,36840
460,36000.0,36030,36150,36630
461,36000.0,36030,36780,37350
462,36060.0,36090,37050,37500
463,36060.0,36090,36450,37110
464,36060.0,36090,36390,37560
465,36060.0,36090,36270,36810
466,36060.0,36090,36300,36930
467,36060.0,36090,36960,37440
468,36060.0,36090,36510,37260
469,36060.0,36090,36330,37440
470,36060.0,36090,36300,37200
471,36060.0,36090,36570,37530
472,36060.0,36090,36540,37290
473,36120.0,36150,36570,37320
474,36120.0,36150,36450,37500
475,36120.0,36150,36510,37170
476,36120.0,36150,36720,37920
477,36120.0,36150,37020,38280
478,36120.0,36150,36330,37230
479,36120.0,36150,36870,38070
480,36120.0,36150,36510,37260
481,36120.0,36150,36420,37680
482,36180.0,36210,36660,37740
483,36180.0,36210,36600,37290
484,36180.0,36210,36480,37650
485,36180.0,36210,36870,37830
486,36180.0,36210,36870,37230
487,36180.0,36210,36450,36990
488,36180.0,36210,37230,38580
489,36180.0,36210,36630,37290
490,36240.0,36270,36270,36540
491,36240.0,36270,37080,38190
492,36240.0,36270,36690,37890
493,36300.0,36330,36750,37380
494,36300.0,36330,36900,38280
495,36300.0,36330,36990,38160
496,36300.0,36330,36810,37950
497,36300.0,36330,36690,37920
498,36300.0,36330,37260,37890
499,36360.0,36390,37080,37680
500,36540.0,36570,37290,37710
501,36600.0,36630,37200,37710
502,36660.0,36690,36750,37200
503,36780.0,36810,36960,37560
504,36780.0,36810,37710,38220
505,37020.0,37050,37680,37950
506,37140.0,37170,37350,37830
507,37200.0,37230,37470,38070
508,37200.0,37230,37470,38100
509,37260.0,37290,37680,38520
510,37260.0,37290,37680,38340
511,37320.0,37350,37770,38340
512,37380.0,37410,37890,38580
513,37440.0,37470,37800,38550
514,37440.0,37470,37830,38580
515,37440.0,37470,37920,38670
516,37500.0,37530,38070,38940
517,37500.0,37530,38130,38790
518,37500.0,37530,37980,38910
519,37500.0,37530,38040,38490
520,37800.0,37830,38250,39000
521,37860.0,37890,38100,38460
522,37860.0,37890,38190,38700
523,37860.0,37890,38220,38460
524,37920.0,37950,38340,39330
525,37980.0,38010,38460,39030
526,38040.0,38070,38430,38850
527,38040.0,38070,38610,39090
528,38100.0,38130,38400,39510
529,38100.0,38130,38430,39210
530,38100.0,38130,38340,39240
531,38460.0,38490,38550,38850
532,38640.0,38670,38700,39060
533,38700.0,38730,38790,39090
534,38760.0,38790,39060,39810
535,38760.0,38790,39000,39840
536,38760.0,38790,39000,39510
537,38820.0,38850,39180,39630
538,38820.0,38850,39180,39810
539,38820.0,38850,39240,39930
540,38820.0,38850,39270,40080
541,38880.0,38910,39360,40230
542,38880.0,38910,39330,40110
543,38880.0,38910,39390,40260
544,39000.0,39030,39450,40200
545,39000.0,39030,39240,40140
546,39000.0,39030,39060,39330
547,39000.0,39030,39780,40500
548,39300.0,39330,39510,39960
549,39600.0,39630,40350,41130
550,39600.0,39630,39750,41220
551,39600.0,39630,39690,40200
552,39600.0,39630,39930,41550
553,39600.0,39630,39960,41160
554,39600.0,39630,40050,41430
555,39600.0,39630,40020,40530
556,39660.0,39690,39960,41700
557,39660.0,39690,40050,40560
558,39660.0,39690,40050,41670
559,39660.0,39690,40050,40800
560,39660.0,39690,40080,40830
561,39660.0,39690,39810,40800
562,39660.0,39690,40320,41070
563,39720.0,39750,39900,40230
564,39720.0,39750,40080,40500
565,39780.0,39810,39960,41130
566,39780.0,39810,40110,40890
567,39780.0,39810,39930,40890
568,39780.0,39810,40320,40680
569,39840.0,39870,39870,40560
570,39840.0,39870,40110,40530
571,39840.0,39870,40440,41040
572,39840.0,39870,40320,41070
573,39900.0,39930,40590,41250
574,39900.0,39930,40530,41820
575,39900.0,39930,40710,41310
576,39900.0,39930,40380,41070
577,39900.0,39930,40530,41100
578,39900.0,39930,40770,41640
579,39900.0,39930,40860,42360
580,39900.0,39930,40500,41010
581,39960.0,39990,40710,41760
582,39960.0,39990,40860,41970
583,39960.0,39990,40830,42090
584,39960.0,39990,41190,42240
585,40020.0,40050,40080,40290
586,40020.0,40050,41280,42450
587,40080.0,40110,40350,40650
588,40080.0,40110,40560,41670
589,40140.0,40170,40950,41850
590,40140.0,40170,40530,41760
591,40320.0,40350,40530,40980
592,40380.0,40410,40650,41010
593,40440.0,40470,40740,41130
594,40500.0,40530,40890,42360
595,40500.0,40530,40830,41850
596,40560.0,40590,40890,42270
597,40620.0,40650,41130,42450
598,40620.0,40650,41010,41820
599,40680.0,40710,40950,41940
600,40740.0,40770,41370,41670
601,40800.0,40830,41400,42540
602,40800.0,40830,41070,42120
603,40860.0,40890,41220,42240
604,40860.0,40890,41400,41850
605,40980.0,41010,41460,41820
606,41040.0,41070,41550,41730
607,41100.0,41130,41280,41550
608,41100.0,41130,41190,41640
609,41100.0,41130,41640,42030
610,41100.0,41130,41640,42480
611,41100.0,41130,41550,42390
612,41220.0,41250,41310,41880
613,41400.0,41430,41520,42780
614,41400.0,41430,41490,41910
615,41400.0,41430,41670,42300
616,41400.0,41430,42000,42780
617,41400.0,41430,41550,41730
618,41460.0,41490,41520,42630
619,41460.0,41490,41640,41970
620,41460.0,41490,41850,42480
621,41460.0,41490,42120,42870
622,41460.0,41490,41640,42000
623,41520.0,41550,41670,42030
624,41520.0,41550,41820,42240
625,41520.0,41550,41670,42090
626,41520.0,41550,41790,42690
627,41580.0,41610,42330,42780
628,41580.0,41610,41820,42240
629,41580.0,41610,41910,43020
630,41640.0,41670,42450,43020
631,41640.0,41670,42480,42990
632,41640.0,41670,42150,42960
633,41640.0,41670,42030,42420
634,41700.0,41730,41790,42120
635,41700.0,41730,42210,42930
636,41700.0,41730,42600,43200
637,41700.0,41730,42060,42780
638,41700.0,41730,42360,43110
639,41820.0,41850,42030,42450
640,42360.0,42390,42570,42960
641,42360.0,42390,42900,43800
642,42540.0,42570,43020,44070
643,42720.0,42750,43140,43860
644,42900.0,42930,43290,44040
645,43140.0,43170,43410,44190
646,43200.0,43230,43380,44430
647,43200.0,43230,43290,43650
648,43200.0,43230,43590,43830
649,43200.0,43230,43680,44490
650,43200.0,43230,43710,44610
651,43200.0,43230,43470,44100
652,43200.0,43230,43320,43560
653,43200.0,43230,43710,44070
654,43200.0,43230,43320,44460
655,43200.0,43230,43680,44430
656,43260.0,43290,43710,44100
657,43260.0,43290,43530,43770
658,43260.0,43290,43830,44190
659,43320.0,43350,43350,43770
660,43320.0,43350,43500,44730
661,43320.0,43350,43560,44640
662,43380.0,43410,43650,44250
663,43380.0,43410,43920,44310
664,43380.0,43410,43440,44190
665,43380.0,43410,43500,44850
666,43380.0,43410,43590,43830
667,43440.0,43470,43860,44160
668,43440.0,43470,43860,44310
669,43440.0,43470,43890,44310
670,43440.0,43470,43620,44940
671,43440.0,43470,43890,45270
672,43500.0,43530,43860,44310
673,43500.0,43530,43950,44340
674,43500.0,43530,44160,44430
675,43500.0,43530,43920,44430
676,43560.0,43590,43950,44250
677,44280.0,44310,44550,44850
678,44400.0,44430,44730,45060
679,44400.0,44430,44490,44730
680,44400.0,44430,44790,45450
681,44400.0,44430,44550,44910
682,44520.0,44550,45030,45750
683,44520.0,44550,45150,45660
684,44520.0,44550,44970,45840
685,44580.0,44610,45060,45870
686,44580.0,44610,44940,45750
687,44700.0,44730,45210,45900
688,44700.0,44730,45270,45870
689,45000.0,45030,45660,46200
690,45000.0,45030,45600,46170
691,45000.0,45030,45150,45420
692,45000.0,45030,45120,45660
693,45060.0,45090,45360,45780
694,45060.0,45090,45120,45450
695,45060.0,45090,45630,46440
696,45120.0,45150,45720,46710
697,45120.0,45150,45510,45930
698,45120.0,45150,45540,46260
699,45120.0,45150,45960,46710
700,45120.0,45150,45540,46110
701,45120.0,45150,45660,46380
702,45120.0,45150,45420,46110
703,45120.0,45150,45810,46590
704,45120.0,45150,45840,46530
705,45120.0,45150,45810,46290
706,45180.0,45210,45270,45600
707,45180.0,45210,45690,46260
708,45240.0,45270,46050,46680
709,45300.0,45330,45420,45630
710,45300.0,45330,45810,46470
711,45300.0,45330,45360,45570
712,45540.0,45570,46260,46620
713,45540.0,45570,45660,46620
714,46200.0,46230,46350,46590
715,46380.0,46410,46710,47040
716,46440.0,46470,46980,47340
717,46740.0,46770,46800,47610
718,46740.0,46770,47010,47730
719,46800.0,46830,46890,48240
720,46800.0,46830,46890,47700
721,46800.0,46830,46890,48000
722,46800.0,46830,47100,47460
723,46800.0,46830,46890,48090
724,46800.0,46830,46920,47550
725,46860.0,46890,46950,48090
726,46860.0,46890,46950,48090
727,46860.0,46890,46950,47970
728,46860.0,46890,47160,47640
729,46860.0,46890,46980,47400
730,46860.0,46890,47130,48450
731,46920.0,46950,47040,48300
732,46920.0,46950,47010,47340
733,46920.0,46950,46950,47220
734,46920.0,46950,47490,48720
735,46920.0,46950,47250,48810
736,46920.0,46950,47010,48030
737,46920.0,46950,46980,47250
738,46920.0,46950,46980,48270
739,46920.0,46950,46980,47970
740,46920.0,46950,47100,48330
741,46920.0,46950,47130,47700
742,46980.0,47010,47160,48150
743,46980.0,47010,47130,48330
744,46980.0,47010,47190,48330
745,46980.0,47010,47220,47760
746,46980.0,47010,47100,47370
747,47040.0,47070,47070,48450
748,47040.0,47070,47250,48510
749,47040.0,47070,47100,47880
750,47040.0,47070,47280,48120
751,47040.0,47070,47310,48390
752,47040.0,47070,47160,48300
753,47040.0,47070,47190,48600
754,47100.0,47130,47220,48630
755,47100.0,47130,47580,47880
756,47100.0,47130,47280,48210
757,47100.0,47130,47370,48810
758,47100.0,47130,47190,47880
759,47100.0,47130,47250,48540
760,47400.0,47430,47580,49140
761,47460.0,47490,47670,49080
762,47520.0,47550,47850,49170
763,47580.0,47610,47850,49080
764,47700.0,47730,47940,48180
765,47760.0,47790,47880,48360
766,47820.0,47850,48180,48840
767,47880.0,47910,48390,48930
768,47940.0,47970,48240,48480
769,48180.0,48210,48540,49140
770,48240.0,48270,48270,48690
771,48300.0,48330,48330,48720
772,48300.0,48330,48690,49410
773,48600.0,48630,48900,49200
774,48600.0,48630,48720,49350
775,48660.0,48690,48870,49290
776,48660.0,48690,48810,49410
777,48660.0,48690,48840,49590
778,48660.0,48690,48930,49260
779,48660.0,48690,48690,49320
780,48720.0,48750,48870,49170
781,48720.0,48750,49020,49440
782,48720.0,48750,49170,49800
783,48720.0,48750,49050,49860
784,48780.0,48810,49020,49320
785,48780.0,48810,49080,49290
786,48780.0,48810,49140,49740
787,48780.0,48810,48840,49740
788,48840.0,48870,48870,49650
789,48840.0,48870,49050,49410
790,48840.0,48870,49200,49950
791,48840.0,48870,49290,50010
792,48900.0,48930,49230,49920
793,48900.0,48930,49080,49830
794,48900.0,48930,49200,49590
795,48900.0,48930,49230,49560
796,49560.0,49590,49860,50820
797,49560.0,49590,49980,50880
798,49620.0,49650,50010,50850
799,49620.0,49650,49770,50670
800,49620.0,49650,50070,51090
801,49620.0,49650,50100,51000
802,49680.0,49710,50220,51240
803,49680.0,49710,49920,50550
804,49740.0,49770,50340,51240
805,49740.0,49770,50280,51180
806,49740.0,49770,50460,51600
807,49800.0,49830,50370,51180
808,49800.0,49830,50010,50790
809,49800.0,49830,49980,50550
810,49800.0,49830,49920,50640
811,49860.0,49890,50040,50580
812,49920.0,49950,50220,50820
813,49980.0,50010,50280,50490
814,49980.0,50010,50340,50790
815,50040.0,50070,50430,50730
816,50400.0,50430,50550,51120
817,50400.0,50430,50430,50670
818,50400.0,50430,50460,51330
819,50460.0,50490,50760,51660
820,50460.0,50490,50880,51630
821,50460.0,50490,50970,51510
822,50460.0,50490,50850,51870
823,50460.0,50490,50550,50820
824,50460.0,50490,50550,50850
825,50460.0,50490,50730,51060
826,50460.0,50490,50730,51750
827,50460.0,50490,50880,51390
828,50520.0,50550,50610,51150
829,50520.0,50550,50760,51030
830,50520.0,50550,50610,50910
831,50580.0,50610,51180,52230
832,50580.0,50610,50910,51210
833,50580.0,50610,51060,51600
834,50580.0,50610,50790,51240
835,50580.0,50610,50640,51090
836,50580.0,50610,51000,51660
837,50640.0,50670,51090,51390
838,50640.0,50670,50700,51570
839,50640.0,50670,50700,51240
840,50640.0,50670,51090,52140
841,50640.0,50670,51300,52260
842,50640.0,50670,50970,51270
843,50640.0,50670,50970,51570
844,50640.0,50670,50700,51420
845,50640.0,50670,51030,51510
846,50640.0,50670,51270,52260
847,50640.0,50670,50760,51480
848,50640.0,50670,50730,51510
849,50700.0,50730,51000,51420
850,50700.0,50730,50940,51480
851,50700.0,50730,50790,51600
852,50700.0,50730,50790,51240
853,50700.0,50730,50760,51540
854,50700.0,50730,50760,51420
855,50700.0,50730,50790,51750
856,50700.0,50730,51480,51810
857,50700.0,50730,51360,52440
858,50700.0,50730,51450,52170
859,51000.0,51030,51210,51630
860,51060.0,51090,51360,51750
861,51240.0,51270,51480,52080
862,51240.0,51270,51300,51810
863,51300.0,51330,51450,51930
864,51300.0,51330,51510,51780
865,51360.0,51390,51570,52110
866,51360.0,51390,51720,53040
867,51360.0,51390,51540,52680
868,51420.0,51450,51630,52050
869,51480.0,51510,51720,52830
870,51480.0,51510,51780,52740
871,51480.0,51510,51780,52950
872,51540.0,51570,51780,53040
873,52200.0,52230,53040,53820
874,52200.0,52230,52290,52980
875,52260.0,52290,52560,53100
876,52260.0,52290,52320,53100
877,52260.0,52290,52320,52530
878,52320.0,52350,52380,53670
879,52320.0,52350,52440,53310
880,52380.0,52410,52800,53340
881,52380.0,52410,52650,52950
882,52380.0,52410,52560,53040
883,52380.0,52410,52590,52830
884,52440.0,52470,52530,53580
885,52500.0,52530,52680,53670
886,52500.0,52530,52650,53370
887,52500.0,52530,52740,53190
888,52500.0,52530,52620,53220
889,52500.0,52530,52650,52950
890,52500.0,52530,52710,53070
891,52560.0,52590,52770,53040
892,52680.0,52710,52890,53190
893,52800.0,52830,53070,53490
894,52800.0,52830,53040,53520
895,52980.0,53010,53040,53490
896,53040.0,53070,53430,54000
897,53220.0,53250,53700,53940
898,53280.0,53310,53370,53940
899,53580.0,53610,53670,54240
900,53640.0,53670,53760,54180
901,54000.0,54030,54180,54780
902,54000.0,54030,54210,54600
903,54000.0,54030,54150,54780
904,54000.0,54030,54270,55170
905,54000.0,54030,54210,54660
906,54000.0,54030,54120,55020
907,54060.0,54090,54120,55020
908,54060.0,54090,54180,54570
909,54060.0,54090,54300,55050
910,54060.0,54090,54330,55320
911,54060.0,54090,54210,54750
912,54120.0,54150,54570,55020
913,54120.0,54150,54270,55380
914,54120.0,54150,54450,55260
915,54120.0,54150,54750,55260
916,54120.0,54150,54330,54840
917,54120.0,54150,54330,55140
918,54180.0,54210,54510,55110
919,54180.0,54210,54360,55140
920,54180.0,54210,54330,55290
921,54180.0,54210,54270,54870
922,54180.0,54210,54660,55260
923,54180.0,54210,54390,55020
924,54240.0,54270,54720,55080
925,54240.0,54270,54330,54750
926,54240.0,54270,54330,54630
927,54240.0,54270,54270,54720
928,54240.0,54270,54390,54840
929,54300.0,54330,54630,54990
930,54300.0,54330,54660,55290
931,54300.0,54330,54330,54870
932,54300.0,54330,54480,54870
933,54300.0,54330,54510,54780
934,54300.0,54330,54480,55380
935,54360.0,54390,54540,54870
936,54360.0,54390,54930,56070
937,54420.0,54450,55140,56220
938,54420.0,54450,54540,55380
939,54480.0,54510,55110,56100
940,54600.0,54630,54780,55050
941,54600.0,54630,55350,55890
942,54600.0,54630,55380,55890
943,54660.0,54690,54840,55320
944,54720.0,54750,54960,55260
945,54780.0,54810,54960,55410
946,54840.0,54870,55020,55320
947,54900.0,54930,55200,55800
948,54900.0,54930,54990,55410
949,54900.0,54930,55080,55500
950,55200.0,55230,55290,55860
951,55200.0,55230,55350,56340
952,55200.0,55230,55410,56430
953,55260.0,55290,55530,56430
954,55320.0,55350,55620,56670
955,55320.0,55350,55770,56790
956,55380.0,55410,55740,56610
957,55380.0,55410,55620,56430
958,55380.0,55410,55560,56220
959,55440.0,55470,55860,56610
960,55440.0,55470,55740,56460
961,55440.0,55470,55710,56310
962,55500.0,55530,55860,56640
963,55500.0,55530,55860,56520
964,55800.0,55830,55980,56190
965,55800.0,55830,56160,56430
966,55800.0,55830,55890,56940
967,55800.0,55830,55860,56370
968,55800.0,55830,55980,56400
969,55800.0,55830,55860,56520
970,55800.0,55830,56040,56430
971,55800.0,55830,55860,56130
972,55800.0,55830,56130,56790
973,55860.0,55890,55950,56190
974,55860.0,55890,56130,57210
975,55860.0,55890,55950,56760
976,55860.0,55890,56130,56370
977,55860.0,55890,55980,56700
978,55860.0,55890,56160,57210
979,55860.0,55890,56130,56910
980,55860.0,55890,55950,56220
981,55920.0,55950,56010,56670
982,55920.0,55950,55980,56640
983,55920.0,55950,56040,56430
984,55920.0,55950,55980,56730
985,55920.0,55950,56070,56430
986,55920.0,55950,56100,56520
987,55920.0,55950,56070,57060
988,55920.0,55950,56160,56490
989,55920.0,55950,56130,56460
990,55980.0,56010,56310,57090
991,55980.0,56010,56340,56910
992,56040.0,56070,56100,56520
993,56040.0,56070,56340,56940
994,56040.0,56070,56310,57030
995,56040.0,56070,56160,56640
996,56040.0,56070,56280,56730
997,56040.0,56070,56070,56310
998,56040.0,56070,56160,56970
999,56040.0,56070,56220,56460
1000,56100.0,56130,56280,56640
1001,56100.0,56130,56490,57090
1002,56100.0,56130,56370,56850
1003,56100.0,56130,56340,56790
1004,56160.0,56190,56550,57870
1005,56220.0,56250,56700,58080
1006,56700.0,56730,57000,57990
1007,56700.0,56730,56910,57870
1008,56700.0,56730,56850,57330
1009,56700.0,56730,57030,57720
1010,56700.0,56730,56880,58020
1011,56700.0,56730,57000,57810
1012,56700.0,56730,56730,57660
1013,56760.0,56790,57060,57480
1014,56760.0,56790,56850,57720
1015,56760.0,56790,57090,58170
1016,56760.0,56790,56940,57930
1017,56820.0,56850,57060,57900
1018,56820.0,56850,57210,58500
1019,56820.0,56850,57210,58110
1020,56820.0,56850,57090,57780
1021,56820.0,56850,57150,58110
1022,56880.0,56910,57240,57810
1023,56880.0,56910,57210,58530
1024,56880.0,56910,57390,58410
1025,56880.0,56910,57360,58080
1026,56880.0,56910,57240,57840
1027,56880.0,56910,57330,58380
1028,56940.0,56970,57210,57660
1029,56940.0,56970,57420,58620
1030,56940.0,56970,57240,58200
1031,56940.0,56970,57390,58590
1032,56940.0,56970,57360,58200
1033,56940.0,56970,57420,58560
1034,56940.0,56970,57330,57990
1035,57000.0,57030,57450,58170
1036,57000.0,57030,57450,58200
1037,57000.0,57030,57450,58050
1038,57000.0,57030,57630,58200
1039,57000.0,57030,57720,58440
1040,57000.0,57030,57600,58410
1041,57000.0,57030,57720,58650
1042,57120.0,57150,57510,58140
1043,57180.0,57210,57420,58170
1044,57240.0,57270,57330,58500
1045,57240.0,57270,57480,58680
1046,57240.0,57270,57360,58500
1047,57300.0,57330,57450,58230
1048,57600.0,57630,57690,58830
1049,57600.0,57630,57900,58410
1050,57600.0,57630,57780,58440
1051,57600.0,57630,57990,58650
1052,57600.0,57630,58140,58560
1053,57600.0,57630,57810,58740
1054,57600.0,57630,57870,58140
1055,57600.0,57630,57930,58560
1056,57600.0,57630,57810,58290
1057,57600.0,57630,57720,58080
1058,57600.0,57630,57720,59070
1059,57600.0,57630,57750,57930
1060,57660.0,57690,57870,58380
1061,57660.0,57690,58170,58890
1062,57660.0,57690,57780,58830
1063,57660.0,57690,57810,58920
1064,57660.0,57690,58380,59340
1065,57660.0,57690,57750,58590
1066,57660.0,57690,58110,58380
1067,57660.0,57690,58440,59310
1068,57660.0,57690,57750,58770
1069,57660.0,57690,58110,58590
1070,57660.0,57690,57750,58530
1071,57720.0,57750,57840,59220
1072,57720.0,57750,57900,58230
1073,57720.0,57750,57900,59220
1074,57720.0,57750,58320,58590
1075,57720.0,57750,57810,59070
1076,57720.0,57750,57870,59310
1077,57780.0,57810,57900,59220
1078,57780.0,57810,58320,58980
1079,57780.0,57810,57900,59130
1080,57840.0,57870,57960,59040
1081,57840.0,57870,58020,58860
1082,57840.0,57870,58200,59010
1083,57840.0,57870,57990,58710
1084,57840.0,57870,58290,58830
1085,57840.0,57870,58320,58470
1086,57840.0,57870,58560,59400
1087,57840.0,57870,58290,58500
1088,57840.0,57870,58110,58470
1089,57840.0,57870,57900,58260
1090,57840.0,57870,57960,59040
1091,57900.0,57930,58500,59070
1092,57900.0,57930,58020,58380
1093,57900.0,57930,57990,59190
1094,57900.0,57930,58380,58710
1095,57900.0,57930,58410,58590
1096,57900.0,57930,58710,59190
1097,57900.0,57930,58380,59040
1098,57900.0,57930,58020,59220
1099,57900.0,57930,58740,59220
1100,57900.0,57930,58560,59370
1101,57900.0,57930,58110,58500
1102,57900.0,57930,58020,58890
1103,57960.0,57990,58110,58830
1104,57960.0,57990,58470,59010
1105,58020.0,58050,58110,58620
1106,58020.0,58050,58680,59280
1107,58020.0,58050,58650,59280
1108,58140.0,58170,58320,59340
1109,58320.0,58350,58680,59190
1110,58500.0,58530,58980,59520
1111,58500.0,58530,58620,59700
1112,58500.0,58530,58590,59190
1113,58500.0,58530,58650,58980
1114,58500.0,58530,58890,59340
1115,58500.0,58530,58620,59490
1116,58560.0,58590,58770,59610
1117,58560.0,58590,58680,59100
1118,58560.0,58590,58980,60030
1119,58620.0,58650,58890,59790
1120,58620.0,58650,59040,59670
1121,58620.0,58650,58770,59880
1122,58620.0,58650,58920,59220
1123,58620.0,58650,59070,59790
1124,58680.0,58710,59130,59940
1125,58680.0,58710,58710,59400
1126,58680.0,58710,58890,59370
1127,58680.0,58710,59400,59940
1128,58680.0,58710,59010,60090
1129,58740.0,58770,59010,59490
1130,58800.0,58830,59370,59760
1131,58800.0,58830,59430,59970
1132,58800.0,58830,58920,59520
1133,58800.0,58830,59130,59940
1134,58800.0,58830,59370,60240
1135,58860.0,58890,59130,59760
1136,58860.0,58890,59130,59730
1137,58860.0,58890,58980,59370
1138,58920.0,58950,59250,60000
1139,58980.0,59010,59100,59460
1140,58980.0,59010,59460,60150
1141,59100.0,59130,59280,59700
1142,59100.0,59130,59550,60150
1143,59100.0,59130,59430,60030
1144,59400.0,59430,59700,60450
1145,59400.0,59430,59430,59700
1146,59400.0,59430,59640,60030
1147,59460.0,59490,59550,59940
1148,59460.0,59490,59790,60540
1149,59460.0,59490,59610,59910
1150,59460.0,59490,59640,60240
1151,59460.0,59490,59790,60330
1152,59520.0,59550,59640,60120
1153,59520.0,59550,59970,60870
1154,59520.0,59550,59730,60330
1155,59520.0,59550,59610,60960
1156,59520.0,59550,60000,60750
1157,59520.0,59550,59880,60720
1158,59520.0,59550,59640,60360
1159,59580.0,59610,59940,60870
1160,59580.0,59610,60060,60870
1161,59580.0,59610,59730,60150
1162,59580.0,59610,59640,59910
1163,59580.0,59610,59910,60870
1164,59580.0,59610,59700,60150
1165,59640.0,59670,60090,61020
1166,59640.0,59670,59700,60150
1167,59640.0,59670,60120,61080
1168,59700.0,59730,59970,60210
1169,59700.0,59730,59820,60090
1170,59700.0,59730,60120,61020
1171,59700.0,59730,59760,60120
1172,59700.0,59730,59760,60360
1173,60300.0,60330,60540,61380
1174,60360.0,60390,60900,61530
1175,60420.0,60450,61020,61590
1176,60480.0,60510,60660,61470
1177,60600.0,60630,60870,61830
1178,60720.0,60750,61050,61920
1179,60780.0,60810,61050,61890
1180,61200.0,61230,61290,62250
1181,61200.0,61230,61320,61890
1182,61200.0,61230,61500,61860
1183,61200.0,61230,61380,61590
1184,61200.0,61230,61590,62430
1185,61200.0,61230,61560,62430
1186,61200.0,61230,61470,61950
1187,61200.0,61230,61290,61770
1188,61200.0,61230,61410,61950
1189,61200.0,61230,61530,62340
1190,61200.0,61230,61740,62100
1191,61200.0,61230,61650,62250
1192,61200.0,61230,61320,62970
1193,61200.0,61230,61350,62010
1194,61200.0,61230,61710,62280
1195,61200.0,61230,61620,62820
1196,61200.0,61230,61500,62010
1197,61260.0,61290,61290,62220
1198,61260.0,61290,61560,62100
1199,61260.0,61290,61320,62880
1200,61260.0,61290,61650,62850
1201,61260.0,61290,61620,62280
1202,61260.0,61290,61590,62280
1203,61260.0,61290,61860,62310
1204,61260.0,61290,61380,62220
1205,61260.0,61290,61290,61560
1206,61260.0,61290,61440,62100
1207,61260.0,61290,61350,61530
1208,61260.0,61290,61440,62280
1209,61260.0,61290,61290,62280
1210,61260.0,61290,61440,61950
1211,61260.0,61290,61290,61800
1212,61260.0,61290,61380,61950
1213,61260.0,61290,61290,61860
1214,61260.0,61290,61290,62370
1215,61260.0,61290,62160,62940
1216,61260.0,61290,61440,63270
1217,61260.0,61290,61500,62070
1218,61260.0,61290,61650,63210
1219,61320.0,61350,61650,61920
1220,61320.0,61350,61590,61860
1221,61320.0,61350,61380,62010
1222,61320.0,61350,61530,61740
1223,61320.0,61350,61470,61860
1224,61320.0,61350,61830,62790
1225,61320.0,61350,61740,63390
1226,61320.0,61350,61860,62610
1227,61320.0,61350,61440,62640
1228,61320.0,61350,61710,62700
1229,61320.0,61350,61530,61950
1230,61320.0,61350,61680,62940
1231,61320.0,61350,61440,61950
1232,61320.0,61350,61860,62580
1233,61320.0,61350,61590,62310
1234,61320.0,61350,61830,62490
1235,61320.0,61350,61830,63570
1236,61320.0,61350,62040,62340
1237,61320.0,61350,62010,62550
1238,61380.0,61410,61950,63570
1239,61380.0,61410,61620,62940
1240,61380.0,61410,61680,62610
1241,61380.0,61410,62520,63000
1242,61380.0,61410,62250,63030
1243,61380.0,61410,62130,62760
1244,61380.0,61410,62130,62580
1245,61380.0,61410,62610,62910
1246,61380.0,61410,62160,62670
1247,61380.0,61410,61890,62580
1248,61380.0,61410,61920,62190
1249,61380.0,61410,62340,63060
1250,61380.0,61410,62340,62670
1251,61380.0,61410,61440,61740
1252,61380.0,61410,61470,62340
1253,61380.0,61410,61560,62040
1254,61380.0,61410,61440,62520
1255,61380.0,61410,61800,62430
1256,61380.0,61410,61650,62880
1257,61380.0,61410,61860,62250
1258,61380.0,61410,62190,62820
1259,61380.0,61410,62190,62670
1260,61380.0,61410,61440,61680
1261,61380.0,61410,62130,62670
1262,61380.0,61410,61470,61710
1263,61380.0,61410,61530,62310
1264,61380.0,61410,62160,63000
1265,61380.0,61410,62100,63810
1266,61440.0,61470,62550,63690
1267,61440.0,61470,62010,62640
1268,61440.0,61470,61770,62790
1269,61440.0,61470,62340,63270
1270,61440.0,61470,62430,62790
1271,61440.0,61470,61500,61890
1272,61440.0,61470,62700,64110
1273,61440.0,61470,61560,62430
1274,61440.0,61470,61560,61860
1275,61440.0,61470,61740,62790
1276,61440.0,61470,61530,61710
1277,61440.0,61470,61920,63390
1278,61440.0,61470,62070,62970
1279,61440.0,61470,61530,62580
1280,61440.0,61470,62160,63060
1281,61440.0,61470,62160,63090
1282,61440.0,61470,62580,63150
1283,61440.0,61470,62820,63120
1284,61500.0,61530,62700,63240
1285,61500.0,61530,62370,62850
1286,61500.0,61530,62910,63390
1287,61500.0,61530,62460,64350
1288,61500.0,61530,62820,64140
1289,61500.0,61530,61620,62190
1290,61500.0,61530,62760,63150
1291,61500.0,61530,62160,62850
1292,61500.0,61530,62730,64020
1293,61500.0,61530,62460,63150
1294,61500.0,61530,62100,62550
1295,61500.0,61530,62400,63810
1296,61500.0,61530,61680,62010
1297,61500.0,61530,61620,62280
1298,61500.0,61530,61800,62160
1299,61500.0,61530,61590,62100
1300,61500.0,61530,62160,63180
1301,61500.0,61530,61710,62340
1302,61500.0,61530,62580,63510
1303,61500.0,61530,62310,62790
1304,61500.0,61530,62760,63990
1305,61500.0,61530,62340,63840
1306,61560.0,61590,61710,62460
1307,61560.0,61590,62490,63750
1308,61560.0,61590,61740,62460
1309,61620.0,61650,61770,62400
1310,61620.0,61650,62130,63000
1311,61680.0,61710,62130,62940
1312,61680.0,61710,61890,62400
1313,61740.0,61770,61980,62550
1314,61740.0,61770,61980,62250
1315,61740.0,61770,61920,62580
1316,61740.0,61770,61920,62490
1317,61740.0,61770,62220,63030
1318,61800.0,61830,62760,63000
1319,61800.0,61830,61980,62670
1320,61800.0,61830,61980,62700
1321,62040.0,62070,62130,62730
1322,62160.0,62190,62310,62730
1323,62220.0,62250,62370,62670
1324,62280.0,62310,62460,62820
1325,62280.0,62310,62400,62670
1326,62400.0,62430,62490,62730
1327,62460.0,62490,62550,62760
1328,62640.0,62670,63240,63480
1329,62640.0,62670,62850,63120
1330,62760.0,62790,62940,63240
1331,63000.0,63030,63120,64410
1332,63000.0,63030,63120,63600
1333,63000.0,63030,63600,64890
1334,63000.0,63030,63330,64140
1335,63000.0,63030,63450,64230
1336,63060.0,63090,63510,64200
1337,63060.0,63090,63120,63540
1338,63060.0,63090,63360,64080
1339,63060.0,63090,63750,64590
1340,63060.0,63090,63570,64740
1341,63060.0,63090,63480,64080
1342,63060.0,63090,63600,64260
1343,63120.0,63150,63750,64980
1344,63120.0,63150,63780,64620
1345,63120.0,63150,63180,64140
1346,63120.0,63150,63360,64650
1347,63120.0,63150,63390,63960
1348,63120.0,63150,63390,64650
1349,63120.0,63150,63900,64770
1350,63120.0,63150,63210,64020
1351,63120.0,63150,63390,64200
1352,63180.0,63210,63630,64530
1353,63180.0,63210,63960,64590
1354,63180.0,63210,63240,63720
1355,63180.0,63210,63270,64230
1356,63240.0,63270,63270,63420
1357,63240.0,63270,63750,64650
1358,63240.0,63270,63600,64260
1359,63240.0,63270,63870,64950
1360,63240.0,63270,63630,64980
1361,63240.0,63270,63330,63690
1362,63240.0,63270,63300,63900
1363,63240.0,63270,63360,64230
1364,63300.0,63330,63630,65040
1365,63300.0,63330,63360,63930
1366,63300.0,63330,63750,64470
1367,63300.0,63330,63810,64620
1368,63300.0,63330,63450,64440
1369,63300.0,63330,63360,63840
1370,63300.0,63330,63510,64440
1371,63300.0,63330,63330,64470
1372,63300.0,63330,63540,64260
1373,63300.0,63330,63480,63750
1374,63300.0,63330,63390,63690
1375,63300.0,63330,63780,64470
1376,63300.0,63330,63570,63990
1377,63660.0,63690,63990,64200
1378,63900.0,63930,64020,64320
1379,63900.0,63930,64050,64470
1380,63960.0,63990,64080,64530
1381,63960.0,63990,64050,64380
1382,63960.0,63990,64110,65190
1383,63960.0,63990,64290,64620
1384,64020.0,64050,64230,64770
1385,64020.0,64050,64200,64650
1386,64080.0,64110,64170,64560
1387,64080.0,64110,64140,64590
1388,64080.0,64110,64200,64500
1389,64140.0,64170,64170,65160
1390,64200.0,64230,64470,65100
1391,64200.0,64230,64290,64770
1392,64200.0,64230,64410,65100
1393,64200.0,64230,64590,65190
1394,64200.0,64230,64590,65100
1395,64200.0,64230,64470,65430
1396,64200.0,64230,64410,64950
1397,64200.0,64230,64470,65220
1398,64260.0,64290,64560,65430
1399,64260.0,64290,64800,65490
1400,64260.0,64290,64380,64800
1401,64320.0,64350,64590,65340
1402,64320.0,64350,64410,64710
1403,64380.0,64410,64650,65340
1404,64380.0,64410,64680,65400
1405,64500.0,64530,64560,64800
1406,64500.0,64530,64740,65460
1407,64560.0,64590,64890,65220
1408,64680.0,64710,64710,64950
1409,64800.0,64830,65070,65790
1410,64800.0,64830,65010,65220
1411,64800.0,64830,65400,66150
1412,64800.0,64830,64890,65130
1413,64800.0,64830,64890,65730
1414,64800.0,64830,64950,66000
1415,64800.0,64830,64860,65370
1416,64800.0,64830,64890,65490
1417,64800.0,64830,64830,65280
1418,64800.0,64830,65040,65640
1419,64800.0,64830,65070,65400
1420,64860.0,64890,64980,65400
1421,64860.0,64890,65040,65400
1422,64860.0,64890,65190,66330
1423,64860.0,64890,65280,66120
1424,64860.0,64890,64980,65940
1425,64860.0,64890,65010,65820
1426,64860.0,64890,65100,65850
1427,64860.0,64890,65190,66060
1428,64860.0,64890,65220,65970
1429,64860.0,64890,64980,65280
1430,64860.0,64890,65340,66060
1431,64860.0,64890,65460,66360
1432,64860.0,64890,65310,66120
1433,64860.0,64890,65160,65670
1434,64860.0,64890,65010,65970
1435,64920.0,64950,64980,66000
1436,64920.0,64950,65250,65550
1437,64920.0,64950,65010,65670
1438,64920.0,64950,65310,66480
1439,64920.0,64950,65100,65760
1440,64920.0,64950,65100,65820
1441,64920.0,64950,65100,65880
1442,64920.0,64950,65550,66630
1443,64920.0,64950,65040,65850
1444,64920.0,64950,64980,65250
1445,64920.0,64950,65070,65400
1446,64920.0,64950,65010,65340
1447,64920.0,64950,65190,66000
1448,64920.0,64950,65010,65370
1449,64920.0,64950,65160,65910
1450,64920.0,64950,65100,65730
1451,64920.0,64950,65010,65520
1452,64980.0,65010,65070,65850
1453,64980.0,65010,65190,65460
1454,64980.0,65010,65070,66000
1455,64980.0,65010,65070,65850
1456,64980.0,65010,65040,65460
1457,64980.0,65010,65400,66270
1458,64980.0,65010,65250,65580
1459,64980.0,65010,65400,66600
1460,64980.0,65010,65160,66090
1461,64980.0,65010,65640,66030
1462,64980.0,65010,65430,66150
1463,65040.0,65070,65370,66120
1464,65040.0,65070,65700,66090
1465,65040.0,65070,65220,65730
1466,65040.0,65070,65250,66030
1467,65040.0,65070,65190,65490
1468,65040.0,65070,65130,65910
1469,65100.0,65130,65370,65940
1470,65100.0,65130,65670,66060
1471,65100.0,65130,65880,66720
1472,65100.0,65130,65880,66810
1473,65100.0,65130,65220,66660
1474,65100.0,65130,65220,66120
1475,65100.0,65130,65310,65610
1476,65100.0,65130,65220,65790
1477,65280.0,65310,65430,65940
1478,65280.0,65310,65520,65850
1479,65400.0,65430,65730,66120
1480,65460.0,65490,65580,66630
1481,65460.0,65490,65580,66390
1482,65460.0,65490,65640,66450
1483,65460.0,65490,65790,66510
1484,65520.0,65550,66090,67080
1485,65580.0,65610,65700,65940
1486,65700.0,65730,66090,66930
1487,66000.0,66030,66180,66540
1488,66000.0,66030,66150,66510
1489,66000.0,66030,66120,66390
1490,66000.0,66030,66240,66900
1491,66060.0,66090,66180,66480
1492,66060.0,66090,66360,67170
1493,66120.0,66150,66300,66510
1494,66120.0,66150,66270,66540
1495,66120.0,66150,66240,66450
1496,66600.0,66630,66840,67800
1497,66600.0,66630,66810,67290
1498,66600.0,66630,66810,67560
1499,66600.0,66630,66750,67890
1500,66600.0,66630,66720,67530
1501,66600.0,66630,66930,68100
1502,66600.0,66630,66990,67410
1503,66660.0,66690,67320,68640
1504,66660.0,66690,66930,67890
1505,66660.0,66690,67080,67890
1506,66660.0,66690,66990,68160
1507,66660.0,66690,66750,67650
1508,66660.0,66690,66840,67410
1509,66720.0,66750,66900,67860
1510,66720.0,66750,67170,68340
1511,66720.0,66750,67050,68040
1512,66720.0,66750,66810,67560
1513,66720.0,66750,67200,68490
1514,66720.0,66750,67140,68160
1515,66780.0,66810,67200,68220
1516,66780.0,66810,66870,67260
1517,66780.0,66810,67200,68280
1518,66780.0,66810,66840,67890
1519,66780.0,66810,66960,67470
1520,66780.0,66810,66900,67350
1521,66780.0,66810,66900,67350
1522,66780.0,66810,67320,68520
1523,66780.0,66810,67080,67590
1524,66840.0,66870,67140,67890
1525,66840.0,66870,67140,67530
1526,66840.0,66870,67440,68670
1527,66840.0,66870,67380,68310
1528,66840.0,66870,66990,67290
1529,66840.0,66870,67140,68040
1530,66840.0,66870,66900,67770
1531,66840.0,66870,67440,68550
1532,66840.0,66870,67020,67530
1533,66840.0,66870,67140,67860
1534,66900.0,66930,67170,67410
1535,66900.0,66930,67530,68520
1536,66900.0,66930,67080,67320
1537,66900.0,66930,66960,67290
1538,66900.0,66930,67470,68460
1539,66900.0,66930,67350,68490
1540,66900.0,66930,67320,68430
1541,66900.0,66930,67350,68280
1542,66900.0,66930,67050,68070
1543,67140.0,67170,67290,67560
1544,67200.0,67230,67230,67620
1545,67200.0,67230,67350,68070
1546,67260.0,67290,67440,67980
1547,67320.0,67350,67470,68250
1548,67320.0,67350,67410,67650
1549,67380.0,67410,67500,68190
1550,67380.0,67410,67410,67710
1551,67380.0,67410,67470,68130
1552,67380.0,67410,67470,67710
1553,67440.0,67470,67620,68640
1554,67440.0,67470,67590,68340
1555,67440.0,67470,67770,68550
1556,67500.0,67530,67590,67830
1557,67500.0,67530,67530,67770
1558,67560.0,67590,67620,67830
1559,67620.0,67650,67830,68550
1560,67620.0,67650,67710,68340
1561,67620.0,67650,67830,68160
1562,67680.0,67710,67800,68490
1563,67740.0,67770,67800,68520
1564,67800.0,67830,67890,68130
1565,67800.0,67830,67950,68400
1566,67800.0,67830,67860,68520
1567,67800.0,67830,68010,68430
1568,67860.0,67890,67950,68220
1569,67980.0,68010,68160,68610
1570,68100.0,68130,68190,68460
1571,68100.0,68130,68370,68610
1572,68340.0,68370,68610,69240
1573,68400.0,68430,68790,69180
1574,68400.0,68430,68790,69390
1575,68400.0,68430,68730,69780
1576,68400.0,68430,68490,68940
1577,68400.0,68430,68520,68940
1578,68400.0,68430,68520,68850
1579,68460.0,68490,68790,69720
1580,68460.0,68490,68520,68940
1581,68460.0,68490,68520,68820
1582,68460.0,68490,68550,68940
1583,68460.0,68490,68580,69060
1584,68460.0,68490,68580,69150
1585,68460.0,68490,68670,69540
1586,68460.0,68490,68550,68850
1587,68460.0,68490,68700,69450
1588,68460.0,68490,68850,69870
1589,68460.0,68490,68550,68790
1590,68460.0,68490,68550,69510
1591,68520.0,68550,68550,68970
1592,68520.0,68550,68760,69840
1593,68520.0,68550,68820,69120
1594,68520.0,68550,68580,69810
1595,68520.0,68550,68940,70020
1596,68520.0,68550,68820,69120
1597,68580.0,68610,69060,70140
1598,68580.0,68610,68700,69480
1599,68580.0,68610,68730,69720
1600,68580.0,68610,68700,68940
1601,68580.0,68610,68940,70050
1602,68640.0,68670,69120,70200
1603,68640.0,68670,68820,69810
1604,68640.0,68670,68760,70050
1605,68640.0,68670,69270,70050
1606,68640.0,68670,69150,69750
1607,68700.0,68730,68850,69450
1608,68700.0,68730,69210,70290
1609,68700.0,68730,68760,69060
1610,68700.0,68730,68850,69330
1611,68700.0,68730,69300,70230
1612,68700.0,68730,68760,69180
1613,68700.0,68730,68790,69240
1614,68700.0,68730,68910,69990
1615,68700.0,68730,68760,69150
1616,68700.0,68730,69000,69660
1617,68700.0,68730,68970,70200
1618,69060.0,69090,69240,69840
1619,69180.0,69210,69420,70110
1620,69300.0,69330,69390,69690
1621,69300.0,69330,69480,70380
1622,69300.0,69330,69360,69720
1623,69300.0,69330,69330,69630
1624,69360.0,69390,69480,70200
1625,69360.0,69390,69480,70410
1626,69360.0,69390,69690,70260
1627,69360.0,69390,69570,70290
1628,69420.0,69450,69630,70350
1629,69420.0,69450,69630,70470
1630,69420.0,69450,69570,70380
1631,69420.0,69450,69600,70500
1632,69420.0,69450,69720,70650
1633,69420.0,69450,69690,70650
1634,69420.0,69450,69540,69840
1635,69420.0,69450,69660,70260
1636,69420.0,69450,69720,70500
1637,69480.0,69510,69720,70950
1638,69480.0,69510,69660,70170
1639,69480.0,69510,69780,70560
1640,69480.0,69510,69600,70020
1641,69480.0,69510,69780,70410
1642,69480.0,69510,69870,70620
1643,69480.0,69510,69660,70410
1644,69540.0,69570,69630,69900
1645,69540.0,69570,70020,70740
1646,69540.0,69570,69840,70890
1647,69540.0,69570,69630,70140
1648,69540.0,69570,69900,70680
1649,69540.0,69570,69930,70650
1650,69600.0,69630,70110,70770
1651,69600.0,69630,69960,70770
1652,69600.0,69630,69660,70140
1653,69660.0,69690,69810,70230
1654,69720.0,69750,69780,70560
1655,69900.0,69930,70050,70560
1656,69900.0,69930,70050,70980
1657,69960.0,69990,69990,70200
1658,69960.0,69990,70050,70320
1659,70020.0,70050,70050,70830
1660,70020.0,70050,70080,71010
1661,70200.0,70230,70290,70470
1662,70200.0,70230,70680,71520
1663,70200.0,70230,70290,71100
1664,70200.0,70230,70350,70650
1665,70200.0,70230,70320,70770
1666,70200.0,70230,70320,71310
1667,70200.0,70230,70290,70470
1668,70260.0,70290,70320,70620
1669,70260.0,70290,70380,71310
1670,70260.0,70290,70380,70950
1671,70260.0,70290,70320,71550
1672,70260.0,70290,70350,70680
1673,70320.0,70350,70410,70770
1674,70380.0,70410,70470,71670
1675,70380.0,70410,70560,71550
1676,70380.0,70410,70470,70710
1677,70440.0,70470,70530,71610
1678,70440.0,70470,70710,71850
1679,70440.0,70470,70620,71640
1680,70440.0,70470,70560,71760
1681,70500.0,70530,70590,71400
1682,70500.0,70530,70650,71550
1683,70500.0,70530,70590,71010
1684,70800.0,70830,71100,72060
1685,70860.0,70890,70950,71670
1686,70920.0,70950,71130,71880
1687,71100.0,71130,71430,72420
1688,71100.0,71130,71220,71520
1689,71100.0,71130,71370,72180
1690,71160.0,71190,71430,72240
1691,71160.0,71190,71430,71970
1692,71280.0,71310,71490,72030
1693,71340.0,71370,71430,72120
1694,71400.0,71430,71790,72570
1695,71400.0,71430,71490,72450
1696,71700.0,71730,71880,72330
1697,71820.0,71850,71940,72210
1698,72000.0,72030,72480,73290
1699,72000.0,72030,72240,72810
1700,72000.0,72030,72090,72300
1701,72000.0,72030,72120,73020
1702,72000.0,72030,72120,72750
1703,72000.0,72030,72120,72630
1704,72000.0,72030,72300,72540
1705,72060.0,72090,72210,72720
1706,72060.0,72090,72120,72390
1707,72060.0,72090,72720,73020
1708,72120.0,72150,72180,72540
1709,72120.0,72150,72330,72960
1710,72120.0,72150,72180,72420
1711,72120.0,72150,72690,73470
1712,72120.0,72150,72330,72780
1713,72180.0,72210,72240,72480
1714,72240.0,72270,72420,72630
1715,72240.0,72270,72570,73110
1716,72240.0,72270,72660,73110
1717,72240.0,72270,72420,73800
1718,72240.0,72270,72600,73890
1719,72300.0,72330,72450,73140
1720,72300.0,72330,72450,72660
1721,72300.0,72330,72690,73650
1722,72300.0,72330,72390,73830
1723,72300.0,72330,72570,72930
1724,72420.0,72450,72510,73020
1725,72600.0,72630,72780,73500
1726,72660.0,72690,72900,73740
1727,72900.0,72930,73050,73830
1728,72900.0,72930,73140,74100
1729,72900.0,72930,73050,73740
1730,72900.0,72930,73050,73410
1731,72960.0,72990,73050,73590
1732,72960.0,72990,73290,73890
1733,72960.0,72990,73200,73950
1734,73020.0,73050,73140,73470
1735,73080.0,73110,73200,73710
1736,73080.0,73110,73470,74460
1737,73080.0,73110,73260,73680
1738,73080.0,73110,73260,73920
1739,73140.0,73170,73500,74040
1740,73200.0,73230,73260,73560
1741,73200.0,73230,73470,74160
1742,73200.0,73230,73500,73710
1743,73680.0,73710,73860,74220
1744,73800.0,73830,73980,74700
1745,73800.0,73830,74130,74730
1746,73800.0,73830,74130,74970
1747,73800.0,73830,73860,74640
1748,73860.0,73890,73950,74640
1749,73920.0,73950,74130,75300
1750,73920.0,73950,74250,74700
1751,73920.0,73950,74010,74190
1752,73920.0,73950,74250,74970
1753,73920.0,73950,74460,74730
1754,73980.0,74010,74220,74700
1755,73980.0,74010,74130,74370
1756,73980.0,74010,74340,74970
1757,73980.0,74010,74070,75090
1758,73980.0,74010,74370,74880
1759,74040.0,74070,74130,74610
1760,74100.0,74130,74520,74790
1761,74100.0,74130,74220,74550
1762,74280.0,74310,74610,74880
1763,74400.0,74430,74610,75360
1764,74460.0,74490,74640,75660
1765,74520.0,74550,74580,75600
1766,74520.0,74550,74700,75810
1767,74580.0,74610,74640,75360
1768,74580.0,74610,74670,75750
1769,74640.0,74670,74910,75600
1770,74640.0,74670,74700,75570
1771,74640.0,74670,75060,75750
1772,74640.0,74670,74790,75750
1773,74700.0,74730,75120,75780
1774,74700.0,74730,75000,75990
1775,74760.0,74790,75000,75540
1776,74820.0,74850,75030,75570
1777,74820.0,74850,75180,75840
1778,74820.0,74850,74910,75270
1779,74940.0,74970,74970,75300
1780,74940.0,74970,75150,75780
1781,75600.0,75630,75690,76260
1782,75600.0,75630,75750,76260
1783,75600.0,75630,75660,76200
1784,75600.0,75630,75630,76650
1785,75600.0,75630,75630,75870
1786,75600.0,75630,75630,75900
1787,75660.0,75690,75750,75960
1788,75660.0,75690,75750,76260
1789,75660.0,75690,75810,76170
1790,75660.0,75690,75690,75960
1791,75660.0,75690,75690,76020
1792,75660.0,75690,75870,76380
1793,75660.0,75690,75780,76350
1794,75720.0,75750,76080,76920
1795,75720.0,75750,75780,76380
1796,75720.0,75750,75840,76380
1797,75720.0,75750,75780,76320
1798,75720.0,75750,75960,76770
1799,75720.0,75750,75990,76560
1800,75720.0,75750,75810,76080
1801,75720.0,75750,75780,76290
1802,75720.0,75750,75780,76050
1803,75780.0,75810,75930,76170
1804,75780.0,75810,75810,76410
1805,75780.0,75810,75900,76770
1806,75840.0,75870,75930,77010
1807,75840.0,75870,76170,76980
1808,75840.0,75870,76170,77130
1809,75840.0,75870,75930,76530
1810,75840.0,75870,75900,76740
1811,75840.0,75870,75930,76890
1812,75840.0,75870,76080,76890
1813,75840.0,75870,75990,76830
1814,75840.0,75870,75900,76470
1815,75840.0,75870,75960,76440
1816,75840.0,75870,75930,76230
1817,75840.0,75870,76050,76740
1818,75840.0,75870,76290,77220
1819,75900.0,75930,75930,77010
1820,75900.0,75930,75990,76800
1821,75900.0,75930,75960,76650
1822,75900.0,75930,75990,76620
1823,75900.0,75930,76080,76440
1824,75900.0,75930,76020,76800
1825,75900.0,75930,76170,76440
1826,75900.0,75930,76170,76800
1827,75900.0,75930,75960,76560
1828,75900.0,75930,76200,76860
1829,76020.0,76050,76140,76560
1830,76080.0,76110,76320,77160
1831,76140.0,76170,76290,76920
1832,76140.0,76170,76290,76980
1833,76440.0,76470,76770,77250
1834,76500.0,76530,76800,77400
1835,76500.0,76530,76890,77820
1836,76620.0,76650,76860,77760
1837,76740.0,76770,77160,78030
1838,76740.0,76770,76860,77880
1839,76800.0,76830,77010,77730
1840,76800.0,76830,76950,77940
1841,76800.0,76830,77010,77340
1842,76860.0,76890,76980,77250
1843,76860.0,76890,76980,77190
1844,76920.0,76950,77160,78000
1845,76920.0,76950,77070,77520
1846,76920.0,76950,77220,78270
1847,76980.0,77010,77130,77670
1848,76980.0,77010,77310,78060
1849,76980.0,77010,77100,77970
1850,77040.0,77070,77130,77850
1851,77100.0,77130,77310,77760
1852,77400.0,77430,77640,78030
1853,77400.0,77430,77430,78060
1854,77460.0,77490,77580,78180
1855,77460.0,77490,77910,78780
1856,77460.0,77490,77550,77910
1857,77460.0,77490,77850,78210
1858,77460.0,77490,77820,78390
1859,77520.0,77550,77910,78810
1860,77520.0,77550,77550,78270
1861,77520.0,77550,77580,78690
1862,77520.0,77550,77610,77910
1863,77580.0,77610,77700,78150
1864,77580.0,77610,77760,78840
1865,77580.0,77610,77760,78360
1866,77640.0,77670,77940,78810
1867,77640.0,77670,78030,78450
1868,77640.0,77670,77670,78000
1869,77700.0,77730,77790,78660
1870,77700.0,77730,78000,78240
1871,77700.0,77730,77910,78150
1872,77700.0,77730,77820,78060
1873,78300.0,78330,78630,79170
1874,78300.0,78330,78480,78750
1875,78300.0,78330,78570,78900
1876,78300.0,78330,78540,78840
1877,78300.0,78330,78600,79020
1878,78300.0,78330,78540,78960
1879,78300.0,78330,78450,78900
1880,78300.0,78330,78450,78720
1881,78360.0,78390,78600,78840
1882,78360.0,78390,78660,79050
1883,78360.0,78390,78600,79170
1884,78360.0,78390,78660,79050
1885,78360.0,78390,78690,79230
1886,78360.0,78390,78690,79020
1887,78360.0,78390,78750,79140
1888,78360.0,78390,78780,79200
1889,78420.0,78450,78750,79140
1890,78420.0,78450,78630,79380
1891,78420.0,78450,78780,79080
1892,78420.0,78450,78720,78960
1893,78420.0,78450,78840,79200
1894,78480.0,78510,78750,79350
1895,78480.0,78510,78900,79080
1896,78480.0,78510,78870,79140
1897,78480.0,78510,78630,79020
1898,78480.0,78510,78900,79320
1899,78480.0,78510,78660,78990
1900,78480.0,78510,78600,79020
1901,78480.0,78510,78960,79320
1902,78480.0,78510,78930,79200
1903,78540.0,78570,78780,79320
1904,78540.0,78570,79050,79320
1905,78540.0,78570,78570,78930
1906,78540.0,78570,78990,79290
1907,78540.0,78570,78990,79320
1908,78540.0,78570,79020,79440
1909,78540.0,78570,79110,79410
1910,78600.0,78630,79050,79530
1911,78600.0,78630,79050,79380
1912,78600.0,78630,78720,79140
1913,78600.0,78630,79230,79620
1914,78600.0,78630,78660,79110
1915,78600.0,78630,79050,79440
1916,78600.0,78630,78990,79290
1917,78600.0,78630,78960,79410
1918,78600.0,78630,78690,78990
1919,79200.0,79230,79350,79890
1920,79200.0,79230,79410,79920
1921,79200.0,79230,79770,80400
1922,79200.0,79230,79440,80250
1923,79200.0,79230,79320,80130
1924,79200.0,79230,79320,79530
1925,79200.0,79230,79350,80130
1926,79200.0,79230,79260,79890
1927,79200.0,79230,79350,79560
1928,79200.0,79230,79500,80340
1929,79200.0,79230,79380,79650
1930,79200.0,79230,79410,80190
1931,79200.0,79230,79440,80400
1932,79260.0,79290,79320,79620
1933,79260.0,79290,79410,79770
1934,79260.0,79290,79410,80310
1935,79260.0,79290,79440,80130
1936,79260.0,79290,79410,79620
1937,79260.0,79290,79560,80400
1938,79260.0,79290,79320,80220
1939,79260.0,79290,79470,79680
1940,79260.0,79290,79380,80250
1941,79260.0,79290,79350,80190
1942,79260.0,79290,79950,80640
1943,79260.0,79290,79380,80280
1944,79260.0,79290,79470,79710
1945,79260.0,79290,79410,79830
1946,79320.0,79350,79440,80280
1947,79320.0,79350,79470,80340
1948,79320.0,79350,79410,79800
1949,79320.0,79350,79350,80340
1950,79320.0,79350,79470,79740
1951,79320.0,79350,79710,80280
1952,79380.0,79410,79860,80430
1953,79380.0,79410,79680,80580
1954,79380.0,79410,79590,80430
1955,79380.0,79410,79620,80550
1956,79380.0,79410,79440,79770
1957,79380.0,79410,79800,80370
1958,79380.0,79410,79650,80130
1959,79380.0,79410,79410,80280
1960,79380.0,79410,79590,80040
1961,79380.0,79410,79920,80760
1962,79380.0,79410,79500,80100
1963,79380.0,79410,79770,80250
1964,79380.0,79410,79500,80310
1965,79380.0,79410,79500,80190
1966,79380.0,79410,79650,80400
1967,79440.0,79470,80010,80460
1968,79440.0,79470,79710,80100
1969,79440.0,79470,79710,80220
1970,79440.0,79470,79590,79920
1971,79440.0,79470,79890,80280
1972,79440.0,79470,79740,80250
1973,79440.0,79470,79500,80520
1974,79440.0,79470,79560,80520
1975,79440.0,79470,79800,80220
1976,79440.0,79470,79710,80220
1977,79440.0,79470,79950,80880
1978,79500.0,79530,79620,79830
1979,79500.0,79530,79710,80550
1980,79500.0,79530,79620,79950
1981,79500.0,79530,79590,80430
1982,79500.0,79530,79920,80520
1983,79500.0,79530,79890,80550
1984,79500.0,79530,79770,80400
1985,79500.0,79530,79530,80310
1986,79500.0,79530,79800,80640
1987,79500.0,79530,79680,80460
1988,79500.0,79530,79710,80370
1989,79500.0,79530,79800,80670
1990,79680.0,79710,79920,80190
1991,79800.0,79830,79980,80280
1992,79860.0,79890,80010,80670
1993,79860.0,79890,80010,80610
1994,79920.0,79950,80010,80460
1995,79920.0,79950,80100,80850
1996,79980.0,80010,80070,80460
1997,80100.0,80130,80280,81150
1998,80100.0,80130,80370,81180
1999,80100.0,80130,80340,80760
2000,80100.0,80130,80370,80970
2001,80100.0,80130,80370,80880
2002,80100.0,80130,80340,81000
2003,80100.0,80130,80430,80910
2004,80100.0,80130,80460,81180
2005,80100.0,80130,80430,81000
2006,80100.0,80130,80490,80760
2007,80100.0,80130,80340,80940
2008,80100.0,80130,80670,81450
2009,80100.0,80130,80460,80700
2010,80160.0,80190,80460,81120
2011,80220.0,80250,80490,81090
2012,80220.0,80250,80550,81330
2013,80220.0,80250,80460,81180
2014,80280.0,80310,80610,81030
2015,80280.0,80310,80430,81000
2016,80280.0,80310,80550,81180
2017,80340.0,80370,80520,81150
2018,80340.0,80370,80670,81390
2019,80340.0,80370,80610,81210
2020,80340.0,80370,80880,81180
2021,80340.0,80370,80670,81300
2022,80340.0,80370,80700,81120
2023,80340.0,80370,80490,81420
2024,80820.0,80850,80910,81420
2025,80820.0,80850,80880,81510
2026,80820.0,80850,81090,81870
2027,80820.0,80850,81090,81780
2028,80880.0,80910,81150,82020
2029,80880.0,80910,81210,82110
2030,80940.0,80970,81180,82020
2031,80940.0,80970,81330,82260
2032,80940.0,80970,81240,81840
2033,81000.0,81030,81270,82050
2034,81000.0,81030,81270,82440
2035,81000.0,81030,81330,82230
2036,81000.0,81030,81360,81780
2037,81000.0,81030,81270,81540
2038,81060.0,81090,81360,82170
2039,81060.0,81090,81330,82140
2040,81060.0,81090,81480,82440
2041,81060.0,81090,81660,82020
2042,81060.0,81090,81480,82260
2043,81060.0,81090,81510,82110
2044,81060.0,81090,81690,82140
2045,81060.0,81090,81510,82050
2046,81120.0,81150,81390,81600
2047,81120.0,81150,81210,81990
2048,81120.0,81150,81510,82110
2049,81120.0,81150,81570,82440
2050,81120.0,81150,81150,82080
2051,81180.0,81210,81540,82500
2052,81180.0,81210,81360,81660
2053,81180.0,81210,81750,82230
2054,81180.0,81210,81720,82320
2055,81180.0,81210,81750,82650
2056,81180.0,81210,81330,81900
2057,81180.0,81210,81900,82110
2058,81180.0,81210,81960,82350
2059,81240.0,81270,81990,82560
2060,81240.0,81270,81900,82710
2061,81240.0,81270,81810,82710
2062,81240.0,81270,81720,82080
2063,81240.0,81270,81810,82620
2064,81240.0,81270,81780,82650
2065,81240.0,81270,81660,82380
2066,81240.0,81270,81990,82770
2067,81240.0,81270,81750,82950
2068,81240.0,81270,81780,82710
2069,81300.0,81330,81990,82950
2070,81300.0,81330,81780,82860
2071,81300.0,81330,81840,82170
2072,81300.0,81330,81840,82380
2073,81300.0,81330,81510,82320
2074,81300.0,81330,81900,83010
2075,81300.0,81330,82050,82380
2076,81300.0,81330,82050,82380
2077,81300.0,81330,81480,81720
2078,81300.0,81330,82080,82860
2079,81300.0,81330,82050,83010
2080,81420.0,81450,81780,82260
2081,81600.0,81630,81990,82320
2082,81900.0,81930,82080,82590
2083,81960.0,81990,82200,83010
2084,81960.0,81990,82140,82830
2085,81960.0,81990,82380,82800
2086,82020.0,82050,82200,82410
2087,82080.0,82110,82260,82710
2088,82140.0,82170,82470,82860
2089,82200.0,82230,82410,82830
2090,82200.0,82230,82680,83340
2091,82200.0,82230,82500,82920
2092,82200.0,82230,82410,82740
2093,82440.0,82470,82560,83520
2094,82440.0,82470,82620,83220
2095,82500.0,82530,82680,83580
2096,82500.0,82530,82800,83520
2097,82800.0,82830,82920,83250
2098,82800.0,82830,82950,83610
2099,82800.0,82830,83010,83850
2100,82800.0,82830,82860,83490
2101,82800.0,82830,82920,83940
2102,82800.0,82830,82980,83220
2103,82860.0,82890,83100,84450
2104,82860.0,82890,83040,83640
2105,82860.0,82890,83130,83880
2106,82860.0,82890,83100,83370
2107,82920.0,82950,83100,84180
2108,82920.0,82950,83130,83550
2109,82920.0,82950,82980,83280
2110,82920.0,82950,83340,84120
2111,82980.0,83010,83280,83910
2112,82980.0,83010,83580,84360
2113,82980.0,83010,83460,83760
2114,82980.0,83010,83610,84960
2115,82980.0,83010,83490,84210
2116,82980.0,83010,83400,83850
2117,82980.0,83010,83490,84600
2118,83040.0,83070,83700,84450
2119,83040.0,83070,83220,83640
2120,83040.0,83070,83610,84450
2121,83040.0,83070,83730,84030
2122,83100.0,83130,83460,83940
2123,83100.0,83130,83790,84150
2124,83100.0,83130,83700,84210
2125,83400.0,83430,83580,84060
2126,83400.0,83430,83520,83940
2127,83400.0,83430,83520,83820
2128,83460.0,83490,83520,84120
2129,83700.0,83730,83820,84360
2130,83760.0,83790,84030,84570
2131,83760.0,83790,84120,84720
2132,83760.0,83790,84030,84690
2133,83760.0,83790,84090,84690
2134,83820.0,83850,84210,85020
2135,83880.0,83910,84120,85020
2136,83940.0,83970,84330,85140
2137,83940.0,83970,84240,84840
2138,84000.0,84030,84390,84660
2139,84000.0,84030,84450,85020
2140,84000.0,84030,84570,85500
2141,84060.0,84090,84480,85140
2142,84180.0,84210,84300,84720
2143,84180.0,84210,84330,84750
2144,84240.0,84270,84420,84810
2145,84240.0,84270,84630,85290
2146,84360.0,84390,84480,84960
2147,84420.0,84450,84570,84960
2148,84480.0,84510,84780,84990
2149,84600.0,84630,85080,85560
2150,84600.0,84630,85350,85680
2151,84600.0,84630,84960,85710
2152,84660.0,84690,85170,85620
2153,84720.0,84750,85080,85590
2154,84720.0,84750,85020,85350
2155,84780.0,84810,85380,85890
2156,84780.0,84810,85050,85500
2157,84780.0,84810,85260,85860
2158,84780.0,84810,85140,85500
2159,84780.0,84810,85170,85920
2160,84780.0,84810,85350,86580
2161,84840.0,84870,84930,85560
2162,84840.0,84870,85170,85620
2163,84840.0,84870,85470,85890
2164,84840.0,84870,85260,85650
2165,84900.0,84930,85680,86190
2166,84900.0,84930,85800,86160
2167,84960.0,84990,85140,85590
2168,85500.0,85530,85740,86310
2169,85500.0,85530,85710,86190
2170,85500.0,85530,85590,86400
2171,85560.0,85590,85740,86130
2172,85560.0,85590,85800,86310
2173,85560.0,85590,85770,86280
2174,85560.0,85590,86070,86550
2175,85560.0,85590,85860,86250
2176,85560.0,85590,85740,86310
2177,85560.0,85590,85800,86670
2178,85560.0,85590,86010,86670
2179,85620.0,85650,85890,86520
2180,85620.0,85650,85830,86070
2181,85620.0,85650,86160,87300
2182,85620.0,85650,86040,86520
2183,85740.0,85770,85800,86310
2184,85740.0,85770,86190,87510
2185,85740.0,85770,85860,86370
2186,86100.0,86130,86310,87270
2187,86100.0,86130,86340,87210
2188,86160.0,86190,86610,87360
2189,86220.0,86250,86460,87210
2190,86220.0,86250,86550,87510
2191,86220.0,86250,86520,87270
2192,86280.0,86310,86520,86970
2193,86340.0,86370,86490,87030
2194,86400.0,86430,86490,87420
2195,86400.0,86430,86760,87840
2196,86400.0,86430,86760,87240
2197,86400.0,86430,86850,87780
2198,86400.0,86430,86640,87330
2199,86400.0,86430,86610,87660
2200,86460.0,86490,86550,87330
2201,86460.0,86490,86820,87480
2202,86460.0,86490,86700,87360
2203,86460.0,86490,87090,87720
2204,86460.0,86490,86790,87450
2205,86520.0,86550,87090,88110
2206,86520.0,86550,87150,87750
2207,86520.0,86550,87060,88230
2208,86520.0,86550,86730,86940
2209,86520.0,86550,86970,87990
2210,86520.0,86550,87120,87900
2211,86520.0,86550,87090,88140
2212,86520.0,86550,87120,87870
2213,86580.0,86610,87030,88140
2214,86580.0,86610,86940,87840
2215,86580.0,86610,87150,88260
2216,86580.0,86610,87150,88020
2217,86580.0,86610,87300,88200
2218,86640.0,86670,87000,88110
2219,86640.0,86670,87180,88440
2220,86640.0,86670,87240,87450
2221,86640.0,86670,87240,88050
2222,86640.0,86670,87270,87900
2223,86640.0,86670,87210,87420
2224,86640.0,86670,87480,88350
2225,86640.0,86670,87270,88320
2226,86640.0,86670,87480,88530
2227,86640.0,86670,87510,87870
2228,86700.0,86730,87180,87600
2229,86700.0,86730,87360,88290
2230,86700.0,86730,86760,87540
2231,86700.0,86730,87270,88200
2232,86760.0,86790,87060,87780
2233,86760.0,86790,86880,87750
2234,86940.0,86970,87090,87750
2235,86940.0,86970,87570,88290
2236,86940.0,86970,87150,87810
2237,87000.0,87030,87090,88020
2238,87000.0,87030,87150,87840
2239,87060.0,87090,87180,87930
2240,87300.0,87330,87540,88110
2241,87360.0,87390,87720,88230
2242,87540.0,87570,87750,88320
2243,87600.0,87630,87900,88560
2244,87600.0,87630,88110,88650
2245,87780.0,87810,88320,89160
2246,87780.0,87810,88110,88830
2247,88200.0,88230,88470,88740
2248,88320.0,88350,88710,89700
2249,88380.0,88410,88620,89700
2250,88380.0,88410,88560,88740
2251,89100.0,89130,89580,90450
2252,89100.0,89130,89580,90690
2253,89160.0,89190,89550,90720
2254,89280.0,89310,89490,89970
2255,89340.0,89370,89850,90900
2256,89340.0,89370,89910,90630
2257,89400.0,89430,89730,90210
2258,89520.0,89550,90150,90390
2259,90000.0,90030,90390,91170
2260,90000.0,90030,90240,90690
2261,90000.0,90030,90450,91320
2262,90000.0,90030,90390,90630
2263,90060.0,90090,90510,91380
2264,90120.0,90150,90870,91770
2265,90120.0,90150,90450,91440
2266,90120.0,90150,90450,91020
2267,90180.0,90210,90750,91560
2268,90180.0,90210,90810,91290
2269,90240.0,90270,90630,91170
2270,90240.0,90270,90900,91590
2271,90240.0,90270,90780,91830
2272,90240.0,90270,90870,91650
2273,90240.0,90270,90750,91380
2274,90240.0,90270,90930,91380
2275,90240.0,90270,90300,90750
2276,90240.0,90270,90990,91740
2277,90240.0,90270,90870,91650
2278,90240.0,90270,90960,91320
2279,90300.0,90330,91080,91710
2280,90300.0,90330,90750,91290
2281,90300.0,90330,90900,91650
2282,90300.0,90330,90870,91230
2283,90300.0,90330,91140,91830
2284,90360.0,90390,91170,91710
2285,90660.0,90690,90750,91380
2286,90660.0,90690,91410,91650
2287,90780.0,90810,91260,91860
2288,90780.0,90810,91260,91860
2289,90840.0,90870,91380,91950
2290,90840.0,90870,91380,91740
2291,91200.0,91230,91440,91980
2292,91260.0,91290,91530,92130
2293,91320.0,91350,91710,92160
2294,91380.0,91410,91740,92130
2295,91800.0,91830,92040,92460
2296,91800.0,91830,92400,93450
2297,91860.0,91890,92220,92970
2298,91920.0,91950,92310,92790
2299,91920.0,91950,92520,93540
2300,91920.0,91950,92460,93600
2301,91920.0,91950,92460,92640
2302,91920.0,91950,92520,93300
2303,91980.0,92010,92760,93630
2304,91980.0,92010,92700,93570
2305,92040.0,92070,92550,93390
2306,92040.0,92070,92670,93420
2307,92040.0,92070,92790,93630
2308,92040.0,92070,92550,92910
2309,92040.0,92070,92550,93630
2310,92760.0,92790,93030,93480
2311,92760.0,92790,93030,93390
2312,93600.0,93630,93870,94410
2313,93600.0,93630,93870,94290
2314,93600.0,93630,93780,94830
2315,93600.0,93630,93960,94200
2316,93600.0,93630,93690,94020
2317,93600.0,93630,93960,94800
2318,93600.0,93630,94200,94920
2319,93660.0,93690,94200,94410
2320,93660.0,93690,94200,94470
2321,93660.0,93690,94230,95250
2322,93660.0,93690,94230,94560
2323,93660.0,93690,94050,94350
2324,93720.0,93750,94320,94890
2325,93720.0,93750,94440,94800
2326,93720.0,93750,94620,95070
2327,93720.0,93750,94500,95280
2328,93720.0,93750,94080,94530
2329,93720.0,93750,94530,95010
2330,93780.0,93810,94560,94950
2331,93780.0,93810,94620,95190
2332,93780.0,93810,94650,95340
2333,93840.0,93870,94650,94950
2334,93840.0,93870,94620,94890
2335,93840.0,93870,94740,95490
2336,93840.0,93870,94560,94890
2337,93840.0,93870,94320,94710
2338,93840.0,93870,94620,95580
2339,93900.0,93930,94680,95730
2340,93900.0,93930,94890,95790
2341,93900.0,93930,94560,94860
2342,94020.0,94050,94710,95010
2343,94620.0,94650,94830,95400
2344,94800.0,94830,95040,95580
2345,94800.0,94830,95070,95820
2346,94800.0,94830,95130,95730
2347,94800.0,94830,95250,96300
2348,94800.0,94830,94950,95730
2349,94800.0,94830,95250,95730
2350,94860.0,94890,95160,95700
2351,94980.0,95010,95190,96090
2352,94980.0,95010,95220,96060
2353,94980.0,95010,95190,95880
2354,95040.0,95070,95520,95880
2355,95040.0,95070,95370,96330
2356,95100.0,95130,95550,96210
2357,95100.0,95130,95310,96180
2358,95100.0,95130,95490,95850
2359,95460.0,95490,95700,96840
2360,95460.0,95490,95760,96180
2361,95520.0,95550,95640,96870
2362,96000.0,96030,96150,96360
2363,96120.0,96150,96360,96690
2364,96180.0,96210,96450,96930
2365,96180.0,96210,96390,96720
2366,97320.0,97350,97530,98880
2367,97320.0,97350,97470,97830
2368,97440.0,97470,97590,98070
2369,99000.0,99030,99210,99780
2370,99900.0,99930,100050,100800
2371,99900.0,99930,100080,101160
2372,99960.0,99990,100140,101010
2373,100020.0,100050,100320,101460
2374,100020.0,100050,100560,101490
2375,100080.0,100110,100470,101340
2376,100200.0,100230,100770,101820
2377,100200.0,100230,100770,101850
2378,100800.0,100830,100950,101730
2379,100800.0,100830,101160,101850
2380,100920.0,100950,101010,101790
2381,100980.0,101010,101310,101880
2382,101040.0,101070,101370,101910
