30,0,0,0,0.0
60,0,0,0,0.0
90,0,0,0,0.0
120,0,0,0,0.0
150,0,0,0,0.0
180,0,0,0,0.0
210,0,0,0,0.0
240,0,0,0,0.0
270,0,0,0,0.0
300,0,0,0,0.0
330,0,0,0,0.0
360,0,0,0,0.0
390,0,0,0,0.0
420,0,0,0,0.0
450,0,0,0,0.0
480,0,0,0,0.0
510,0,0,0,0.0
540,0,0,0,0.0
570,0,0,0,0.0
600,0,0,0,0.0
630,0,0,0,0.0
660,0,0,0,0.0
690,0,0,0,0.0
720,0,0,0,0.0
750,0,0,0,0.0
780,0,0,0,0.0
810,0,0,0,0.0
840,0,0,0,0.0
870,0,0,0,0.0
900,0,0,0,0.0
930,0,0,0,0.0
960,0,0,0,0.0
990,0,0,0,0.0
1020,0,0,0,0.0
1050,0,0,0,0.0
1080,0,0,0,0.0
1110,0,0,0,0.0
1140,0,0,0,0.0
1170,0,0,0,0.0
1200,0,0,0,0.0
1230,0,0,0,0.0
1260,0,0,0,0.0
1290,0,0,0,0.0
1320,0,0,0,0.0
1350,0,0,0,0.0
1380,0,0,0,0.0
1410,0,0,0,0.0
1440,0,0,0,0.0
1470,0,0,0,0.0
1500,0,0,0,0.0
1530,0,0,0,0.0
1560,0,0,0,0.0
1590,0,0,0,0.0
1620,0,0,0,0.0
1650,0,0,0,0.0
1680,0,0,0,0.0
1710,0,0,0,0.0
1740,0,0,0,0.0
1770,0,0,0,0.0
1800,0,0,0,0.0
1830,0,0,0,0.0
1860,0,0,0,0.0
1890,0,0,0,0.0
1920,0,0,0,0.0
1950,0,0,0,0.0
1980,0,0,0,0.0
2010,0,0,0,0.0
2040,0,0,0,0.0
2070,0,0,0,0.0
2100,0,0,0,0.0
2130,0,0,0,0.0
2160,0,0,0,0.0
2190,0,0,0,0.0
2220,0,0,0,0.0
2250,0,0,0,0.0
2280,0,0,0,0.0
2310,0,0,0,0.0
2340,0,0,0,0.0
2370,0,0,0,0.0
2400,0,0,0,0.0
2430,0,0,0,0.0
2460,0,0,0,0.0
2490,0,0,0,0.0
2520,0,0,0,0.0
2550,0,0,0,0.0
2580,0,0,0,0.0
2610,0,0,0,0.0
2640,0,0,0,0.0
2670,0,0,0,0.0
2700,0,0,0,0.0
2730,0,0,0,0.0
2760,0,0,0,0.0
2790,0,0,0,0.0
2820,0,0,0,0.0
2850,0,0,0,0.0
2880,0,0,0,0.0
2910,0,0,0,0.0
2940,0,0,0,0.0
2970,0,0,0,0.0
3000,0,0,0,0.0
3030,0,0,0,0.0
3060,0,0,0,0.0
3090,0,0,0,0.0
3120,0,0,0,0.0
3150,0,0,0,0.0
3180,0,0,0,0.0
3210,0,0,0,0.0
3240,0,0,0,0.0
3270,0,0,0,0.0
3300,0,0,0,0.0
3330,0,0,0,0.0
3360,0,0,0,0.0
3390,0,0,0,0.0
3420,0,0,0,0.0
3450,0,0,0,0.0
3480,0,0,0,0.0
3510,0,0,0,0.0
3540,0,0,0,0.0
3570,0,0,0,0.0
3600,0,0,0,0.0
3630,0,0,0,0.0
3660,0,0,0,0.0
3690,0,0,0,0.0
3720,0,0,0,0.0
3750,0,0,0,0.0
3780,0,0,0,0.0
3810,0,0,0,0.0
3840,0,0,0,0.0
3870,0,0,0,0.0
3900,0,0,0,0.0
3930,0,0,0,0.0
3960,0,0,0,0.0
3990,0,0,0,0.0
4020,0,0,0,0.0
4050,0,0,0,0.0
4080,0,0,0,0.0
4110,0,0,0,0.0
4140,0,0,0,0.0
4170,0,0,0,0.0
4200,0,0,0,0.0
4230,0,0,0,0.0
4260,0,0,0,0.0
4290,0,0,0,0.0
4320,0,0,0,0.0
4350,0,0,0,0.0
4380,0,0,0,0.0
4410,0,0,0,0.0
4440,0,0,0,0.0
4470,0,0,0,0.0
4500,0,0,0,0.0
4530,0,0,0,0.0
4560,0,0,0,0.0
4590,0,0,0,0.0
4620,0,0,0,0.0
4650,0,0,0,0.0
4680,0,0,0,0.0
4710,0,0,0,0.0
4740,0,0,0,0.0
4770,0,0,0,0.0
4800,0,0,0,0.0
4830,0,0,0,0.0
4860,0,0,0,0.0
4890,0,0,0,0.0
4920,0,0,0,0.0
4950,0,0,0,0.0
4980,0,0,0,0.0
5010,0,0,0,0.0
5040,0,0,0,0.0
5070,0,0,0,0.0
5100,0,0,0,0.0
5130,0,0,0,0.0
5160,0,0,0,0.0
5190,0,0,0,0.0
5220,0,0,0,0.0
5250,0,0,0,0.0
5280,0,0,0,0.0
5310,0,0,0,0.0
5340,0,0,0,0.0
5370,0,0,0,0.0
5400,0,0,0,0.0
5430,0,0,0,0.0
5460,0,0,0,0.0
5490,0,0,0,0.0
5520,0,0,0,0.0
5550,0,0,0,0.0
5580,0,0,0,0.0
5610,0,0,0,0.0
5640,0,0,0,0.0
5670,0,0,0,0.0
5700,0,0,0,0.0
5730,0,0,0,0.0
5760,0,0,0,0.0
5790,0,0,0,0.0
5820,0,0,0,0.0
5850,0,0,0,0.0
5880,0,0,0,0.0
5910,0,0,0,0.0
5940,0,0,0,0.0
5970,0,0,0,0.0
6000,0,0,0,0.0
6030,0,0,0,0.0
6060,0,0,0,0.0
6090,0,0,0,0.0
6120,0,0,0,0.0
6150,0,0,0,0.0
6180,0,0,0,0.0
6210,0,0,0,0.0
6240,0,0,0,0.0
6270,0,0,0,0.0
6300,0,0,0,0.0
6330,0,0,0,0.0
6360,0,0,0,0.0
6390,0,0,0,0.0
6420,0,0,0,0.0
6450,0,0,0,0.0
6480,0,0,0,0.0
6510,0,0,0,0.0
6540,0,0,0,0.0
6570,0,0,0,0.0
6600,0,0,0,0.0
6630,0,0,0,0.0
6660,0,0,0,0.0
6690,0,0,0,0.0
6720,0,0,0,0.0
6750,0,0,0,0.0
6780,0,0,0,0.0
6810,0,0,0,0.0
6840,0,0,0,0.0
6870,0,0,0,0.0
6900,0,0,0,0.0
6930,0,0,0,0.0
6960,0,0,0,0.0
6990,0,0,0,0.0
7020,0,0,0,0.0
7050,0,0,0,0.0
7080,0,0,0,0.0
7110,0,0,0,0.0
7140,0,0,0,0.0
7170,0,0,0,0.0
7200,0,0,0,0.0
7230,0,0,0,0.0
7260,0,0,0,0.0
7290,0,0,0,0.0
7320,0,0,0,0.0
7350,0,0,0,0.0
7380,0,0,0,0.0
7410,0,0,0,0.0
7440,0,0,0,0.0
7470,0,0,0,0.0
7500,0,0,0,0.0
7530,0,0,0,0.0
7560,0,0,0,0.0
7590,0,0,0,0.0
7620,0,0,0,0.0
7650,0,0,0,0.0
7680,0,0,0,0.0
7710,0,0,0,0.0
7740,0,0,0,0.0
7770,0,0,0,0.0
7800,0,0,0,0.0
7830,0,0,0,0.0
7860,0,0,0,0.0
7890,0,0,0,0.0
7920,0,0,0,0.0
7950,0,0,0,0.0
7980,0,0,0,0.0
8010,0,0,0,0.0
8040,0,0,0,0.0
8070,0,0,0,0.0
8100,0,0,0,0.0
8130,0,0,0,0.0
8160,0,0,0,0.0
8190,0,0,0,0.0
8220,0,0,0,0.0
8250,0,0,0,0.0
8280,0,0,0,0.0
8310,0,0,0,0.0
8340,0,0,0,0.0
8370,0,0,0,0.0
8400,0,0,0,0.0
8430,0,0,0,0.0
8460,0,0,0,0.0
8490,0,0,0,0.0
8520,0,0,0,0.0
8550,0,0,0,0.0
8580,0,0,0,0.0
8610,0,0,0,0.0
8640,0,0,0,0.0
8670,0,0,0,0.0
8700,0,0,0,0.0
8730,0,0,0,0.0
8760,0,0,0,0.0
8790,0,0,0,0.0
8820,0,0,0,0.0
8850,0,0,0,0.0
8880,0,0,0,0.0
8910,0,0,0,0.0
8940,0,0,0,0.0
8970,0,0,0,0.0
9000,0,0,0,0.0
9030,0,0,0,0.0
9060,0,0,0,0.0
9090,0,0,0,0.0
9120,0,0,0,0.0
9150,0,0,0,0.0
9180,0,0,0,0.0
9210,0,0,0,0.0
9240,0,0,0,0.0
9270,0,0,0,0.0
9300,0,0,0,0.0
9330,0,0,0,0.0
9360,0,0,0,0.0
9390,0,0,0,0.0
9420,0,0,0,0.0
9450,0,0,0,0.0
9480,0,0,0,0.0
9510,0,0,0,0.0
9540,0,0,0,0.0
9570,0,0,0,0.0
9600,0,0,0,0.0
9630,0,0,0,0.0
9660,0,0,0,0.0
9690,0,0,0,0.0
9720,0,0,0,0.0
9750,0,0,0,0.0
9780,0,0,0,0.0
9810,0,0,0,0.0
9840,0,0,0,0.0
9870,0,0,0,0.0
9900,0,0,0,0.0
9930,0,0,0,0.0
9960,0,0,0,0.0
9990,0,0,0,0.0
10020,0,0,0,0.0
10050,0,0,0,0.0
10080,0,0,0,0.0
10110,0,0,0,0.0
10140,0,0,0,0.0
10170,0,0,0,0.0
10200,0,0,0,0.0
10230,0,0,0,0.0
10260,0,0,0,0.0
10290,0,0,0,0.0
10320,0,0,0,0.0
10350,0,0,0,0.0
10380,0,0,0,0.0
10410,0,0,0,0.0
10440,0,0,0,0.0
10470,0,0,0,0.0
10500,0,0,0,0.0
10530,0,0,0,0.0
10560,0,0,0,0.0
10590,0,0,0,0.0
10620,0,0,0,0.0
10650,0,0,0,0.0
10680,0,0,0,0.0
10710,0,0,0,0.0
10740,0,0,0,0.0
10770,0,0,0,0.0
10800,0,0,0,0.0
10830,0,0,0,0.0
10860,0,0,0,0.0
10890,0,0,0,0.0
10920,0,0,0,0.0
10950,0,0,0,0.0
10980,0,0,0,0.0
11010,0,0,0,0.0
11040,0,0,0,0.0
11070,0,0,0,0.0
11100,0,0,0,0.0
11130,0,0,0,0.0
11160,0,0,0,0.0
11190,0,0,0,0.0
11220,0,0,0,0.0
11250,0,0,0,0.0
11280,0,0,0,0.0
11310,0,0,0,0.0
11340,0,0,0,0.0
11370,0,0,0,0.0
11400,0,0,0,0.0
11430,0,0,0,0.0
11460,0,0,0,0.0
11490,0,0,0,0.0
11520,0,0,0,0.0
11550,0,0,0,0.0
11580,0,0,0,0.0
11610,0,0,0,0.0
11640,0,0,0,0.0
11670,0,0,0,0.0
11700,0,0,0,0.0
11730,0,0,0,0.0
11760,0,0,0,0.0
11790,0,0,0,0.0
11820,0,0,0,0.0
11850,0,0,0,0.0
11880,0,0,0,0.0
11910,0,0,0,0.0
11940,0,0,0,0.0
11970,0,0,0,0.0
12000,0,0,0,0.0
12030,0,0,0,0.0
12060,0,0,0,0.0
12090,0,0,0,0.0
12120,0,0,0,0.0
12150,0,0,0,0.0
12180,0,0,0,0.0
12210,0,0,0,0.0
12240,0,0,0,0.0
12270,0,0,0,0.0
12300,0,0,0,0.0
12330,0,0,0,0.0
12360,0,0,0,0.0
12390,0,0,0,0.0
12420,0,0,0,0.0
12450,0,0,0,0.0
12480,0,0,0,0.0
12510,0,0,0,0.0
12540,0,0,0,0.0
12570,0,0,0,0.0
12600,0,0,0,0.0
12630,0,0,0,0.0
12660,0,0,0,0.0
12690,0,0,0,0.0
12720,0,0,0,0.0
12750,0,0,0,0.0
12780,0,0,0,0.0
12810,0,0,0,0.0
12840,0,0,0,0.0
12870,0,0,0,0.0
12900,0,0,0,0.0
12930,0,0,0,0.0
12960,0,0,0,0.0
12990,0,0,0,0.0
13020,0,0,0,0.0
13050,0,0,0,0.0
13080,0,0,0,0.0
13110,0,0,0,0.0
13140,0,0,0,0.0
13170,0,0,0,0.0
13200,0,0,0,0.0
13230,0,0,0,0.0
13260,0,0,0,0.0
13290,0,0,0,0.0
13320,0,0,0,0.0
13350,0,0,0,0.0
13380,0,0,0,0.0
13410,0,0,0,0.0
13440,0,0,0,0.0
13470,0,0,0,0.0
13500,0,0,0,0.0
13530,0,0,0,0.0
13560,0,0,0,0.0
13590,0,0,0,0.0
13620,0,0,0,0.0
13650,0,0,0,0.0
13680,0,0,0,0.0
13710,0,0,0,0.0
13740,0,0,0,0.0
13770,0,0,0,0.0
13800,0,0,0,0.0
13830,0,0,0,0.0
13860,0,0,0,0.0
13890,0,0,0,0.0
13920,0,0,0,0.0
13950,0,0,0,0.0
13980,0,0,0,0.0
14010,0,0,0,0.0
14040,0,0,0,0.0
14070,0,0,0,0.0
14100,0,0,0,0.0
14130,0,0,0,0.0
14160,0,0,0,0.0
14190,0,0,0,0.0
14220,0,0,0,0.0
14250,0,0,0,0.0
14280,0,0,0,0.0
14310,0,0,0,0.0
14340,0,0,0,0.0
14370,0,0,0,0.0
14400,0,0,0,0.0
14430,0,0,0,0.0
14460,0,0,0,0.0
14490,30.0,30.0,30.0,30.0
14520,60.0,60.0,60.0,60.0
14550,90.0,90.0,90.0,90.0
14580,120.0,120.0,120.0,120.0
14610,30.0,30.0,150.0,90.0
14640,60.0,60.0,180.0,120.0
14670,30.0,30.0,30.0,30.0
14700,60.0,60.0,60.0,60.0
14730,90.0,90.0,90.0,90.0
14760,120.0,120.0,120.0,120.0
14790,150.0,150.0,150.0,150.0
14820,180.0,180.0,180.0,180.0
14850,210.0,210.0,210.0,210.0
14880,240.0,240.0,240.0,240.0
14910,270.0,270.0,270.0,270.0
14940,300.0,300.0,300.0,300.0
14970,0,0,0,0.0
15000,0,0,0,0.0
15030,0,0,0,0.0
15060,0,0,0,0.0
15090,0,0,0,0.0
15120,0,0,0,0.0
15150,0,0,0,0.0
15180,0,0,0,0.0
15210,0,0,0,0.0
15240,0,0,0,0.0
15270,0,0,0,0.0
15300,0,0,0,0.0
15330,0,0,0,0.0
15360,0,0,0,0.0
15390,0,0,0,0.0
15420,0,0,0,0.0
15450,0,0,0,0.0
15480,0,0,0,0.0
15510,0,0,0,0.0
15540,0,0,0,0.0
15570,0,0,0,0.0
15600,0,0,0,0.0
15630,0,0,0,0.0
15660,0,0,0,0.0
15690,0,0,0,0.0
15720,0,0,0,0.0
15750,0,0,0,0.0
15780,0,0,0,0.0
15810,0,0,0,0.0
15840,0,0,0,0.0
15870,0,0,0,0.0
15900,0,0,0,0.0
15930,0,0,0,0.0
15960,0,0,0,0.0
15990,0,0,0,0.0
16020,0,0,0,0.0
16050,0,0,0,0.0
16080,0,0,0,0.0
16110,0,0,0,0.0
16140,0,0,0,0.0
16170,0,0,0,0.0
16200,0,0,0,0.0
16230,0,0,0,0.0
16260,0,0,0,0.0
16290,0,0,0,0.0
16320,0,0,0,0.0
16350,0,0,0,0.0
16380,0,0,0,0.0
16410,0,0,0,0.0
16440,0,0,0,0.0
16470,0,0,0,0.0
16500,0,0,0,0.0
16530,30.0,30.0,30.0,30.0
16560,60.0,60.0,60.0,60.0
16590,90.0,90.0,90.0,90.0
16620,120.0,120.0,120.0,120.0
16650,0,0,0,0.0
16680,0,0,0,0.0
16710,0,0,0,0.0
16740,0,0,0,0.0
16770,0,0,0,0.0
16800,0,0,0,0.0
16830,0,0,0,0.0
16860,0,0,0,0.0
16890,0,0,0,0.0
16920,0,0,0,0.0
16950,0,0,0,0.0
16980,0,0,0,0.0
17010,30.0,30.0,30.0,30.0
17040,60.0,60.0,60.0,60.0
17070,30.0,30.0,90.0,60.0
17100,60.0,60.0,120.0,90.0
17130,90.0,90.0,150.0,120.0
17160,180.0,180.0,180.0,180.0
17190,210.0,210.0,210.0,210.0
17220,240.0,240.0,240.0,240.0
17250,270.0,270.0,270.0,270.0
17280,0,0,0,0.0
17310,0,0,0,0.0
17340,0,0,0,0.0
17370,0,0,0,0.0
17400,0,0,0,0.0
17430,0,0,0,0.0
17460,0,0,0,0.0
17490,0,0,0,0.0
17520,0,0,0,0.0
17550,0,0,0,0.0
17580,0,0,0,0.0
17610,0,0,0,0.0
17640,0,0,0,0.0
17670,0,0,0,0.0
17700,0,0,0,0.0
17730,0,0,0,0.0
17760,0,0,0,0.0
17790,0,0,0,0.0
17820,0,0,0,0.0
17850,0,0,0,0.0
17880,0,0,0,0.0
17910,0,0,0,0.0
17940,0,0,0,0.0
17970,0,0,0,0.0
18000,0,0,0,0.0
18030,0,0,0,0.0
18060,0,0,0,0.0
18090,0,0,0,0.0
18120,0,0,0,0.0
18150,0,0,0,0.0
18180,0,0,0,0.0
18210,30.0,30.0,30.0,30.0
18240,60.0,60.0,60.0,60.0
18270,90.0,90.0,90.0,90.0
18300,120.0,120.0,120.0,120.0
18330,30.0,30.0,150.0,90.0
18360,60.0,60.0,180.0,120.0
18390,90.0,90.0,90.0,90.0
18420,120.0,120.0,120.0,120.0
18450,150.0,150.0,150.0,150.0
18480,180.0,180.0,180.0,180.0
18510,210.0,210.0,210.0,210.0
18540,240.0,240.0,240.0,240.0
18570,0,0,0,0.0
18600,0,0,0,0.0
18630,0,0,0,0.0
18660,0,0,0,0.0
18690,0,0,0,0.0
18720,0,0,0,0.0
18750,0,0,0,0.0
18780,0,0,0,0.0
18810,0,0,0,0.0
18840,0,0,0,0.0
18870,0,0,0,0.0
18900,0,0,0,0.0
18930,30.0,30.0,30.0,30.0
18960,60.0,60.0,60.0,60.0
18990,30.0,30.0,90.0,60.0
19020,60.0,60.0,120.0,90.0
19050,30.0,90.0,150.0,90.0
19080,60.0,120.0,180.0,120.0
19110,30.0,90.0,210.0,120.0
19140,60.0,120.0,240.0,150.0
19170,30.0,90.0,210.0,110.0
19200,60.0,120.0,240.0,140.0
19230,30.0,90.0,150.0,90.0
19260,60.0,120.0,180.0,120.0
19290,90.0,150.0,210.0,150.0
19320,120.0,180.0,240.0,180.0
19350,150.0,210.0,270.0,210.0
19380,180.0,240.0,300.0,240.0
19410,210.0,210.0,270.0,240.0
19440,240.0,240.0,300.0,270.0
19470,270.0,270.0,330.0,300.0
19500,360.0,360.0,360.0,360.0
19530,390.0,390.0,390.0,390.0
19560,0,0,0,0.0
19590,0,0,0,0.0
19620,0,0,0,0.0
19650,0,0,0,0.0
19680,0,0,0,0.0
19710,0,0,0,0.0
19740,0,0,0,0.0
19770,0,0,0,0.0
19800,0,0,0,0.0
19830,30.0,30.0,30.0,30.0
19860,60.0,60.0,60.0,60.0
19890,30.0,90.0,90.0,66.0
19920,60.0,60.0,120.0,90.0
19950,30.0,90.0,150.0,90.0
19980,60.0,120.0,180.0,120.0
20010,30.0,90.0,210.0,130.0
20040,60.0,120.0,240.0,144.0
20070,90.0,150.0,270.0,180.0
20100,120.0,180.0,300.0,210.0
20130,210.0,210.0,270.0,240.0
20160,240.0,240.0,240.0,240.0
20190,270.0,270.0,270.0,270.0
20220,300.0,300.0,300.0,300.0
20250,0,0,0,0.0
20280,0,0,0,0.0
20310,0,0,0,0.0
20340,0,0,0,0.0
20370,0,0,0,0.0
20400,0,0,0,0.0
20430,30.0,30.0,30.0,30.0
20460,0,0,0,0.0
20490,30.0,30.0,30.0,30.0
20520,60.0,60.0,60.0,60.0
20550,90.0,90.0,90.0,90.0
20580,120.0,120.0,120.0,120.0
20610,150.0,150.0,150.0,150.0
20640,0,0,0,0.0
20670,30.0,30.0,30.0,30.0
20700,60.0,60.0,60.0,60.0
20730,90.0,90.0,90.0,90.0
20760,0,0,0,0.0
20790,30.0,30.0,30.0,30.0
20820,60.0,60.0,60.0,60.0
20850,30.0,30.0,30.0,30.0
20880,60.0,60.0,60.0,60.0
20910,90.0,90.0,90.0,90.0
20940,120.0,120.0,120.0,120.0
20970,150.0,150.0,150.0,150.0
21000,0,0,0,0.0
21030,0,0,0,0.0
21060,0,0,0,0.0
21090,0,0,0,0.0
21120,0,0,0,0.0
21150,0,0,0,0.0
21180,0,0,0,0.0
21210,0,0,0,0.0
21240,0,0,0,0.0
21270,0,0,0,0.0
21300,0,0,0,0.0
21330,0,0,0,0.0
21360,0,0,0,0.0
21390,0,0,0,0.0
21420,0,0,0,0.0
21450,0,0,0,0.0
21480,0,0,0,0.0
21510,0,0,0,0.0
21540,0,0,0,0.0
21570,0,0,0,0.0
21600,0,0,0,0.0
21630,30.0,30.0,30.0,30.0
21660,60.0,60.0,60.0,60.0
21690,30.0,30.0,90.0,45.0
21720,60.0,60.0,120.0,80.0
21750,30.0,30.0,150.0,70.0
21780,60.0,60.0,120.0,84.0
21810,30.0,90.0,150.0,80.0
21840,60.0,120.0,180.0,110.0
21870,30.0,30.0,210.0,84.0
21900,60.0,60.0,180.0,100.0
21930,30.0,90.0,210.0,105.0
21960,60.0,120.0,240.0,135.0
21990,90.0,150.0,270.0,155.45454545454547
22020,120.0,180.0,240.0,173.33333333333334
22050,150.0,210.0,270.0,195.0
22080,180.0,240.0,300.0,225.0
22110,30.0,210.0,270.0,200.0
22140,60.0,240.0,300.0,230.0
22170,90.0,270.0,330.0,246.0
22200,120.0,300.0,360.0,276.0
22230,30.0,150.0,390.0,202.5
22260,60.0,180.0,420.0,214.28571428571428
22290,90.0,210.0,450.0,244.28571428571428
22320,120.0,120.0,420.0,240.0
22350,150.0,150.0,450.0,234.0
22380,180.0,180.0,480.0,264.0
22410,210.0,210.0,510.0,285.0
22440,240.0,240.0,540.0,315.0
22470,30.0,270.0,270.0,210.0
22500,60.0,300.0,300.0,240.0
22530,30.0,330.0,330.0,222.0
22560,60.0,360.0,360.0,252.0
22590,30.0,150.0,390.0,240.0
22620,120.0,420.0,420.0,312.0
22650,30.0,210.0,450.0,290.0
22680,60.0,480.0,480.0,348.0
22710,30.0,270.0,510.0,278.57142857142856
22740,60.0,300.0,540.0,300.0
22770,90.0,330.0,570.0,330.0
22800,120.0,360.0,600.0,360.0
22830,30.0,150.0,630.0,230.0
22860,60.0,60.0,660.0,180.0
22890,90.0,90.0,690.0,210.0
22920,120.0,120.0,720.0,264.0
22950,30.0,150.0,750.0,250.0
22980,60.0,180.0,780.0,280.0
23010,30.0,210.0,810.0,270.0
23040,120.0,240.0,840.0,340.0
23070,30.0,270.0,390.0,201.42857142857142
23100,60.0,300.0,420.0,231.42857142857142
23130,90.0,330.0,450.0,261.42857142857144
23160,120.0,240.0,480.0,280.0
23190,150.0,150.0,390.0,240.0
23220,180.0,180.0,420.0,270.0
23250,210.0,210.0,330.0,250.0
23280,240.0,240.0,360.0,300.0
23310,270.0,270.0,390.0,330.0
23340,300.0,300.0,420.0,360.0
23370,330.0,330.0,450.0,390.0
23400,360.0,360.0,480.0,420.0
23430,0,0,0,0.0
23460,0,0,0,0.0
23490,0,0,0,0.0
23520,0,0,0,0.0
23550,30.0,30.0,30.0,30.0
23580,60.0,60.0,60.0,60.0
23610,30.0,30.0,90.0,60.0
23640,60.0,60.0,120.0,90.0
23670,30.0,30.0,90.0,60.0
23700,60.0,60.0,120.0,90.0
23730,30.0,30.0,150.0,75.0
23760,60.0,60.0,180.0,105.0
23790,90.0,90.0,210.0,135.0
23820,120.0,120.0,240.0,165.0
23850,150.0,150.0,270.0,190.0
23880,180.0,180.0,300.0,220.0
23910,210.0,210.0,330.0,270.0
23940,240.0,240.0,240.0,240.0
23970,270.0,270.0,270.0,270.0
24000,300.0,300.0,300.0,300.0
24030,30.0,30.0,330.0,180.0
24060,60.0,60.0,360.0,210.0
24090,90.0,90.0,390.0,240.0
24120,120.0,120.0,420.0,270.0
24150,150.0,150.0,450.0,300.0
24180,180.0,180.0,480.0,330.0
24210,30.0,30.0,30.0,30.0
24240,60.0,60.0,60.0,60.0
24270,30.0,30.0,90.0,60.0
24300,60.0,60.0,120.0,90.0
24330,90.0,90.0,150.0,120.0
24360,180.0,180.0,180.0,180.0
24390,210.0,210.0,210.0,210.0
24420,240.0,240.0,240.0,240.0
24450,270.0,270.0,270.0,270.0
24480,0,0,0,0.0
24510,0,0,0,0.0
24540,0,0,0,0.0
24570,0,0,0,0.0
24600,0,0,0,0.0
24630,30.0,30.0,30.0,30.0
24660,60.0,60.0,60.0,60.0
24690,90.0,90.0,90.0,90.0
24720,0,0,0,0.0
24750,0,0,0,0.0
24780,0,0,0,0.0
24810,0,0,0,0.0
24840,0,0,0,0.0
24870,0,0,0,0.0
24900,0,0,0,0.0
24930,0,0,0,0.0
24960,0,0,0,0.0
24990,0,0,0,0.0
25020,0,0,0,0.0
25050,0,0,0,0.0
25080,0,0,0,0.0
25110,0,0,0,0.0
25140,0,0,0,0.0
25170,0,0,0,0.0
25200,0,0,0,0.0
25230,0,0,0,0.0
25260,0,0,0,0.0
25290,30.0,30.0,30.0,30.0
25320,60.0,60.0,60.0,60.0
25350,30.0,90.0,90.0,64.28571428571429
25380,60.0,120.0,120.0,96.0
25410,30.0,30.0,150.0,75.0
25440,60.0,120.0,180.0,111.42857142857143
25470,30.0,90.0,210.0,90.0
25500,60.0,120.0,240.0,120.0
25530,30.0,90.0,270.0,106.36363636363636
25560,60.0,120.0,300.0,138.0
25590,30.0,90.0,330.0,156.0
25620,60.0,120.0,360.0,165.0
25650,90.0,150.0,390.0,195.0
25680,120.0,180.0,300.0,200.0
25710,30.0,210.0,330.0,180.0
25740,60.0,180.0,360.0,200.0
25770,90.0,270.0,330.0,230.0
25800,120.0,300.0,360.0,260.0
25830,30.0,30.0,390.0,160.0
25860,60.0,60.0,360.0,135.0
25890,90.0,90.0,390.0,165.0
25920,120.0,120.0,420.0,195.0
25950,150.0,150.0,150.0,150.0
25980,180.0,180.0,180.0,180.0
26010,0,0,0,0.0
26040,0,0,0,0.0
26070,0,0,0,0.0
26100,0,0,0,0.0
26130,30.0,30.0,30.0,30.0
26160,60.0,60.0,60.0,60.0
26190,30.0,90.0,90.0,70.0
26220,60.0,60.0,120.0,90.0
26250,30.0,30.0,150.0,90.0
26280,60.0,60.0,60.0,60.0
26310,0,0,0,0.0
26340,0,0,0,0.0
26370,0,0,0,0.0
26400,0,0,0,0.0
26430,30.0,30.0,30.0,30.0
26460,60.0,60.0,60.0,60.0
26490,90.0,90.0,90.0,90.0
26520,120.0,120.0,120.0,120.0
26550,150.0,150.0,150.0,150.0
26580,180.0,180.0,180.0,180.0
26610,30.0,30.0,210.0,90.0
26640,60.0,60.0,240.0,120.0
26670,90.0,90.0,270.0,180.0
26700,120.0,120.0,120.0,120.0
26730,30.0,30.0,150.0,90.0
26760,60.0,60.0,60.0,60.0
26790,90.0,90.0,90.0,90.0
26820,120.0,120.0,120.0,120.0
26850,150.0,150.0,150.0,150.0
26880,180.0,180.0,180.0,180.0
26910,210.0,210.0,210.0,210.0
26940,0,0,0,0.0
26970,0,0,0,0.0
27000,0,0,0,0.0
27030,30.0,30.0,30.0,30.0
27060,60.0,60.0,60.0,60.0
27090,30.0,90.0,90.0,78.0
27120,60.0,120.0,120.0,112.5
27150,30.0,150.0,150.0,94.61538461538461
27180,60.0,180.0,180.0,124.61538461538461
27210,30.0,90.0,210.0,115.71428571428571
27240,60.0,120.0,240.0,145.71428571428572
27270,30.0,150.0,270.0,142.0
27300,60.0,180.0,300.0,162.85714285714286
27330,30.0,150.0,330.0,146.47058823529412
27360,60.0,120.0,360.0,165.0
27390,90.0,150.0,390.0,194.0
27420,120.0,180.0,420.0,221.53846153846155
27450,150.0,210.0,450.0,250.0
27480,180.0,240.0,480.0,280.0
27510,210.0,270.0,390.0,270.0
27540,240.0,300.0,420.0,307.5
27570,270.0,330.0,450.0,338.57142857142856
27600,300.0,300.0,480.0,350.0
27630,330.0,330.0,390.0,350.0
27660,360.0,360.0,420.0,380.0
27690,390.0,390.0,450.0,410.0
27720,420.0,420.0,480.0,440.0
27750,450.0,450.0,510.0,480.0
27780,480.0,480.0,540.0,510.0
27810,510.0,510.0,570.0,540.0
27840,540.0,540.0,600.0,570.0
27870,570.0,570.0,630.0,600.0
27900,600.0,600.0,660.0,630.0
27930,30.0,630.0,690.0,450.0
27960,60.0,60.0,60.0,60.0
27990,30.0,30.0,90.0,60.0
28020,120.0,120.0,120.0,120.0
28050,0,0,0,0.0
28080,0,0,0,0.0
28110,30.0,30.0,30.0,30.0
28140,60.0,60.0,60.0,60.0
28170,30.0,90.0,90.0,70.0
28200,60.0,120.0,120.0,100.0
28230,30.0,30.0,150.0,60.0
28260,60.0,60.0,180.0,90.0
28290,30.0,90.0,210.0,107.14285714285714
28320,60.0,120.0,240.0,144.0
28350,30.0,150.0,270.0,150.0
28380,60.0,180.0,300.0,180.0
28410,90.0,210.0,330.0,210.0
28440,240.0,240.0,360.0,280.0
28470,30.0,270.0,390.0,240.0
28500,60.0,300.0,420.0,270.0
28530,30.0,90.0,450.0,184.28571428571428
28560,60.0,60.0,480.0,230.0
28590,30.0,30.0,90.0,60.0
28620,60.0,60.0,120.0,90.0
28650,90.0,90.0,150.0,120.0
28680,120.0,120.0,180.0,150.0
28710,30.0,150.0,210.0,150.0
28740,60.0,180.0,240.0,180.0
28770,90.0,210.0,270.0,195.0
28800,120.0,240.0,300.0,225.0
28830,30.0,30.0,330.0,100.9090909090909
28860,60.0,60.0,360.0,127.5
28890,30.0,30.0,390.0,94.28571428571429
28920,60.0,60.0,420.0,124.28571428571429
28950,30.0,90.0,390.0,97.05882352941177
28980,60.0,120.0,420.0,124.61538461538461
29010,30.0,90.0,450.0,113.33333333333333
29040,60.0,120.0,480.0,143.33333333333334
29070,30.0,90.0,270.0,122.3076923076923
29100,60.0,120.0,300.0,160.0
29130,30.0,90.0,270.0,114.0
29160,60.0,120.0,300.0,136.36363636363637
29190,90.0,150.0,330.0,151.8181818181818
29220,120.0,120.0,360.0,171.42857142857142
29250,90.0,150.0,390.0,194.44444444444446
29280,120.0,180.0,360.0,218.4
29310,150.0,210.0,330.0,226.36363636363637
29340,180.0,240.0,360.0,257.14285714285717
29370,150.0,270.0,390.0,267.14285714285717
29400,120.0,300.0,420.0,294.0
29430,30.0,330.0,450.0,281.42857142857144
29460,60.0,360.0,480.0,303.52941176470586
29490,90.0,390.0,510.0,308.8235294117647
29520,120.0,420.0,540.0,338.8235294117647
29550,30.0,450.0,570.0,315.88235294117646
29580,60.0,480.0,600.0,356.0
29610,90.0,510.0,630.0,370.0
29640,120.0,540.0,660.0,420.0
29670,90.0,570.0,630.0,399.2307692307692
29700,120.0,600.0,660.0,429.2307692307692
29730,30.0,210.0,690.0,305.29411764705884
29760,60.0,240.0,720.0,320.0
29790,30.0,90.0,750.0,285.0
29820,60.0,120.0,780.0,321.42857142857144
29850,90.0,150.0,810.0,330.0
29880,120.0,180.0,840.0,360.0
29910,30.0,210.0,810.0,307.5
29940,60.0,240.0,840.0,304.0
29970,30.0,270.0,870.0,318.0
30000,60.0,300.0,900.0,355.38461538461536
30030,30.0,90.0,930.0,171.1764705882353
30060,60.0,60.0,960.0,188.57142857142858
30090,30.0,90.0,990.0,153.1578947368421
30120,60.0,120.0,1020.0,183.1578947368421
30150,30.0,90.0,450.0,130.0
30180,60.0,120.0,480.0,160.0
30210,30.0,150.0,510.0,170.0
30240,60.0,180.0,540.0,200.0
30270,30.0,210.0,570.0,207.77777777777777
30300,60.0,240.0,600.0,237.77777777777777
30330,30.0,210.0,330.0,201.1764705882353
30360,60.0,240.0,360.0,231.1764705882353
30390,90.0,270.0,390.0,238.125
30420,120.0,300.0,420.0,270.96774193548384
30450,150.0,330.0,450.0,300.0
30480,180.0,360.0,480.0,333.1034482758621
30510,210.0,390.0,510.0,354.44444444444446
30540,240.0,420.0,540.0,384.44444444444446
30570,270.0,450.0,570.0,414.44444444444446
30600,300.0,480.0,600.0,444.44444444444446
30630,30.0,330.0,630.0,367.5
30660,60.0,360.0,660.0,390.96774193548384
30690,30.0,390.0,690.0,360.0
30720,60.0,420.0,720.0,392.0
30750,30.0,450.0,750.0,348.85714285714283
30780,60.0,480.0,780.0,371.25
30810,30.0,210.0,810.0,319.7560975609756
30840,60.0,180.0,840.0,339.42857142857144
30870,30.0,150.0,810.0,277.5
30900,60.0,180.0,840.0,308.93617021276594
30930,30.0,150.0,870.0,284.11764705882354
30960,60.0,180.0,900.0,313.75
30990,90.0,210.0,930.0,338.75
31020,120.0,240.0,960.0,370.21276595744683
31050,150.0,210.0,990.0,369.06976744186045
31080,180.0,240.0,1080.0,421.6666666666667
31110,210.0,270.0,1110.0,416.47058823529414
31140,240.0,300.0,1140.0,435.0
31170,270.0,330.0,1110.0,425.17241379310343
31200,300.0,360.0,1140.0,445.38461538461536
31230,330.0,390.0,1170.0,464.2857142857143
31260,360.0,420.0,1200.0,489.0
31290,210.0,450.0,1290.0,462.63157894736844
31320,420.0,480.0,1320.0,506.6666666666667
31350,90.0,510.0,570.0,454.0
31380,480.0,540.0,600.0,503.0769230769231
31410,90.0,570.0,630.0,497.14285714285717
31440,120.0,600.0,660.0,510.0
31470,150.0,630.0,690.0,537.2727272727273
31500,120.0,660.0,720.0,540.0
31530,30.0,30.0,750.0,238.23529411764707
31560,60.0,60.0,780.0,243.75
31590,30.0,90.0,750.0,225.0
31620,60.0,120.0,840.0,262.10526315789474
31650,30.0,150.0,810.0,210.0
31680,60.0,180.0,840.0,215.45454545454547
31710,30.0,150.0,390.0,192.5
31740,60.0,180.0,420.0,222.5
31770,30.0,210.0,450.0,226.15384615384616
31800,60.0,240.0,480.0,250.0
31830,30.0,210.0,510.0,238.8
31860,60.0,240.0,360.0,248.1818181818182
31890,90.0,270.0,390.0,272.85714285714283
31920,120.0,240.0,420.0,256.6666666666667
31950,150.0,270.0,450.0,286.6666666666667
31980,180.0,300.0,480.0,314.11764705882354
32010,210.0,330.0,510.0,337.5
32040,240.0,360.0,540.0,372.0
32070,270.0,390.0,570.0,402.0
32100,300.0,420.0,600.0,424.61538461538464
32130,330.0,450.0,630.0,445.0
32160,360.0,480.0,660.0,474.0
32190,390.0,510.0,690.0,517.5
32220,420.0,540.0,720.0,547.5
32250,30.0,510.0,750.0,502.5
32280,60.0,540.0,780.0,532.5
32310,90.0,570.0,810.0,550.0
32340,120.0,540.0,660.0,480.0
32370,150.0,570.0,690.0,510.0
32400,180.0,600.0,720.0,540.0
32430,30.0,210.0,750.0,338.57142857142856
32460,60.0,240.0,780.0,368.57142857142856
32490,30.0,30.0,810.0,214.28571428571428
32520,60.0,60.0,840.0,244.28571428571428
32550,30.0,90.0,870.0,246.0
32580,60.0,120.0,900.0,282.85714285714283
32610,30.0,150.0,930.0,167.64705882352942
32640,60.0,120.0,960.0,189.23076923076923
32670,30.0,90.0,210.0,98.0
32700,60.0,120.0,240.0,129.23076923076923
32730,30.0,30.0,210.0,84.54545454545455
32760,60.0,60.0,240.0,111.42857142857143
32790,30.0,90.0,210.0,110.0
32820,60.0,120.0,240.0,144.54545454545453
32850,90.0,150.0,270.0,172.85714285714286
32880,120.0,180.0,300.0,202.85714285714286
32910,30.0,210.0,330.0,207.3913043478261
32940,60.0,240.0,360.0,231.42857142857142
32970,210.0,270.0,450.0,279.4736842105263
33000,240.0,300.0,480.0,318.75
33030,30.0,330.0,510.0,296.6666666666667
33060,60.0,360.0,540.0,315.0
33090,90.0,390.0,570.0,338.57142857142856
33120,120.0,420.0,600.0,378.46153846153845
33150,150.0,450.0,630.0,420.0
33180,180.0,480.0,660.0,433.3333333333333
33210,210.0,510.0,690.0,458.57142857142856
33240,240.0,540.0,720.0,480.0
33270,270.0,570.0,750.0,555.0
33300,600.0,660.0,780.0,680.0
33330,30.0,30.0,810.0,390.0
33360,60.0,60.0,840.0,420.0
33390,30.0,90.0,750.0,198.0
33420,60.0,120.0,780.0,228.0
33450,30.0,90.0,810.0,192.85714285714286
33480,60.0,120.0,840.0,240.0
33510,30.0,90.0,870.0,210.0
33540,60.0,120.0,900.0,240.0
33570,30.0,90.0,930.0,190.0
33600,60.0,120.0,240.0,127.5
33630,30.0,90.0,210.0,96.66666666666667
33660,60.0,120.0,240.0,126.66666666666667
33690,30.0,90.0,270.0,144.0
33720,60.0,180.0,300.0,197.14285714285714
33750,30.0,210.0,330.0,183.33333333333334
33780,60.0,240.0,360.0,225.0
33810,30.0,90.0,390.0,150.0
33840,60.0,120.0,420.0,174.54545454545453
33870,30.0,90.0,450.0,177.69230769230768
33900,60.0,120.0,480.0,207.69230769230768
33930,30.0,150.0,390.0,158.57142857142858
33960,60.0,180.0,420.0,188.57142857142858
33990,90.0,210.0,450.0,214.6153846153846
34020,120.0,240.0,480.0,245.0
34050,150.0,270.0,510.0,275.0
34080,180.0,300.0,540.0,283.6363636363636
34110,210.0,330.0,570.0,313.6363636363636
34140,240.0,300.0,600.0,345.0
34170,270.0,330.0,450.0,338.57142857142856
34200,300.0,360.0,480.0,380.0
34230,30.0,390.0,510.0,342.0
34260,60.0,360.0,540.0,345.0
34290,30.0,390.0,570.0,306.0
34320,60.0,420.0,600.0,390.0
34350,30.0,450.0,630.0,342.0
34380,60.0,540.0,660.0,420.0
34410,90.0,90.0,570.0,330.0
34440,120.0,120.0,600.0,360.0
34470,30.0,30.0,630.0,210.0
34500,60.0,60.0,660.0,240.0
34530,30.0,90.0,690.0,222.0
34560,60.0,120.0,720.0,252.0
34590,150.0,150.0,750.0,350.0
34620,180.0,180.0,780.0,480.0
34650,210.0,210.0,210.0,210.0
34680,240.0,240.0,240.0,240.0
34710,270.0,270.0,270.0,270.0
34740,0,0,0,0.0
34770,0,0,0,0.0
34800,0,0,0,0.0
34830,0,0,0,0.0
34860,0,0,0,0.0
34890,30.0,30.0,30.0,30.0
34920,60.0,60.0,60.0,60.0
34950,30.0,90.0,90.0,75.0
34980,60.0,120.0,120.0,105.0
35010,30.0,90.0,150.0,90.0
35040,60.0,120.0,180.0,120.0
35070,30.0,90.0,210.0,130.0
35100,60.0,120.0,240.0,160.0
35130,30.0,150.0,270.0,136.66666666666666
35160,60.0,180.0,300.0,166.66666666666666
35190,90.0,150.0,330.0,195.0
35220,120.0,120.0,360.0,200.0
35250,150.0,150.0,330.0,210.0
35280,180.0,240.0,360.0,260.0
35310,30.0,30.0,390.0,165.0
35340,60.0,240.0,420.0,240.0
35370,30.0,90.0,450.0,210.0
35400,60.0,120.0,480.0,240.0
35430,90.0,150.0,510.0,250.0
35460,180.0,180.0,180.0,180.0
35490,210.0,210.0,210.0,210.0
35520,240.0,240.0,240.0,240.0
35550,270.0,270.0,270.0,270.0
35580,300.0,300.0,300.0,300.0
35610,330.0,330.0,330.0,330.0
35640,360.0,360.0,360.0,360.0
35670,390.0,390.0,390.0,390.0
35700,420.0,420.0,420.0,420.0
35730,30.0,30.0,450.0,240.0
35760,60.0,60.0,480.0,270.0
35790,510.0,510.0,510.0,510.0
35820,540.0,540.0,540.0,540.0
35850,0,0,0,0.0
35880,0,0,0,0.0
35910,0,0,0,0.0
35940,0,0,0,0.0
35970,0,0,0,0.0
36000,0,0,0,0.0
36030,30.0,30.0,30.0,30.0
36060,60.0,60.0,60.0,60.0
36090,30.0,30.0,90.0,51.1764705882353
36120,60.0,60.0,120.0,81.17647058823529
36150,30.0,90.0,150.0,82.8
36180,60.0,120.0,180.0,110.0
36210,30.0,90.0,210.0,106.55172413793103
36240,60.0,120.0,240.0,131.53846153846155
36270,30.0,150.0,270.0,147.93103448275863
36300,60.0,180.0,300.0,170.76923076923077
36330,30.0,150.0,330.0,170.68965517241378
36360,60.0,180.0,300.0,189.6
36390,90.0,210.0,330.0,215.2173913043478
36420,120.0,240.0,420.0,243.1578947368421
36450,150.0,270.0,450.0,273.3333333333333
36480,180.0,300.0,480.0,303.3333333333333
36510,210.0,330.0,510.0,330.0
36540,240.0,360.0,540.0,371.25
36570,270.0,390.0,570.0,378.0
36600,300.0,420.0,600.0,392.3076923076923
36630,90.0,390.0,630.0,394.2857142857143
36660,120.0,420.0,660.0,424.2857142857143
36690,90.0,390.0,630.0,407.14285714285717
36720,120.0,420.0,660.0,420.0
36750,150.0,450.0,690.0,455.45454545454544
36780,180.0,480.0,720.0,485.45454545454544
36810,30.0,510.0,750.0,435.0
36840,60.0,540.0,780.0,465.0
36870,90.0,570.0,810.0,488.1818181818182
36900,120.0,600.0,840.0,518.1818181818181
36930,150.0,630.0,870.0,570.0
36960,180.0,720.0,900.0,646.6666666666666
36990,210.0,750.0,930.0,676.6666666666666
37020,240.0,780.0,840.0,684.0
37050,30.0,750.0,870.0,546.0
37080,60.0,780.0,900.0,576.0
37110,90.0,330.0,870.0,525.0
37140,120.0,360.0,900.0,555.0
37170,30.0,150.0,870.0,360.0
37200,60.0,180.0,900.0,390.0
37230,30.0,90.0,450.0,162.0
37260,60.0,120.0,480.0,192.0
37290,30.0,90.0,510.0,167.14285714285714
37320,60.0,120.0,540.0,180.0
37350,30.0,90.0,210.0,120.0
37380,60.0,120.0,240.0,144.0
37410,30.0,150.0,270.0,150.0
37440,60.0,180.0,300.0,180.0
37470,30.0,90.0,270.0,127.5
37500,60.0,120.0,240.0,137.14285714285714
37530,30.0,90.0,270.0,117.27272727272727
37560,60.0,120.0,300.0,147.27272727272728
37590,90.0,90.0,330.0,172.5
37620,120.0,120.0,360.0,202.5
37650,150.0,150.0,390.0,232.5
37680,180.0,180.0,420.0,262.5
37710,210.0,210.0,450.0,270.0
37740,240.0,240.0,480.0,300.0
37770,270.0,270.0,510.0,330.0
37800,300.0,300.0,360.0,315.0
37830,30.0,330.0,390.0,282.0
37860,60.0,360.0,360.0,285.0
37890,30.0,90.0,390.0,192.85714285714286
37920,60.0,420.0,420.0,276.0
37950,30.0,90.0,450.0,260.0
37980,60.0,480.0,480.0,324.0
38010,30.0,150.0,510.0,300.0
38040,120.0,180.0,540.0,280.0
38070,30.0,150.0,570.0,198.0
38100,60.0,180.0,600.0,228.0
38130,30.0,90.0,630.0,158.57142857142858
38160,60.0,60.0,240.0,110.0
38190,90.0,90.0,150.0,114.0
38220,120.0,120.0,180.0,150.0
38250,150.0,150.0,210.0,170.0
38280,180.0,180.0,180.0,180.0
38310,210.0,210.0,210.0,210.0
38340,240.0,240.0,240.0,240.0
38370,270.0,270.0,270.0,270.0
38400,300.0,300.0,300.0,300.0
38430,330.0,330.0,330.0,330.0
38460,360.0,360.0,360.0,360.0
38490,30.0,30.0,390.0,210.0
38520,60.0,60.0,60.0,60.0
38550,90.0,90.0,90.0,90.0
38580,120.0,120.0,120.0,120.0
38610,150.0,150.0,150.0,150.0
38640,0,0,0,0.0
38670,30.0,30.0,30.0,30.0
38700,60.0,60.0,60.0,60.0
38730,30.0,30.0,90.0,60.0
38760,60.0,60.0,120.0,90.0
38790,30.0,30.0,90.0,45.0
38820,60.0,60.0,120.0,75.0
38850,30.0,30.0,150.0,67.5
38880,60.0,60.0,180.0,94.28571428571429
38910,30.0,90.0,210.0,96.0
38940,60.0,120.0,240.0,127.5
38970,90.0,150.0,210.0,141.42857142857142
39000,120.0,120.0,240.0,160.0
39030,30.0,150.0,270.0,126.0
39060,60.0,180.0,300.0,153.33333333333334
39090,90.0,90.0,330.0,180.0
39120,120.0,120.0,360.0,210.0
39150,150.0,150.0,390.0,227.14285714285714
39180,180.0,180.0,420.0,257.14285714285717
39210,210.0,330.0,450.0,318.0
39240,240.0,360.0,480.0,375.0
39270,270.0,390.0,510.0,405.0
39300,300.0,420.0,480.0,400.0
39330,30.0,330.0,510.0,330.0
39360,60.0,360.0,540.0,360.0
39390,90.0,390.0,570.0,390.0
39420,120.0,120.0,420.0,270.0
39450,150.0,150.0,450.0,300.0
39480,180.0,180.0,480.0,330.0
39510,210.0,210.0,210.0,210.0
39540,240.0,240.0,240.0,240.0
39570,270.0,270.0,270.0,270.0
39600,300.0,300.0,300.0,300.0
39630,30.0,30.0,30.0,30.0
39660,60.0,60.0,60.0,60.0
39690,30.0,30.0,90.0,55.0
39720,60.0,60.0,120.0,85.0
39750,30.0,90.0,150.0,103.84615384615384
39780,60.0,120.0,180.0,130.0
39810,30.0,150.0,210.0,122.3076923076923
39840,60.0,180.0,240.0,147.27272727272728
39870,30.0,90.0,270.0,138.0
39900,60.0,120.0,300.0,158.57142857142858
39930,30.0,90.0,330.0,130.9090909090909
39960,60.0,120.0,300.0,151.42857142857142
39990,30.0,90.0,330.0,139.0909090909091
40020,60.0,120.0,300.0,159.0
40050,30.0,150.0,330.0,168.0
40080,60.0,180.0,420.0,192.6315789473684
40110,30.0,210.0,450.0,192.35294117647058
40140,60.0,240.0,480.0,216.92307692307693
40170,30.0,210.0,510.0,214.28571428571428
40200,60.0,240.0,540.0,244.28571428571428
40230,90.0,270.0,570.0,270.0
40260,120.0,300.0,600.0,300.0
40290,150.0,330.0,630.0,335.0
40320,180.0,360.0,480.0,326.6666666666667
40350,30.0,390.0,510.0,336.6666666666667
40380,60.0,420.0,540.0,360.0
40410,30.0,330.0,570.0,330.0
40440,60.0,360.0,600.0,360.0
40470,30.0,330.0,630.0,312.85714285714283
40500,60.0,360.0,660.0,342.85714285714283
40530,30.0,150.0,690.0,261.42857142857144
40560,60.0,180.0,720.0,291.42857142857144
40590,30.0,150.0,750.0,285.0
40620,60.0,180.0,780.0,315.0
40650,30.0,210.0,810.0,296.6666666666667
40680,60.0,180.0,840.0,330.0
40710,30.0,210.0,870.0,323.3333333333333
40740,60.0,180.0,900.0,315.0
40770,30.0,210.0,930.0,310.0
40800,60.0,180.0,960.0,352.5
40830,30.0,210.0,990.0,303.3333333333333
40860,60.0,180.0,720.0,248.57142857142858
40890,30.0,150.0,750.0,223.33333333333334
40920,60.0,180.0,780.0,253.33333333333334
40950,90.0,150.0,330.0,184.28571428571428
40980,120.0,180.0,360.0,214.28571428571428
41010,30.0,210.0,390.0,217.5
41040,60.0,240.0,420.0,231.42857142857142
41070,30.0,210.0,450.0,232.5
41100,60.0,300.0,480.0,282.85714285714283
41130,30.0,90.0,510.0,177.27272727272728
41160,60.0,60.0,540.0,198.0
41190,90.0,90.0,570.0,236.66666666666666
41220,120.0,120.0,600.0,250.0
41250,30.0,150.0,630.0,210.0
41280,60.0,180.0,660.0,252.0
41310,210.0,210.0,690.0,450.0
41340,720.0,720.0,720.0,720.0
41370,750.0,750.0,750.0,750.0
41400,780.0,780.0,780.0,780.0
41430,30.0,30.0,810.0,160.0
41460,60.0,60.0,840.0,216.0
41490,30.0,30.0,90.0,52.5
41520,60.0,60.0,120.0,82.5
41550,30.0,90.0,150.0,85.0
41580,60.0,120.0,180.0,114.0
41610,30.0,150.0,210.0,117.6923076923077
41640,60.0,120.0,240.0,144.0
41670,30.0,90.0,270.0,125.0
41700,60.0,120.0,300.0,147.27272727272728
41730,30.0,90.0,330.0,130.0
41760,60.0,120.0,360.0,160.0
41790,90.0,150.0,390.0,196.15384615384616
41820,120.0,180.0,420.0,201.8181818181818
41850,150.0,210.0,450.0,220.9090909090909
41880,60.0,240.0,480.0,270.0
41910,90.0,330.0,510.0,304.2857142857143
41940,120.0,360.0,540.0,345.0
41970,150.0,390.0,570.0,375.0
42000,420.0,420.0,600.0,480.0
42030,450.0,450.0,630.0,510.0
42060,480.0,480.0,660.0,540.0
42090,510.0,510.0,690.0,570.0
42120,540.0,540.0,540.0,540.0
42150,570.0,570.0,570.0,570.0
42180,600.0,600.0,600.0,600.0
42210,630.0,630.0,630.0,630.0
42240,660.0,660.0,660.0,660.0
42270,690.0,690.0,690.0,690.0
42300,720.0,720.0,720.0,720.0
42330,750.0,750.0,750.0,750.0
42360,780.0,780.0,780.0,780.0
42390,30.0,30.0,810.0,290.0
42420,60.0,60.0,840.0,450.0
42450,90.0,90.0,870.0,480.0
42480,120.0,120.0,900.0,510.0
42510,150.0,150.0,930.0,540.0
42540,180.0,180.0,960.0,570.0
42570,30.0,210.0,990.0,410.0
42600,60.0,240.0,1020.0,440.0
42630,90.0,270.0,1050.0,470.0
42660,120.0,120.0,300.0,210.0
42690,150.0,150.0,330.0,240.0
42720,180.0,180.0,360.0,270.0
42750,30.0,210.0,390.0,210.0
42780,60.0,60.0,240.0,150.0
42810,90.0,90.0,270.0,180.0
42840,120.0,120.0,300.0,210.0
42870,150.0,150.0,330.0,240.0
42900,180.0,180.0,360.0,270.0
42930,30.0,30.0,30.0,30.0
42960,60.0,60.0,60.0,60.0
42990,90.0,90.0,90.0,90.0
43020,120.0,120.0,120.0,120.0
43050,0,0,0,0.0
43080,0,0,0,0.0
43110,0,0,0,0.0
43140,0,0,0,0.0
43170,30.0,30.0,30.0,30.0
43200,60.0,60.0,60.0,60.0
43230,30.0,30.0,90.0,35.45454545454545
43260,60.0,60.0,120.0,65.45454545454545
43290,30.0,90.0,150.0,80.76923076923077
43320,60.0,120.0,180.0,109.0909090909091
43350,30.0,90.0,150.0,100.9090909090909
43380,60.0,120.0,180.0,133.33333333333334
43410,30.0,90.0,210.0,110.0
43440,60.0,120.0,240.0,141.8181818181818
43470,30.0,90.0,270.0,127.5
43500,60.0,120.0,300.0,156.0
43530,30.0,90.0,330.0,118.0
43560,60.0,120.0,360.0,150.0
43590,90.0,150.0,330.0,150.0
43620,120.0,180.0,360.0,174.54545454545453
43650,150.0,210.0,390.0,204.54545454545453
43680,120.0,180.0,240.0,195.0
43710,150.0,210.0,270.0,225.0
43740,180.0,240.0,300.0,255.0
43770,210.0,270.0,330.0,285.0
43800,240.0,300.0,360.0,315.0
43830,270.0,330.0,390.0,345.0
43860,360.0,360.0,420.0,380.0
43890,390.0,390.0,450.0,410.0
43920,420.0,420.0,480.0,440.0
43950,450.0,450.0,510.0,470.0
43980,480.0,480.0,540.0,504.0
44010,510.0,510.0,570.0,530.0
44040,600.0,600.0,600.0,600.0
44070,0,0,0,0.0
44100,0,0,0,0.0
44130,0,0,0,0.0
44160,0,0,0,0.0
44190,0,0,0,0.0
44220,0,0,0,0.0
44250,0,0,0,0.0
44280,0,0,0,0.0
44310,30.0,30.0,30.0,30.0
44340,60.0,60.0,60.0,60.0
44370,0,0,0,0.0
44400,0,0,0,0.0
44430,30.0,30.0,30.0,30.0
44460,60.0,60.0,60.0,60.0
44490,90.0,90.0,90.0,90.0
44520,120.0,120.0,120.0,120.0
44550,30.0,30.0,150.0,60.0
44580,60.0,60.0,60.0,60.0
44610,30.0,90.0,90.0,66.0
44640,60.0,120.0,120.0,96.0
44670,90.0,150.0,150.0,126.0
44700,120.0,180.0,180.0,156.0
44730,30.0,150.0,210.0,141.42857142857142
44760,60.0,180.0,240.0,144.0
44790,90.0,90.0,210.0,130.0
44820,120.0,120.0,120.0,120.0
44850,150.0,150.0,150.0,150.0
44880,180.0,180.0,180.0,180.0
44910,210.0,210.0,210.0,210.0
44940,240.0,240.0,240.0,240.0
44970,0,0,0,0.0
45000,0,0,0,0.0
45030,30.0,30.0,30.0,30.0
45060,60.0,60.0,60.0,60.0
45090,30.0,30.0,90.0,60.0
45120,60.0,60.0,120.0,84.0
45150,30.0,30.0,150.0,55.714285714285715
45180,60.0,60.0,180.0,85.71428571428571
45210,30.0,90.0,210.0,98.0
45240,60.0,120.0,240.0,128.0
45270,90.0,150.0,270.0,146.0
45300,120.0,180.0,300.0,175.71428571428572
45330,30.0,210.0,330.0,174.7058823529412
45360,60.0,240.0,360.0,213.75
45390,150.0,270.0,390.0,251.53846153846155
45420,180.0,300.0,420.0,278.1818181818182
45450,150.0,330.0,450.0,306.0
45480,180.0,300.0,360.0,300.0
45510,210.0,330.0,390.0,330.0
45540,240.0,360.0,420.0,360.0
45570,30.0,330.0,450.0,300.0
45600,60.0,360.0,480.0,308.57142857142856
45630,90.0,330.0,510.0,320.0
45660,120.0,420.0,540.0,360.0
45690,150.0,450.0,570.0,390.0
45720,180.0,480.0,600.0,420.0
45750,210.0,210.0,510.0,360.0
45780,240.0,240.0,240.0,240.0
45810,270.0,270.0,270.0,270.0
45840,300.0,300.0,300.0,300.0
45870,0,0,0,0.0
45900,0,0,0,0.0
45930,0,0,0,0.0
45960,0,0,0,0.0
45990,0,0,0,0.0
46020,0,0,0,0.0
46050,0,0,0,0.0
46080,0,0,0,0.0
46110,0,0,0,0.0
46140,0,0,0,0.0
46170,0,0,0,0.0
46200,0,0,0,0.0
46230,30.0,30.0,30.0,30.0
46260,60.0,60.0,60.0,60.0
46290,90.0,90.0,90.0,90.0
46320,120.0,120.0,120.0,120.0
46350,150.0,150.0,150.0,150.0
46380,0,0,0,0.0
46410,30.0,30.0,30.0,30.0
46440,60.0,60.0,60.0,60.0
46470,30.0,30.0,90.0,60.0
46500,60.0,60.0,60.0,60.0
46530,90.0,90.0,90.0,90.0
46560,120.0,120.0,120.0,120.0
46590,150.0,150.0,150.0,150.0
46620,180.0,180.0,180.0,180.0
46650,210.0,210.0,210.0,210.0
46680,240.0,240.0,240.0,240.0
46710,270.0,270.0,270.0,270.0
46740,0,0,0,0.0
46770,30.0,30.0,30.0,30.0
46800,60.0,60.0,60.0,60.0
46830,30.0,30.0,90.0,38.57142857142857
46860,60.0,60.0,120.0,68.57142857142857
46890,30.0,30.0,90.0,57.27272727272727
46920,60.0,60.0,120.0,68.57142857142857
46950,30.0,30.0,150.0,54.705882352941174
46980,60.0,60.0,180.0,84.70588235294117
47010,30.0,90.0,150.0,95.45454545454545
47040,60.0,120.0,180.0,125.45454545454545
47070,30.0,150.0,210.0,118.88888888888889
47100,60.0,120.0,240.0,137.5
47130,30.0,150.0,270.0,137.58620689655172
47160,60.0,180.0,300.0,167.14285714285714
47190,90.0,150.0,330.0,190.8
47220,120.0,180.0,300.0,213.91304347826087
47250,150.0,210.0,330.0,231.0
47280,180.0,240.0,360.0,261.0
47310,210.0,270.0,450.0,293.3333333333333
47340,240.0,300.0,480.0,323.3333333333333
47370,270.0,330.0,510.0,358.2352941176471
47400,300.0,360.0,540.0,388.2352941176471
47430,330.0,390.0,570.0,390.0
47460,360.0,420.0,600.0,424.0
47490,90.0,450.0,630.0,418.0
47520,120.0,480.0,660.0,448.0
47550,90.0,510.0,690.0,470.0
47580,120.0,540.0,720.0,500.0
47610,90.0,570.0,750.0,486.0
47640,120.0,600.0,780.0,516.0
47670,150.0,630.0,810.0,531.4285714285714
47700,180.0,660.0,720.0,556.3636363636364
47730,30.0,630.0,750.0,516.0
47760,60.0,660.0,780.0,570.0
47790,30.0,690.0,810.0,536.6666666666666
47820,60.0,720.0,840.0,566.6666666666666
47850,30.0,150.0,810.0,370.0
47880,60.0,120.0,840.0,300.0
47910,30.0,90.0,870.0,330.0
47940,60.0,120.0,900.0,360.0
47970,30.0,90.0,150.0,90.0
48000,60.0,60.0,120.0,90.0
48030,90.0,90.0,150.0,120.0
48060,120.0,120.0,180.0,150.0
48090,150.0,150.0,210.0,180.0
48120,0,0,0,0.0
48150,0,0,0,0.0
48180,0,0,0,0.0
48210,30.0,30.0,30.0,30.0
48240,60.0,60.0,60.0,60.0
48270,30.0,30.0,90.0,60.0
48300,60.0,60.0,120.0,90.0
48330,30.0,30.0,150.0,75.0
48360,60.0,60.0,180.0,100.0
48390,90.0,90.0,210.0,130.0
48420,120.0,120.0,240.0,180.0
48450,150.0,150.0,270.0,210.0
48480,180.0,180.0,300.0,240.0
48510,0,0,0,0.0
48540,0,0,0,0.0
48570,0,0,0,0.0
48600,0,0,0,0.0
48630,30.0,30.0,30.0,30.0
48660,60.0,60.0,60.0,60.0
48690,30.0,30.0,90.0,47.142857142857146
48720,60.0,60.0,120.0,80.0
48750,30.0,90.0,150.0,70.0
48780,60.0,120.0,180.0,105.0
48810,30.0,90.0,210.0,100.0
48840,60.0,120.0,180.0,114.0
48870,30.0,90.0,210.0,113.07692307692308
48900,60.0,120.0,240.0,143.07692307692307
48930,30.0,150.0,270.0,134.0
48960,60.0,120.0,300.0,147.69230769230768
48990,90.0,150.0,330.0,166.36363636363637
49020,120.0,180.0,300.0,180.0
49050,150.0,210.0,330.0,210.0
49080,180.0,240.0,360.0,240.0
49110,210.0,270.0,390.0,270.0
49140,240.0,300.0,420.0,300.0
49170,270.0,330.0,450.0,330.0
49200,300.0,360.0,480.0,360.0
49230,330.0,390.0,510.0,390.0
49260,360.0,420.0,540.0,420.0
49290,390.0,450.0,570.0,450.0
49320,420.0,480.0,600.0,480.0
49350,450.0,510.0,630.0,510.0
49380,480.0,540.0,660.0,555.0
49410,510.0,570.0,690.0,585.0
49440,540.0,540.0,600.0,570.0
49470,630.0,630.0,630.0,630.0
49500,660.0,660.0,660.0,660.0
49530,690.0,690.0,690.0,690.0
49560,720.0,720.0,720.0,720.0
49590,30.0,30.0,750.0,270.0
49620,60.0,60.0,60.0,60.0
49650,30.0,30.0,90.0,50.0
49680,60.0,60.0,120.0,80.0
49710,30.0,90.0,150.0,90.0
49740,60.0,120.0,180.0,120.0
49770,30.0,150.0,210.0,117.27272727272727
49800,60.0,120.0,240.0,138.0
49830,30.0,90.0,270.0,115.0
49860,60.0,120.0,300.0,152.72727272727272
49890,90.0,150.0,330.0,160.9090909090909
49920,60.0,180.0,360.0,186.0
49950,90.0,210.0,390.0,199.0909090909091
49980,60.0,240.0,420.0,240.0
50010,30.0,210.0,450.0,230.0
50040,60.0,240.0,420.0,240.0
50070,90.0,270.0,450.0,250.0
50100,60.0,300.0,480.0,288.0
50130,90.0,390.0,510.0,316.6666666666667
50160,120.0,420.0,540.0,360.0
50190,150.0,450.0,570.0,390.0
50220,180.0,480.0,600.0,420.0
50250,210.0,510.0,630.0,462.0
50280,240.0,540.0,660.0,492.0
50310,270.0,510.0,690.0,510.0
50340,300.0,540.0,720.0,540.0
50370,330.0,570.0,750.0,570.0
50400,360.0,600.0,780.0,600.0
50430,30.0,30.0,810.0,370.0
50460,60.0,660.0,840.0,468.0
50490,30.0,30.0,870.0,210.0
50520,60.0,60.0,900.0,201.8181818181818
50550,30.0,90.0,930.0,196.15384615384616
50580,60.0,120.0,960.0,235.0
50610,30.0,90.0,990.0,188.8235294117647
50640,60.0,120.0,1020.0,217.5
50670,30.0,90.0,870.0,159.6
50700,60.0,60.0,240.0,160.9090909090909
50730,30.0,90.0,270.0,138.0
50760,60.0,120.0,300.0,166.95652173913044
50790,90.0,150.0,330.0,195.0
50820,120.0,120.0,360.0,168.0
50850,150.0,150.0,390.0,204.0
50880,180.0,180.0,420.0,234.0
50910,210.0,210.0,450.0,263.3333333333333
50940,240.0,240.0,480.0,293.3333333333333
50970,270.0,270.0,510.0,315.0
51000,300.0,300.0,540.0,342.85714285714283
51030,30.0,330.0,570.0,330.0
51060,60.0,360.0,600.0,360.0
51090,30.0,390.0,630.0,338.57142857142856
51120,60.0,420.0,660.0,368.57142857142856
51150,90.0,450.0,510.0,330.0
51180,120.0,480.0,540.0,360.0
51210,150.0,510.0,570.0,435.0
51240,180.0,540.0,600.0,465.0
51270,30.0,210.0,630.0,340.0
51300,60.0,600.0,660.0,396.0
51330,30.0,90.0,690.0,350.0
51360,60.0,120.0,720.0,324.0
51390,30.0,90.0,750.0,232.5
51420,60.0,120.0,720.0,188.57142857142858
51450,30.0,90.0,210.0,110.0
51480,60.0,120.0,240.0,140.0
51510,30.0,150.0,270.0,123.33333333333333
51540,60.0,120.0,300.0,142.5
51570,30.0,90.0,330.0,150.0
51600,60.0,120.0,360.0,171.42857142857142
51630,90.0,150.0,270.0,170.0
51660,120.0,180.0,300.0,200.0
51690,210.0,210.0,270.0,225.0
51720,240.0,240.0,240.0,240.0
51750,270.0,270.0,270.0,270.0
51780,300.0,300.0,300.0,300.0
51810,330.0,330.0,330.0,330.0
51840,360.0,360.0,360.0,360.0
51870,390.0,390.0,390.0,390.0
51900,420.0,420.0,420.0,420.0
51930,450.0,450.0,450.0,450.0
51960,480.0,480.0,480.0,480.0
51990,0,0,0,0.0
52020,0,0,0,0.0
52050,0,0,0,0.0
52080,0,0,0,0.0
52110,0,0,0,0.0
52140,0,0,0,0.0
52170,0,0,0,0.0
52200,0,0,0,0.0
52230,30.0,30.0,30.0,30.0
52260,60.0,60.0,60.0,60.0
52290,30.0,30.0,90.0,54.0
52320,60.0,60.0,120.0,80.0
52350,30.0,30.0,150.0,75.0
52380,60.0,60.0,180.0,105.0
52410,30.0,30.0,210.0,82.5
52440,60.0,60.0,240.0,112.5
52470,30.0,90.0,270.0,130.0
52500,60.0,120.0,300.0,157.5
52530,30.0,30.0,330.0,100.0
52560,60.0,60.0,360.0,132.0
52590,30.0,90.0,390.0,150.0
52620,60.0,120.0,420.0,180.0
52650,90.0,150.0,450.0,201.42857142857142
52680,120.0,180.0,480.0,252.0
52710,30.0,210.0,510.0,246.0
52740,60.0,240.0,540.0,276.0
52770,90.0,210.0,570.0,290.0
52800,120.0,240.0,600.0,320.0
52830,30.0,150.0,630.0,222.0
52860,60.0,60.0,300.0,150.0
52890,90.0,90.0,330.0,180.0
52920,120.0,120.0,360.0,210.0
52950,150.0,150.0,390.0,240.0
52980,180.0,180.0,420.0,270.0
53010,30.0,210.0,450.0,246.0
53040,60.0,240.0,480.0,276.0
53070,30.0,90.0,510.0,225.0
53100,60.0,120.0,540.0,255.0
53130,90.0,150.0,570.0,285.0
53160,120.0,360.0,600.0,360.0
53190,150.0,390.0,630.0,390.0
53220,180.0,420.0,660.0,420.0
53250,30.0,210.0,690.0,345.0
53280,60.0,240.0,720.0,375.0
53310,30.0,270.0,750.0,330.0
53340,60.0,300.0,780.0,360.0
53370,90.0,150.0,810.0,345.0
53400,120.0,180.0,840.0,375.0
53430,150.0,210.0,390.0,250.0
53460,180.0,240.0,420.0,280.0
53490,450.0,450.0,450.0,450.0
53520,0,0,0,0.0
53550,0,0,0,0.0
53580,0,0,0,0.0
53610,30.0,30.0,30.0,30.0
53640,60.0,60.0,60.0,60.0
53670,30.0,30.0,90.0,60.0
53700,60.0,60.0,120.0,90.0
53730,90.0,90.0,90.0,90.0
53760,120.0,120.0,120.0,120.0
53790,150.0,150.0,150.0,150.0
53820,180.0,180.0,180.0,180.0
53850,210.0,210.0,210.0,210.0
53880,240.0,240.0,240.0,240.0
53910,270.0,270.0,270.0,270.0
53940,300.0,300.0,300.0,300.0
53970,0,0,0,0.0
54000,0,0,0,0.0
54030,30.0,30.0,30.0,30.0
54060,60.0,60.0,60.0,60.0
54090,30.0,90.0,90.0,62.72727272727273
54120,60.0,60.0,120.0,90.0
54150,30.0,90.0,150.0,86.0
54180,60.0,120.0,180.0,120.0
54210,30.0,90.0,210.0,105.0
54240,60.0,120.0,240.0,109.0909090909091
54270,30.0,90.0,210.0,90.0
54300,60.0,120.0,240.0,120.0
54330,30.0,90.0,270.0,110.0
54360,60.0,120.0,300.0,132.85714285714286
54390,30.0,90.0,330.0,146.0
54420,60.0,120.0,360.0,186.0
54450,30.0,150.0,390.0,192.0
54480,60.0,180.0,420.0,226.66666666666666
54510,30.0,150.0,390.0,195.0
54540,60.0,180.0,420.0,210.0
54570,90.0,210.0,270.0,198.0
54600,120.0,240.0,300.0,228.0
54630,30.0,150.0,330.0,172.5
54660,60.0,180.0,360.0,210.0
54690,30.0,210.0,390.0,210.0
54720,60.0,120.0,420.0,230.0
54750,30.0,150.0,450.0,240.0
54780,60.0,180.0,480.0,228.0
54810,30.0,150.0,510.0,198.0
54840,60.0,180.0,540.0,228.0
54870,30.0,150.0,270.0,150.0
54900,60.0,180.0,300.0,180.0
54930,30.0,90.0,330.0,124.28571428571429
54960,60.0,60.0,360.0,160.0
54990,90.0,90.0,390.0,174.0
55020,120.0,120.0,420.0,204.0
55050,150.0,150.0,270.0,190.0
55080,180.0,180.0,180.0,180.0
55110,210.0,210.0,210.0,210.0
55140,240.0,240.0,240.0,240.0
55170,270.0,270.0,270.0,270.0
55200,300.0,300.0,300.0,300.0
55230,30.0,30.0,330.0,105.0
55260,60.0,60.0,60.0,60.0
55290,30.0,90.0,90.0,75.0
55320,60.0,120.0,120.0,105.0
55350,30.0,90.0,150.0,100.0
55380,60.0,120.0,180.0,130.0
55410,30.0,90.0,210.0,105.0
55440,60.0,120.0,240.0,135.0
55470,30.0,90.0,270.0,128.1818181818182
55500,60.0,120.0,300.0,144.0
55530,30.0,90.0,270.0,132.0
55560,60.0,120.0,300.0,162.0
55590,90.0,150.0,330.0,192.0
55620,120.0,180.0,300.0,188.57142857142858
55650,150.0,210.0,330.0,218.57142857142858
55680,180.0,240.0,360.0,248.57142857142858
55710,210.0,270.0,390.0,280.0
55740,240.0,300.0,420.0,310.0
55770,270.0,330.0,450.0,340.0
55800,300.0,360.0,480.0,370.0
55830,30.0,30.0,510.0,178.0
55860,60.0,60.0,540.0,196.36363636363637
55890,30.0,90.0,570.0,126.66666666666667
55920,60.0,120.0,600.0,158.8235294117647
55950,30.0,90.0,510.0,120.0
55980,60.0,120.0,660.0,154.73684210526315
56010,30.0,90.0,690.0,170.0
56040,60.0,120.0,720.0,204.7058823529412
56070,30.0,150.0,270.0,144.28571428571428
56100,60.0,120.0,660.0,172.5
56130,30.0,90.0,690.0,159.47368421052633
56160,60.0,120.0,720.0,187.05882352941177
56190,90.0,150.0,750.0,195.0
56220,120.0,180.0,780.0,228.0
56250,90.0,210.0,810.0,244.28571428571428
56280,120.0,240.0,840.0,274.2857142857143
56310,150.0,270.0,870.0,311.53846153846155
56340,180.0,300.0,900.0,343.6363636363636
56370,150.0,270.0,930.0,378.0
56400,180.0,360.0,960.0,420.0
56430,210.0,330.0,570.0,355.7142857142857
56460,240.0,360.0,600.0,385.7142857142857
56490,270.0,390.0,630.0,415.7142857142857
56520,300.0,420.0,660.0,450.0
56550,330.0,510.0,690.0,486.0
56580,360.0,540.0,720.0,516.0
56610,390.0,450.0,750.0,540.0
56640,420.0,480.0,780.0,570.0
56670,450.0,510.0,810.0,600.0
56700,540.0,660.0,840.0,680.0
56730,30.0,30.0,870.0,234.0
56760,60.0,60.0,720.0,193.33333333333334
56790,30.0,90.0,630.0,117.27272727272727
56820,60.0,120.0,660.0,147.27272727272728
56850,30.0,90.0,690.0,131.25
56880,60.0,120.0,720.0,161.25
56910,30.0,90.0,750.0,137.3684210526316
56940,60.0,120.0,240.0,120.0
56970,30.0,90.0,210.0,111.81818181818181
57000,60.0,120.0,240.0,135.0
57030,30.0,90.0,270.0,124.61538461538461
57060,60.0,120.0,240.0,140.0
57090,90.0,150.0,270.0,165.65217391304347
57120,120.0,180.0,300.0,191.42857142857142
57150,150.0,210.0,330.0,212.72727272727272
57180,180.0,240.0,360.0,242.72727272727272
57210,210.0,270.0,330.0,256.3636363636364
57240,120.0,300.0,360.0,276.0
57270,30.0,330.0,390.0,270.0
57300,60.0,300.0,420.0,300.0
57330,90.0,330.0,450.0,314.2105263157895
57360,120.0,360.0,480.0,326.25
57390,150.0,390.0,510.0,384.54545454545456
57420,120.0,420.0,540.0,406.6666666666667
57450,150.0,450.0,570.0,398.57142857142856
57480,180.0,480.0,600.0,428.57142857142856
57510,270.0,510.0,630.0,498.0
57540,540.0,600.0,660.0,600.0
57570,570.0,570.0,690.0,630.0
57600,600.0,600.0,600.0,600.0
57630,30.0,30.0,630.0,76.15384615384616
57660,60.0,60.0,660.0,110.0
57690,30.0,30.0,90.0,87.27272727272727
57720,60.0,60.0,120.0,117.0
57750,30.0,90.0,150.0,117.5
57780,60.0,120.0,180.0,147.5
57810,30.0,150.0,210.0,161.53846153846155
57840,60.0,180.0,240.0,188.57142857142858
57870,30.0,150.0,270.0,130.0
57900,60.0,180.0,300.0,159.31034482758622
57930,30.0,90.0,330.0,133.78378378378378
57960,60.0,120.0,360.0,163.78378378378378
57990,90.0,150.0,390.0,172.28571428571428
58020,120.0,180.0,420.0,196.875
58050,90.0,210.0,450.0,204.54545454545453
58080,120.0,180.0,480.0,224.51612903225808
58110,90.0,210.0,510.0,255.51724137931035
58140,120.0,240.0,480.0,271.2
58170,150.0,270.0,390.0,277.5
58200,180.0,300.0,420.0,302.72727272727275
58230,210.0,330.0,450.0,330.0
58260,240.0,360.0,600.0,353.3333333333333
58290,270.0,390.0,630.0,382.5
58320,300.0,420.0,660.0,403.6363636363636
58350,210.0,450.0,690.0,406.3636363636364
58380,60.0,480.0,720.0,413.3333333333333
58410,90.0,390.0,750.0,427.5
58440,300.0,540.0,780.0,516.0
58470,330.0,450.0,570.0,480.0
58500,480.0,600.0,600.0,560.0
58530,30.0,30.0,630.0,216.66666666666666
58560,60.0,60.0,660.0,246.66666666666666
58590,30.0,90.0,690.0,215.0
58620,60.0,120.0,600.0,150.0
58650,30.0,90.0,630.0,130.0
58680,60.0,120.0,660.0,160.0
58710,30.0,90.0,690.0,150.0
58740,60.0,120.0,720.0,180.0
58770,90.0,150.0,270.0,166.66666666666666
58800,120.0,180.0,300.0,196.66666666666666
58830,30.0,150.0,330.0,168.0
58860,60.0,180.0,360.0,198.0
58890,30.0,210.0,390.0,193.63636363636363
58920,60.0,240.0,420.0,222.0
58950,90.0,210.0,450.0,234.0
58980,120.0,240.0,480.0,258.94736842105266
59010,30.0,210.0,510.0,247.89473684210526
59040,60.0,240.0,540.0,251.25
59070,90.0,270.0,570.0,270.0
59100,120.0,240.0,600.0,295.0
59130,30.0,270.0,510.0,233.07692307692307
59160,60.0,240.0,540.0,234.54545454545453
59190,90.0,270.0,570.0,264.54545454545456
59220,120.0,240.0,600.0,288.0
59250,150.0,270.0,630.0,307.5
59280,180.0,300.0,420.0,310.0
59310,210.0,330.0,450.0,340.0
59340,240.0,360.0,480.0,348.0
59370,270.0,390.0,510.0,378.0
59400,300.0,420.0,540.0,408.0
59430,30.0,330.0,570.0,285.0
59460,60.0,360.0,600.0,308.57142857142856
59490,30.0,30.0,630.0,250.0
59520,60.0,60.0,660.0,280.0
59550,30.0,90.0,690.0,187.5
59580,60.0,120.0,720.0,217.5
59610,30.0,90.0,750.0,178.42105263157896
59640,60.0,120.0,780.0,216.66666666666666
59670,30.0,150.0,810.0,190.0
59700,60.0,120.0,840.0,180.0
59730,30.0,90.0,870.0,157.5
59760,60.0,120.0,900.0,187.5
59790,90.0,150.0,270.0,154.6153846153846
59820,120.0,180.0,300.0,180.0
59850,150.0,210.0,330.0,210.0
59880,180.0,240.0,360.0,260.0
59910,210.0,210.0,330.0,255.0
59940,300.0,300.0,300.0,300.0
59970,0,0,0,0.0
60000,0,0,0,0.0
60030,0,0,0,0.0
60060,0,0,0,0.0
60090,0,0,0,0.0
60120,0,0,0,0.0
60150,0,0,0,0.0
60180,0,0,0,0.0
60210,0,0,0,0.0
60240,0,0,0,0.0
60270,0,0,0,0.0
60300,0,0,0,0.0
60330,30.0,30.0,30.0,30.0
60360,60.0,60.0,60.0,60.0
60390,30.0,30.0,90.0,60.0
60420,60.0,60.0,120.0,90.0
60450,30.0,90.0,150.0,90.0
60480,60.0,120.0,180.0,120.0
60510,30.0,90.0,150.0,90.0
60540,60.0,60.0,120.0,90.0
60570,90.0,90.0,150.0,120.0
60600,120.0,120.0,180.0,150.0
60630,30.0,150.0,210.0,130.0
60660,60.0,180.0,240.0,160.0
60690,90.0,210.0,270.0,190.0
60720,240.0,240.0,300.0,270.0
60750,30.0,270.0,330.0,210.0
60780,60.0,300.0,360.0,240.0
60810,30.0,90.0,390.0,210.0
60840,60.0,360.0,420.0,280.0
60870,450.0,450.0,450.0,450.0
60900,480.0,480.0,480.0,480.0
60930,0,0,0,0.0
60960,0,0,0,0.0
60990,0,0,0,0.0
61020,0,0,0,0.0
61050,0,0,0,0.0
61080,0,0,0,0.0
61110,0,0,0,0.0
61140,0,0,0,0.0
61170,0,0,0,0.0
61200,0,0,0,0.0
61230,30.0,30.0,30.0,30.0
61260,60.0,60.0,60.0,60.0
61290,30.0,30.0,90.0,54.32432432432432
61320,60.0,60.0,120.0,85.0
61350,30.0,90.0,150.0,83.07692307692308
61380,60.0,120.0,180.0,109.7872340425532
61410,30.0,90.0,210.0,96.0
61440,60.0,120.0,240.0,121.875
61470,30.0,90.0,270.0,121.57894736842105
61500,60.0,120.0,300.0,149.57746478873239
61530,30.0,150.0,330.0,137.72727272727272
61560,60.0,180.0,300.0,164.44444444444446
61590,90.0,210.0,330.0,187.77777777777777
61620,120.0,240.0,360.0,215.2
61650,150.0,270.0,390.0,241.2
61680,180.0,300.0,420.0,271.2328767123288
61710,150.0,270.0,450.0,290.0
61740,180.0,300.0,480.0,314.7692307692308
61770,90.0,330.0,510.0,320.29411764705884
61800,120.0,360.0,540.0,348.1818181818182
61830,90.0,390.0,570.0,363.04347826086956
61860,120.0,420.0,600.0,389.5238095238095
61890,150.0,450.0,630.0,425.0
61920,180.0,480.0,660.0,451.0344827586207
61950,210.0,510.0,690.0,480.0
61980,240.0,540.0,720.0,509.4339622641509
62010,270.0,570.0,750.0,546.25
62040,300.0,600.0,780.0,575.2173913043479
62070,330.0,630.0,810.0,593.1818181818181
62100,360.0,660.0,840.0,623.1818181818181
62130,390.0,690.0,870.0,653.1818181818181
62160,420.0,720.0,900.0,682.8571428571429
62190,390.0,750.0,930.0,694.390243902439
62220,420.0,780.0,960.0,731.0526315789474
62250,450.0,810.0,990.0,748.421052631579
62280,480.0,840.0,1020.0,796.2162162162163
62310,270.0,870.0,1050.0,779.1891891891892
62340,300.0,900.0,1080.0,817.7142857142857
62370,330.0,930.0,1110.0,850.0
62400,360.0,960.0,1140.0,880.0
62430,210.0,990.0,1170.0,890.0
62460,660.0,1020.0,1200.0,965.8064516129032
62490,450.0,1050.0,1230.0,965.625
62520,720.0,1080.0,1260.0,1048.9655172413793
62550,750.0,1110.0,1290.0,1081.111111111111
62580,1080.0,1200.0,1320.0,1160.8695652173913
62610,1110.0,1230.0,1350.0,1192.857142857143
62640,840.0,1200.0,1380.0,1215.0
62670,30.0,1230.0,1410.0,1155.0
62700,60.0,1260.0,1500.0,1170.0
62730,90.0,1290.0,1530.0,1200.0
62760,120.0,1320.0,1560.0,1230.0
62790,150.0,1350.0,1590.0,1253.3333333333333
62820,180.0,1380.0,1620.0,1244.0
62850,210.0,1470.0,1650.0,1257.6923076923076
62880,120.0,1440.0,1680.0,1218.0
62910,150.0,1470.0,1650.0,1196.6666666666667
62940,300.0,1500.0,1680.0,1311.4285714285713
62970,330.0,1530.0,1710.0,1341.4285714285713
63000,360.0,1500.0,1740.0,1330.0
63030,30.0,30.0,1770.0,603.3333333333334
63060,60.0,60.0,1800.0,633.3333333333334
63090,30.0,90.0,1830.0,386.25
63120,60.0,120.0,1680.0,320.0
63150,30.0,90.0,1650.0,217.82608695652175
63180,60.0,120.0,1680.0,247.82608695652175
63210,30.0,90.0,210.0,189.1304347826087
63240,60.0,120.0,240.0,219.1304347826087
63270,30.0,150.0,270.0,191.3793103448276
63300,60.0,180.0,300.0,227.14285714285714
63330,30.0,90.0,330.0,177.56756756756758
63360,60.0,120.0,360.0,210.0
63390,90.0,150.0,390.0,244.54545454545453
63420,120.0,180.0,360.0,222.58064516129033
63450,150.0,270.0,390.0,267.77777777777777
63480,180.0,300.0,420.0,302.3076923076923
63510,210.0,330.0,450.0,332.72727272727275
63540,240.0,360.0,540.0,353.6842105263158
63570,270.0,390.0,570.0,382.94117647058823
63600,300.0,360.0,540.0,398.57142857142856
63630,330.0,330.0,570.0,402.0
63660,360.0,360.0,600.0,432.0
63690,30.0,450.0,630.0,430.0
63720,60.0,480.0,660.0,460.0
63750,90.0,510.0,690.0,490.0
63780,120.0,540.0,660.0,497.14285714285717
63810,150.0,570.0,690.0,527.1428571428571
63840,180.0,600.0,720.0,557.1428571428571
63870,210.0,570.0,750.0,570.0
63900,240.0,600.0,780.0,600.0
63930,30.0,630.0,750.0,432.85714285714283
63960,60.0,660.0,780.0,462.85714285714283
63990,30.0,90.0,810.0,324.54545454545456
64020,60.0,120.0,840.0,427.5
64050,30.0,90.0,870.0,352.5
64080,60.0,120.0,900.0,325.7142857142857
64110,30.0,90.0,930.0,263.3333333333333
64140,60.0,120.0,960.0,293.3333333333333
64170,30.0,150.0,990.0,294.0
64200,60.0,180.0,1020.0,324.0
64230,30.0,30.0,1050.0,158.0
64260,60.0,60.0,1080.0,190.9090909090909
64290,30.0,90.0,1110.0,180.0
64320,60.0,120.0,1140.0,210.0
64350,30.0,150.0,1170.0,213.75
64380,60.0,180.0,1200.0,243.75
64410,30.0,210.0,1230.0,248.8235294117647
64440,60.0,240.0,1260.0,300.0
64470,90.0,270.0,1290.0,330.0
64500,120.0,300.0,480.0,289.09090909090907
64530,30.0,330.0,510.0,274.61538461538464
64560,60.0,300.0,540.0,300.0
64590,90.0,330.0,570.0,306.9230769230769
64620,120.0,360.0,600.0,336.9230769230769
64650,150.0,390.0,630.0,385.0
64680,120.0,420.0,660.0,402.0
64710,150.0,450.0,690.0,432.0
64740,180.0,480.0,720.0,462.0
64770,210.0,510.0,750.0,492.0
64800,240.0,540.0,780.0,522.0
64830,30.0,30.0,810.0,247.89473684210526
64860,60.0,60.0,840.0,303.75
64890,30.0,30.0,690.0,120.0
64920,60.0,60.0,720.0,153.6
64950,30.0,90.0,750.0,122.43243243243244
64980,60.0,120.0,660.0,136.36363636363637
65010,30.0,90.0,210.0,133.5
65040,60.0,120.0,720.0,160.54054054054055
65070,30.0,150.0,750.0,171.53846153846155
65100,60.0,180.0,300.0,183.33333333333334
65130,30.0,150.0,330.0,175.5
65160,60.0,180.0,360.0,205.5
65190,90.0,210.0,390.0,227.83783783783784
65220,120.0,240.0,420.0,255.88235294117646
65250,150.0,270.0,450.0,281.25
65280,180.0,300.0,420.0,290.3225806451613
65310,210.0,330.0,450.0,296.8965517241379
65340,240.0,360.0,480.0,328.8888888888889
65370,270.0,390.0,510.0,362.3076923076923
65400,300.0,360.0,540.0,384.54545454545456
65430,150.0,390.0,570.0,374.2105263157895
65460,180.0,420.0,600.0,391.7647058823529
65490,30.0,390.0,630.0,345.0
65520,60.0,420.0,660.0,375.0
65550,90.0,450.0,690.0,378.0
65580,120.0,480.0,720.0,408.0
65610,90.0,510.0,750.0,378.0
65640,120.0,360.0,780.0,398.57142857142856
65670,150.0,390.0,810.0,428.57142857142856
65700,180.0,600.0,840.0,475.38461538461536
65730,210.0,450.0,870.0,485.0
65760,60.0,480.0,900.0,497.14285714285717
65790,90.0,390.0,930.0,480.0
65820,120.0,420.0,720.0,420.0
65850,150.0,450.0,750.0,450.0
65880,180.0,360.0,600.0,405.0
65910,210.0,390.0,630.0,410.0
65940,240.0,420.0,660.0,440.0
65970,270.0,270.0,270.0,270.0
66000,300.0,300.0,300.0,300.0
66030,30.0,30.0,330.0,90.0
66060,60.0,60.0,360.0,120.0
66090,30.0,90.0,390.0,120.0
66120,60.0,120.0,420.0,150.0
66150,30.0,90.0,450.0,132.85714285714286
66180,60.0,60.0,180.0,110.0
66210,90.0,90.0,210.0,130.0
66240,120.0,120.0,120.0,120.0
66270,150.0,150.0,150.0,150.0
66300,0,0,0,0.0
66330,0,0,0,0.0
66360,0,0,0,0.0
66390,0,0,0,0.0
66420,0,0,0,0.0
66450,0,0,0,0.0
66480,0,0,0,0.0
66510,0,0,0,0.0
66540,0,0,0,0.0
66570,0,0,0,0.0
66600,0,0,0,0.0
66630,30.0,30.0,30.0,30.0
66660,60.0,60.0,60.0,60.0
66690,30.0,30.0,90.0,57.27272727272727
66720,60.0,60.0,120.0,86.66666666666667
66750,30.0,90.0,150.0,85.71428571428571
66780,60.0,120.0,180.0,115.0
66810,30.0,90.0,210.0,93.0
66840,60.0,120.0,240.0,112.94117647058823
66870,30.0,90.0,270.0,101.53846153846153
66900,60.0,120.0,300.0,134.4
66930,30.0,90.0,330.0,122.90322580645162
66960,60.0,120.0,300.0,146.89655172413794
66990,90.0,150.0,270.0,160.0
67020,120.0,180.0,300.0,182.72727272727272
67050,150.0,210.0,330.0,207.0
67080,180.0,240.0,360.0,236.8421052631579
67110,210.0,210.0,390.0,262.5
67140,240.0,240.0,420.0,278.57142857142856
67170,270.0,270.0,450.0,290.0
67200,300.0,300.0,480.0,338.57142857142856
67230,30.0,330.0,510.0,322.0
67260,360.0,360.0,540.0,360.0
67290,90.0,390.0,570.0,360.0
67320,120.0,420.0,600.0,390.0
67350,30.0,450.0,630.0,357.6923076923077
67380,60.0,480.0,660.0,432.0
67410,30.0,510.0,690.0,350.0
67440,60.0,540.0,720.0,409.09090909090907
67470,30.0,570.0,750.0,376.15384615384613
67500,60.0,600.0,780.0,406.15384615384613
67530,30.0,270.0,810.0,402.85714285714283
67560,120.0,660.0,840.0,461.53846153846155
67590,150.0,690.0,870.0,486.9230769230769
67620,180.0,720.0,900.0,516.9230769230769
67650,30.0,750.0,930.0,500.7692307692308
67680,60.0,780.0,960.0,534.0
67710,30.0,810.0,990.0,530.0
67740,60.0,840.0,1020.0,560.0
67770,30.0,390.0,1050.0,540.0
67800,60.0,420.0,1080.0,570.0
67830,30.0,150.0,1110.0,410.0
67860,60.0,180.0,1140.0,420.0
67890,30.0,90.0,1170.0,416.6666666666667
67920,60.0,120.0,1200.0,487.5
67950,90.0,150.0,1050.0,440.0
67980,180.0,180.0,1080.0,630.0
68010,30.0,1110.0,1110.0,750.0
68040,60.0,60.0,60.0,60.0
68070,90.0,90.0,90.0,90.0
68100,120.0,120.0,120.0,120.0
68130,30.0,30.0,150.0,70.0
68160,60.0,60.0,60.0,60.0
68190,90.0,90.0,90.0,90.0
68220,120.0,120.0,120.0,120.0
68250,150.0,150.0,150.0,150.0
68280,180.0,180.0,180.0,180.0
68310,210.0,210.0,210.0,210.0
68340,240.0,240.0,240.0,240.0
68370,30.0,30.0,270.0,150.0
68400,60.0,60.0,300.0,180.0
68430,30.0,30.0,90.0,38.57142857142857
68460,60.0,60.0,120.0,68.57142857142857
68490,30.0,30.0,150.0,55.26315789473684
68520,60.0,60.0,180.0,88.23529411764706
68550,30.0,90.0,210.0,90.0
68580,60.0,120.0,240.0,120.0
68610,30.0,90.0,210.0,107.6470588235294
68640,60.0,120.0,240.0,136.0
68670,30.0,90.0,270.0,123.33333333333333
68700,60.0,120.0,300.0,153.33333333333334
68730,30.0,90.0,270.0,102.5
68760,60.0,120.0,300.0,135.65217391304347
68790,90.0,90.0,390.0,153.33333333333334
68820,120.0,120.0,360.0,167.14285714285714
68850,150.0,150.0,390.0,200.76923076923077
68880,180.0,180.0,300.0,212.72727272727272
68910,210.0,210.0,330.0,236.66666666666666
68940,240.0,240.0,360.0,270.0
68970,270.0,270.0,390.0,300.0
69000,300.0,300.0,420.0,330.0
69030,330.0,330.0,450.0,360.0
69060,360.0,360.0,420.0,375.0
69090,30.0,390.0,450.0,315.0
69120,60.0,420.0,480.0,345.0
69150,90.0,450.0,510.0,375.0
69180,120.0,480.0,540.0,380.0
69210,30.0,150.0,570.0,315.0
69240,60.0,60.0,540.0,300.0
69270,90.0,90.0,570.0,330.0
69300,120.0,120.0,120.0,120.0
69330,30.0,30.0,150.0,54.0
69360,60.0,60.0,180.0,90.0
69390,30.0,30.0,210.0,70.0
69420,60.0,60.0,60.0,60.0
69450,30.0,30.0,90.0,48.46153846153846
69480,60.0,60.0,120.0,75.0
69510,30.0,90.0,150.0,76.66666666666667
69540,60.0,120.0,180.0,112.5
69570,30.0,90.0,210.0,111.81818181818181
69600,60.0,120.0,240.0,141.0
69630,30.0,150.0,270.0,150.0
69660,60.0,180.0,300.0,183.1578947368421
69690,90.0,210.0,330.0,193.33333333333334
69720,120.0,180.0,300.0,213.75
69750,90.0,210.0,330.0,236.25
69780,180.0,240.0,360.0,270.0
69810,210.0,270.0,390.0,300.0
69840,240.0,360.0,420.0,346.15384615384613
69870,270.0,390.0,450.0,376.15384615384613
69900,300.0,420.0,480.0,406.15384615384613
69930,30.0,390.0,510.0,371.53846153846155
69960,60.0,420.0,540.0,390.0
69990,30.0,450.0,570.0,375.0
70020,60.0,480.0,600.0,414.0
70050,30.0,510.0,630.0,400.90909090909093
70080,60.0,540.0,660.0,462.0
70110,90.0,570.0,690.0,517.5
70140,120.0,600.0,720.0,547.5
70170,570.0,630.0,750.0,638.5714285714286
70200,600.0,660.0,780.0,668.5714285714286
70230,30.0,30.0,810.0,364.2857142857143
70260,60.0,60.0,780.0,324.0
70290,30.0,90.0,810.0,302.72727272727275
70320,60.0,120.0,840.0,332.72727272727275
70350,30.0,750.0,870.0,501.42857142857144
70380,60.0,180.0,900.0,480.0
70410,30.0,210.0,930.0,432.85714285714283
70440,60.0,240.0,960.0,462.85714285714283
70470,30.0,90.0,990.0,348.0
70500,60.0,120.0,1020.0,393.3333333333333
70530,30.0,90.0,1050.0,351.8181818181818
70560,60.0,120.0,1080.0,413.3333333333333
70590,90.0,210.0,1110.0,527.1428571428571
70620,120.0,1020.0,1080.0,740.0
70650,1050.0,1050.0,1110.0,1080.0
70680,1080.0,1080.0,1140.0,1110.0
70710,1110.0,1110.0,1170.0,1140.0
70740,1140.0,1140.0,1200.0,1170.0
70770,1170.0,1170.0,1230.0,1200.0
70800,1200.0,1200.0,1260.0,1230.0
70830,30.0,1230.0,1290.0,850.0
70860,60.0,60.0,1260.0,660.0
70890,30.0,30.0,90.0,60.0
70920,60.0,60.0,120.0,90.0
70950,30.0,90.0,150.0,90.0
70980,60.0,120.0,180.0,120.0
71010,90.0,150.0,210.0,150.0
71040,120.0,180.0,240.0,180.0
71070,150.0,210.0,270.0,210.0
71100,180.0,240.0,300.0,240.0
71130,30.0,30.0,210.0,90.0
71160,60.0,60.0,60.0,60.0
71190,30.0,30.0,90.0,60.0
71220,60.0,60.0,120.0,90.0
71250,90.0,90.0,150.0,110.0
71280,120.0,120.0,180.0,140.0
71310,30.0,150.0,210.0,135.0
71340,60.0,180.0,240.0,160.0
71370,30.0,90.0,270.0,150.0
71400,60.0,60.0,120.0,90.0
71430,30.0,90.0,150.0,90.0
71460,60.0,120.0,180.0,120.0
71490,90.0,90.0,210.0,150.0
71520,120.0,120.0,120.0,120.0
71550,150.0,150.0,150.0,150.0
71580,180.0,180.0,180.0,180.0
71610,210.0,210.0,210.0,210.0
71640,240.0,240.0,240.0,240.0
71670,270.0,270.0,270.0,270.0
71700,300.0,300.0,300.0,300.0
71730,30.0,30.0,30.0,30.0
71760,60.0,60.0,60.0,60.0
71790,90.0,90.0,90.0,90.0
71820,120.0,120.0,120.0,120.0
71850,30.0,30.0,150.0,90.0
71880,0,0,0,0.0
71910,0,0,0,0.0
71940,0,0,0,0.0
71970,0,0,0,0.0
72000,0,0,0,0.0
72030,30.0,30.0,30.0,30.0
72060,60.0,60.0,60.0,60.0
72090,30.0,90.0,90.0,70.0
72120,60.0,120.0,120.0,100.0
72150,30.0,90.0,150.0,90.0
72180,60.0,120.0,180.0,120.0
72210,90.0,150.0,210.0,145.0
72240,60.0,120.0,240.0,157.5
72270,30.0,30.0,210.0,96.66666666666667
72300,60.0,60.0,240.0,120.0
72330,30.0,90.0,270.0,95.45454545454545
72360,60.0,120.0,300.0,125.45454545454545
72390,90.0,150.0,330.0,155.45454545454547
72420,120.0,180.0,360.0,193.33333333333334
72450,30.0,210.0,390.0,210.0
72480,180.0,180.0,420.0,270.0
72510,210.0,210.0,450.0,300.0
72540,240.0,240.0,480.0,300.0
72570,270.0,270.0,510.0,330.0
72600,300.0,300.0,540.0,360.0
72630,30.0,330.0,570.0,330.0
72660,60.0,360.0,360.0,285.0
72690,30.0,90.0,390.0,225.0
72720,60.0,120.0,420.0,255.0
72750,90.0,150.0,450.0,285.0
72780,120.0,180.0,480.0,260.0
72810,150.0,210.0,510.0,290.0
72840,180.0,180.0,180.0,180.0
72870,0,0,0,0.0
72900,0,0,0,0.0
72930,30.0,30.0,30.0,30.0
72960,60.0,60.0,60.0,60.0
72990,30.0,90.0,90.0,64.28571428571429
73020,60.0,60.0,120.0,90.0
73050,30.0,90.0,150.0,100.0
73080,60.0,120.0,180.0,132.0
73110,30.0,30.0,210.0,105.0
73140,60.0,60.0,240.0,120.0
73170,30.0,90.0,270.0,135.0
73200,60.0,120.0,300.0,165.0
73230,30.0,150.0,270.0,132.0
73260,60.0,180.0,300.0,173.33333333333334
73290,90.0,210.0,330.0,184.28571428571428
73320,120.0,240.0,240.0,192.0
73350,150.0,150.0,270.0,210.0
73380,180.0,300.0,300.0,260.0
73410,210.0,210.0,210.0,210.0
73440,0,0,0,0.0
73470,0,0,0,0.0
73500,0,0,0,0.0
73530,0,0,0,0.0
73560,0,0,0,0.0
73590,0,0,0,0.0
73620,0,0,0,0.0
73650,0,0,0,0.0
73680,0,0,0,0.0
73710,30.0,30.0,30.0,30.0
73740,60.0,60.0,60.0,60.0
73770,90.0,90.0,90.0,90.0
73800,120.0,120.0,120.0,120.0
73830,30.0,30.0,30.0,30.0
73860,60.0,60.0,60.0,60.0
73890,30.0,90.0,90.0,75.0
73920,120.0,120.0,120.0,120.0
73950,30.0,30.0,150.0,64.28571428571429
73980,60.0,60.0,180.0,80.0
74010,30.0,30.0,210.0,72.0
74040,60.0,60.0,240.0,105.0
74070,30.0,90.0,150.0,107.14285714285714
74100,60.0,120.0,180.0,137.14285714285714
74130,30.0,150.0,210.0,115.71428571428571
74160,60.0,120.0,240.0,140.0
74190,90.0,90.0,270.0,150.0
74220,120.0,180.0,300.0,200.0
74250,150.0,210.0,330.0,230.0
74280,180.0,180.0,360.0,270.0
74310,30.0,210.0,390.0,210.0
74340,60.0,60.0,240.0,150.0
74370,90.0,90.0,270.0,180.0
74400,120.0,120.0,300.0,210.0
74430,30.0,30.0,330.0,180.0
74460,60.0,60.0,360.0,210.0
74490,30.0,90.0,390.0,170.0
74520,60.0,120.0,420.0,200.0
74550,30.0,90.0,450.0,150.0
74580,60.0,60.0,180.0,105.0
74610,30.0,90.0,210.0,102.0
74640,60.0,120.0,240.0,132.0
74670,30.0,90.0,270.0,103.33333333333333
74700,60.0,60.0,300.0,127.5
74730,30.0,90.0,330.0,132.0
74760,60.0,120.0,360.0,165.0
74790,30.0,150.0,330.0,150.0
74820,60.0,180.0,360.0,171.42857142857142
74850,30.0,150.0,390.0,150.0
74880,60.0,180.0,420.0,173.33333333333334
74910,90.0,210.0,450.0,217.5
74940,120.0,240.0,480.0,247.5
74970,30.0,210.0,510.0,228.0
75000,60.0,300.0,540.0,285.0
75030,90.0,210.0,570.0,282.0
75060,120.0,240.0,360.0,240.0
75090,150.0,150.0,390.0,270.0
75120,0,0,0,0.0
75150,0,0,0,0.0
75180,0,0,0,0.0
75210,0,0,0,0.0
75240,0,0,0,0.0
75270,0,0,0,0.0
75300,0,0,0,0.0
75330,0,0,0,0.0
75360,0,0,0,0.0
75390,0,0,0,0.0
75420,0,0,0,0.0
75450,0,0,0,0.0
75480,0,0,0,0.0
75510,0,0,0,0.0
75540,0,0,0,0.0
75570,0,0,0,0.0
75600,0,0,0,0.0
75630,30.0,30.0,30.0,30.0
75660,60.0,60.0,60.0,60.0
75690,30.0,30.0,90.0,51.81818181818182
75720,60.0,60.0,120.0,78.0
75750,30.0,30.0,150.0,60.0
75780,60.0,60.0,180.0,87.6923076923077
75810,30.0,90.0,210.0,94.28571428571429
75840,60.0,120.0,240.0,120.0
75870,30.0,30.0,210.0,79.0909090909091
75900,60.0,60.0,240.0,84.70588235294117
75930,30.0,90.0,210.0,82.8
75960,60.0,120.0,180.0,106.36363636363636
75990,90.0,150.0,210.0,130.0
76020,120.0,180.0,240.0,161.25
76050,150.0,210.0,270.0,177.69230769230768
76080,60.0,180.0,240.0,198.0
76110,30.0,210.0,270.0,210.0
76140,60.0,240.0,300.0,233.33333333333334
76170,30.0,270.0,330.0,220.9090909090909
76200,60.0,180.0,360.0,197.14285714285714
76230,90.0,210.0,390.0,227.14285714285714
76260,120.0,180.0,420.0,260.0
76290,150.0,210.0,450.0,300.0
76320,240.0,420.0,480.0,380.0
76350,270.0,270.0,270.0,270.0
76380,300.0,300.0,300.0,300.0
76410,330.0,330.0,330.0,330.0
76440,0,0,0,0.0
76470,30.0,30.0,30.0,30.0
76500,60.0,60.0,60.0,60.0
76530,30.0,30.0,90.0,50.0
76560,60.0,60.0,120.0,80.0
76590,90.0,90.0,90.0,90.0
76620,120.0,120.0,120.0,120.0
76650,30.0,150.0,150.0,110.0
76680,60.0,60.0,180.0,120.0
76710,90.0,90.0,210.0,150.0
76740,120.0,120.0,240.0,180.0
76770,30.0,30.0,270.0,110.0
76800,60.0,60.0,60.0,60.0
76830,30.0,30.0,90.0,54.0
76860,60.0,60.0,120.0,84.0
76890,30.0,90.0,150.0,90.0
76920,60.0,120.0,180.0,120.0
76950,30.0,90.0,210.0,110.0
76980,60.0,120.0,240.0,142.5
77010,30.0,90.0,270.0,120.0
77040,60.0,120.0,300.0,120.0
77070,30.0,90.0,330.0,135.0
77100,60.0,120.0,180.0,132.0
77130,30.0,150.0,210.0,140.0
77160,60.0,180.0,240.0,168.0
77190,90.0,150.0,270.0,180.0
77220,120.0,180.0,300.0,210.0
77250,150.0,210.0,270.0,210.0
77280,180.0,180.0,240.0,210.0
77310,210.0,210.0,270.0,240.0
77340,240.0,240.0,300.0,270.0
77370,270.0,270.0,270.0,270.0
77400,0,0,0,0.0
77430,30.0,30.0,30.0,30.0
77460,60.0,60.0,60.0,60.0
77490,30.0,30.0,90.0,47.142857142857146
77520,60.0,60.0,120.0,84.0
77550,30.0,30.0,150.0,64.28571428571429
77580,60.0,60.0,120.0,80.0
77610,30.0,90.0,150.0,90.0
77640,60.0,120.0,180.0,120.0
77670,30.0,90.0,210.0,120.0
77700,60.0,120.0,240.0,150.0
77730,30.0,90.0,270.0,112.5
77760,60.0,120.0,300.0,132.0
77790,90.0,150.0,150.0,130.0
77820,120.0,180.0,180.0,160.0
77850,150.0,150.0,210.0,180.0
77880,180.0,180.0,240.0,210.0
77910,210.0,210.0,270.0,240.0
77940,240.0,240.0,240.0,240.0
77970,0,0,0,0.0
78000,0,0,0,0.0
78030,0,0,0,0.0
78060,0,0,0,0.0
78090,0,0,0,0.0
78120,0,0,0,0.0
78150,0,0,0,0.0
78180,0,0,0,0.0
78210,0,0,0,0.0
78240,0,0,0,0.0
78270,0,0,0,0.0
78300,0,0,0,0.0
78330,30.0,30.0,30.0,30.0
78360,60.0,60.0,60.0,60.0
78390,30.0,30.0,90.0,60.0
78420,60.0,60.0,120.0,90.0
78450,30.0,90.0,150.0,98.57142857142857
78480,60.0,120.0,180.0,128.57142857142858
78510,30.0,90.0,210.0,113.57142857142857
78540,60.0,120.0,240.0,143.57142857142858
78570,30.0,150.0,270.0,142.25806451612902
78600,60.0,180.0,300.0,163.44827586206895
78630,30.0,150.0,330.0,154.86486486486487
78660,60.0,180.0,360.0,186.66666666666666
78690,90.0,210.0,390.0,217.5
78720,120.0,240.0,420.0,247.5
78750,150.0,270.0,390.0,263.7931034482759
78780,180.0,300.0,420.0,293.7931034482759
78810,210.0,330.0,450.0,312.22222222222223
78840,240.0,300.0,480.0,336.9230769230769
78870,270.0,330.0,510.0,366.9230769230769
78900,300.0,420.0,540.0,405.7142857142857
78930,330.0,390.0,570.0,426.6666666666667
78960,360.0,420.0,600.0,446.25
78990,390.0,450.0,630.0,482.0
79020,420.0,480.0,660.0,514.2857142857143
79050,450.0,510.0,690.0,550.0
79080,480.0,540.0,720.0,582.0
79110,510.0,570.0,750.0,612.0
79140,540.0,600.0,780.0,637.5
79170,570.0,630.0,810.0,650.0
79200,600.0,660.0,840.0,684.0
79230,30.0,30.0,750.0,191.25
79260,60.0,60.0,780.0,244.28571428571428
79290,30.0,30.0,750.0,141.8181818181818
79320,60.0,60.0,780.0,183.0
79350,30.0,90.0,810.0,185.45454545454547
79380,60.0,120.0,900.0,243.33333333333334
79410,30.0,90.0,870.0,168.0
79440,60.0,60.0,900.0,202.22222222222223
79470,30.0,90.0,930.0,172.94117647058823
79500,60.0,120.0,960.0,183.8709677419355
79530,30.0,90.0,330.0,117.56756756756756
79560,60.0,120.0,360.0,148.125
79590,90.0,150.0,390.0,170.0
79620,120.0,180.0,420.0,202.75862068965517
79650,150.0,210.0,450.0,225.55555555555554
79680,180.0,240.0,420.0,247.82608695652175
79710,210.0,270.0,450.0,270.0
79740,240.0,300.0,480.0,303.0
79770,270.0,330.0,510.0,320.5263157894737
79800,300.0,360.0,540.0,352.5
79830,150.0,390.0,570.0,363.75
79860,180.0,420.0,600.0,393.75
79890,30.0,390.0,630.0,375.88235294117646
79920,60.0,420.0,600.0,390.0
79950,30.0,450.0,630.0,368.8235294117647
79980,60.0,480.0,660.0,384.0
80010,90.0,510.0,690.0,410.0
80040,120.0,540.0,720.0,425.45454545454544
80070,90.0,570.0,750.0,474.0
80100,120.0,420.0,780.0,457.5
80130,30.0,30.0,810.0,156.66666666666666
80160,60.0,60.0,840.0,158.8235294117647
80190,90.0,90.0,870.0,180.0
80220,120.0,120.0,900.0,210.0
80250,30.0,150.0,930.0,210.0
80280,60.0,180.0,960.0,211.76470588235293
80310,30.0,210.0,390.0,168.94736842105263
80340,60.0,240.0,420.0,206.66666666666666
80370,30.0,210.0,270.0,178.8
80400,60.0,240.0,300.0,208.8
80430,90.0,210.0,330.0,235.0
80460,120.0,240.0,360.0,253.04347826086956
80490,150.0,270.0,390.0,289.09090909090907
80520,180.0,360.0,420.0,320.0
80550,210.0,330.0,450.0,345.0
80580,240.0,360.0,480.0,370.0
80610,270.0,390.0,510.0,397.05882352941177
80640,300.0,360.0,540.0,415.0
80670,330.0,450.0,570.0,468.0
80700,360.0,360.0,600.0,460.0
80730,390.0,390.0,630.0,490.0
80760,420.0,420.0,660.0,510.0
80790,450.0,450.0,570.0,490.0
80820,600.0,600.0,600.0,600.0
80850,30.0,30.0,30.0,30.0
80880,60.0,60.0,60.0,60.0
80910,30.0,90.0,90.0,66.0
80940,60.0,120.0,120.0,100.0
80970,30.0,30.0,150.0,78.0
81000,60.0,60.0,180.0,90.0
81030,30.0,30.0,90.0,52.5
81060,60.0,60.0,120.0,85.71428571428571
81090,30.0,30.0,150.0,70.0
81120,60.0,60.0,180.0,87.6923076923077
81150,30.0,90.0,150.0,82.5
81180,60.0,120.0,180.0,108.0
81210,30.0,90.0,150.0,95.71428571428571
81240,60.0,120.0,240.0,120.0
81270,30.0,90.0,210.0,101.53846153846153
81300,60.0,120.0,240.0,125.0
81330,30.0,90.0,270.0,115.71428571428571
81360,60.0,120.0,300.0,131.61290322580646
81390,90.0,150.0,330.0,158.0
81420,120.0,180.0,360.0,184.28571428571428
81450,150.0,210.0,390.0,207.85714285714286
81480,180.0,240.0,420.0,237.85714285714286
81510,210.0,270.0,450.0,267.6923076923077
81540,240.0,300.0,480.0,297.6923076923077
81570,270.0,330.0,510.0,338.1818181818182
81600,300.0,360.0,540.0,360.0
81630,330.0,330.0,570.0,367.5
81660,360.0,360.0,600.0,396.0
81690,390.0,390.0,630.0,410.0
81720,420.0,420.0,540.0,446.6666666666667
81750,450.0,450.0,570.0,480.0
81780,480.0,480.0,600.0,510.0
81810,510.0,510.0,630.0,555.0
81840,540.0,540.0,540.0,540.0
81870,570.0,570.0,570.0,570.0
81900,600.0,600.0,600.0,600.0
81930,30.0,30.0,630.0,330.0
81960,60.0,60.0,660.0,360.0
81990,30.0,30.0,690.0,174.0
82020,60.0,60.0,720.0,240.0
82050,30.0,90.0,750.0,222.0
82080,60.0,120.0,780.0,252.0
82110,30.0,150.0,810.0,246.0
82140,60.0,180.0,840.0,276.0
82170,30.0,210.0,870.0,282.0
82200,60.0,240.0,900.0,312.0
82230,30.0,30.0,930.0,195.0
82260,60.0,60.0,960.0,225.0
82290,90.0,150.0,990.0,278.57142857142856
82320,120.0,120.0,1020.0,320.0
82350,150.0,150.0,1050.0,350.0
82380,180.0,180.0,240.0,195.0
82410,210.0,210.0,210.0,210.0
82440,240.0,240.0,240.0,240.0
82470,30.0,30.0,270.0,150.0
82500,60.0,60.0,300.0,180.0
82530,30.0,90.0,330.0,174.0
82560,60.0,120.0,360.0,225.0
82590,90.0,150.0,390.0,255.0
82620,120.0,420.0,420.0,320.0
82650,150.0,450.0,450.0,350.0
82680,480.0,480.0,480.0,480.0
82710,510.0,510.0,510.0,510.0
82740,0,0,0,0.0
82770,0,0,0,0.0
82800,0,0,0,0.0
82830,30.0,30.0,30.0,30.0
82860,60.0,60.0,60.0,60.0
82890,30.0,30.0,90.0,45.0
82920,60.0,60.0,120.0,80.0
82950,30.0,30.0,150.0,64.28571428571429
82980,60.0,60.0,180.0,96.0
83010,30.0,30.0,150.0,57.27272727272727
83040,60.0,60.0,180.0,84.0
83070,30.0,30.0,210.0,72.85714285714286
83100,60.0,60.0,240.0,120.0
83130,30.0,90.0,270.0,98.57142857142857
83160,60.0,120.0,300.0,128.57142857142858
83190,90.0,90.0,330.0,160.0
83220,120.0,120.0,360.0,190.0
83250,150.0,210.0,390.0,234.0
83280,180.0,240.0,420.0,264.0
83310,210.0,270.0,450.0,294.0
83340,240.0,300.0,480.0,345.0
83370,270.0,270.0,510.0,390.0
83400,300.0,300.0,300.0,300.0
83430,30.0,30.0,330.0,105.0
83460,60.0,60.0,360.0,135.0
83490,30.0,90.0,90.0,75.0
83520,60.0,120.0,120.0,100.0
83550,90.0,150.0,150.0,130.0
83580,120.0,120.0,180.0,150.0
83610,150.0,150.0,210.0,180.0
83640,180.0,180.0,240.0,210.0
83670,270.0,270.0,270.0,270.0
83700,300.0,300.0,300.0,300.0
83730,30.0,30.0,330.0,180.0
83760,60.0,60.0,360.0,210.0
83790,30.0,30.0,390.0,114.0
83820,60.0,60.0,420.0,165.0
83850,30.0,90.0,150.0,90.0
83880,60.0,120.0,180.0,120.0
83910,30.0,90.0,210.0,110.0
83940,60.0,120.0,240.0,140.0
83970,30.0,90.0,270.0,114.0
84000,60.0,120.0,300.0,160.0
84030,30.0,30.0,330.0,105.0
84060,60.0,60.0,360.0,135.0
84090,30.0,90.0,390.0,138.0
84120,60.0,120.0,420.0,168.0
84150,90.0,150.0,450.0,230.0
84180,120.0,120.0,180.0,150.0
84210,30.0,30.0,150.0,70.0
84240,60.0,60.0,180.0,100.0
84270,30.0,90.0,210.0,90.0
84300,60.0,60.0,120.0,90.0
84330,90.0,150.0,150.0,130.0
84360,180.0,180.0,180.0,180.0
84390,30.0,30.0,210.0,120.0
84420,60.0,60.0,240.0,150.0
84450,30.0,90.0,270.0,130.0
84480,60.0,120.0,300.0,160.0
84510,90.0,150.0,330.0,190.0
84540,120.0,120.0,180.0,150.0
84570,150.0,150.0,210.0,180.0
84600,0,0,0,0.0
84630,30.0,30.0,30.0,30.0
84660,60.0,60.0,60.0,60.0
84690,30.0,30.0,90.0,60.0
84720,60.0,60.0,120.0,90.0
84750,30.0,30.0,150.0,75.0
84780,60.0,60.0,180.0,105.0
84810,30.0,30.0,210.0,70.0
84840,60.0,60.0,240.0,94.28571428571429
84870,30.0,90.0,270.0,90.0
84900,60.0,60.0,300.0,111.42857142857143
84930,30.0,90.0,330.0,124.28571428571429
84960,60.0,180.0,360.0,195.0
84990,30.0,90.0,210.0,135.0
85020,120.0,240.0,240.0,200.0
85050,270.0,270.0,270.0,270.0
85080,300.0,300.0,300.0,300.0
85110,0,0,0,0.0
85140,0,0,0,0.0
85170,0,0,0,0.0
85200,0,0,0,0.0
85230,0,0,0,0.0
85260,0,0,0,0.0
85290,0,0,0,0.0
85320,0,0,0,0.0
85350,0,0,0,0.0
85380,0,0,0,0.0
85410,0,0,0,0.0
85440,0,0,0,0.0
85470,0,0,0,0.0
85500,0,0,0,0.0
85530,30.0,30.0,30.0,30.0
85560,60.0,60.0,60.0,60.0
85590,30.0,30.0,90.0,48.0
85620,60.0,60.0,120.0,77.14285714285714
85650,30.0,90.0,150.0,83.33333333333333
85680,60.0,120.0,180.0,102.85714285714286
85710,90.0,150.0,210.0,150.0
85740,120.0,180.0,240.0,180.0
85770,30.0,30.0,270.0,135.0
85800,60.0,60.0,300.0,165.0
85830,90.0,270.0,330.0,230.0
85860,120.0,300.0,360.0,260.0
85890,150.0,330.0,390.0,290.0
85920,180.0,360.0,420.0,320.0
85950,210.0,390.0,450.0,350.0
85980,480.0,480.0,480.0,480.0
86010,0,0,0,0.0
86040,0,0,0,0.0
86070,0,0,0,0.0
86100,0,0,0,0.0
86130,30.0,30.0,30.0,30.0
86160,60.0,60.0,60.0,60.0
86190,30.0,30.0,90.0,60.0
86220,60.0,60.0,60.0,60.0
86250,30.0,30.0,90.0,45.0
86280,60.0,60.0,120.0,80.0
86310,30.0,90.0,150.0,90.0
86340,60.0,120.0,180.0,120.0
86370,30.0,30.0,210.0,120.0
86400,240.0,240.0,240.0,240.0
86430,30.0,30.0,270.0,70.0
86460,60.0,60.0,300.0,108.0
86490,30.0,90.0,330.0,90.0
86520,60.0,120.0,360.0,120.0
86550,30.0,30.0,390.0,94.0
86580,60.0,60.0,180.0,102.85714285714286
86610,30.0,90.0,210.0,94.28571428571429
86640,60.0,120.0,240.0,127.5
86670,30.0,30.0,270.0,81.42857142857143
86700,60.0,120.0,300.0,125.45454545454545
86730,30.0,90.0,330.0,130.0
86760,60.0,120.0,300.0,144.0
86790,30.0,90.0,270.0,133.63636363636363
86820,60.0,120.0,300.0,156.0
86850,90.0,150.0,270.0,172.5
86880,120.0,180.0,300.0,202.5
86910,150.0,210.0,330.0,232.5
86940,180.0,240.0,360.0,262.5
86970,30.0,270.0,390.0,220.9090909090909
87000,60.0,240.0,420.0,246.0
87030,30.0,270.0,450.0,235.0
87060,60.0,300.0,480.0,265.0
87090,90.0,330.0,510.0,274.61538461538464
87120,120.0,360.0,540.0,304.61538461538464
87150,150.0,390.0,570.0,355.0
87180,180.0,420.0,600.0,385.0
87210,210.0,450.0,630.0,415.0
87240,240.0,480.0,660.0,445.0
87270,270.0,510.0,690.0,475.0
87300,300.0,540.0,720.0,501.8181818181818
87330,330.0,390.0,750.0,490.0
87360,60.0,420.0,780.0,516.0
87390,90.0,450.0,810.0,499.09090909090907
87420,60.0,480.0,840.0,498.0
87450,150.0,510.0,870.0,576.6666666666666
87480,480.0,540.0,900.0,660.0
87510,510.0,570.0,930.0,690.0
87540,540.0,600.0,960.0,694.2857142857143
87570,30.0,630.0,990.0,637.5
87600,600.0,660.0,1020.0,754.2857142857143
87630,30.0,690.0,1050.0,616.6666666666666
87660,60.0,720.0,1080.0,690.0
87690,750.0,750.0,1110.0,885.0
87720,780.0,960.0,1140.0,960.0
87750,810.0,990.0,1170.0,990.0
87780,840.0,1020.0,1200.0,1020.0
87810,30.0,870.0,1230.0,642.0
87840,60.0,900.0,1260.0,825.0
87870,930.0,930.0,1290.0,1110.0
87900,960.0,960.0,1320.0,1140.0
87930,990.0,990.0,1350.0,1170.0
87960,0,0,0,0.0
87990,0,0,0,0.0
88020,0,0,0,0.0
88050,0,0,0,0.0
88080,0,0,0,0.0
88110,0,0,0,0.0
88140,0,0,0,0.0
88170,0,0,0,0.0
88200,0,0,0,0.0
88230,30.0,30.0,30.0,30.0
88260,60.0,60.0,60.0,60.0
88290,90.0,90.0,90.0,90.0
88320,120.0,120.0,120.0,120.0
88350,30.0,30.0,150.0,90.0
88380,60.0,60.0,180.0,120.0
88410,30.0,30.0,210.0,90.0
88440,60.0,60.0,60.0,60.0
88470,90.0,90.0,90.0,90.0
88500,120.0,120.0,120.0,120.0
88530,0,0,0,0.0
88560,0,0,0,0.0
88590,0,0,0,0.0
88620,0,0,0,0.0
88650,0,0,0,0.0
88680,0,0,0,0.0
88710,0,0,0,0.0
88740,0,0,0,0.0
88770,0,0,0,0.0
88800,0,0,0,0.0
88830,0,0,0,0.0
88860,0,0,0,0.0
88890,0,0,0,0.0
88920,0,0,0,0.0
88950,0,0,0,0.0
88980,0,0,0,0.0
89010,0,0,0,0.0
89040,0,0,0,0.0
89070,0,0,0,0.0
89100,0,0,0,0.0
89130,30.0,30.0,30.0,30.0
89160,60.0,60.0,60.0,60.0
89190,30.0,30.0,90.0,60.0
89220,60.0,60.0,60.0,60.0
89250,90.0,90.0,90.0,90.0
89280,120.0,120.0,120.0,120.0
89310,30.0,30.0,30.0,30.0
89340,0,0,0,0.0
89370,30.0,30.0,30.0,30.0
89400,0,0,0,0.0
89430,30.0,30.0,30.0,30.0
89460,60.0,60.0,60.0,60.0
89490,90.0,90.0,90.0,90.0
89520,120.0,120.0,120.0,120.0
89550,30.0,30.0,150.0,90.0
89580,60.0,60.0,180.0,120.0
89610,90.0,90.0,210.0,150.0
89640,120.0,120.0,240.0,180.0
89670,270.0,270.0,270.0,270.0
89700,300.0,300.0,300.0,300.0
89730,0,0,0,0.0
89760,0,0,0,0.0
89790,0,0,0,0.0
89820,0,0,0,0.0
89850,0,0,0,0.0
89880,0,0,0,0.0
89910,0,0,0,0.0
89940,0,0,0,0.0
89970,0,0,0,0.0
90000,0,0,0,0.0
90030,30.0,30.0,30.0,30.0
90060,60.0,60.0,60.0,60.0
90090,30.0,90.0,90.0,78.0
90120,60.0,120.0,120.0,105.0
90150,30.0,90.0,150.0,90.0
90180,60.0,120.0,180.0,120.0
90210,30.0,90.0,210.0,102.0
90240,60.0,120.0,240.0,150.0
90270,30.0,30.0,210.0,57.69230769230769
90300,60.0,60.0,240.0,92.72727272727273
90330,30.0,90.0,270.0,94.28571428571429
90360,60.0,120.0,300.0,129.23076923076923
90390,90.0,150.0,270.0,128.1818181818182
90420,60.0,120.0,300.0,156.0
90450,150.0,150.0,210.0,180.0
90480,180.0,180.0,240.0,210.0
90510,210.0,210.0,270.0,240.0
90540,240.0,240.0,300.0,270.0
90570,270.0,270.0,330.0,300.0
90600,300.0,300.0,360.0,330.0
90630,330.0,390.0,390.0,370.0
90660,360.0,420.0,420.0,400.0
90690,30.0,30.0,450.0,225.0
90720,420.0,420.0,480.0,450.0
90750,450.0,450.0,510.0,480.0
90780,480.0,480.0,480.0,480.0
90810,30.0,30.0,510.0,190.0
90840,60.0,60.0,60.0,60.0
90870,30.0,30.0,90.0,60.0
90900,0,0,0,0.0
90930,0,0,0,0.0
90960,0,0,0,0.0
90990,0,0,0,0.0
91020,0,0,0,0.0
91050,0,0,0,0.0
91080,0,0,0,0.0
91110,0,0,0,0.0
91140,0,0,0,0.0
91170,0,0,0,0.0
91200,0,0,0,0.0
91230,30.0,30.0,30.0,30.0
91260,60.0,60.0,60.0,60.0
91290,30.0,30.0,90.0,60.0
91320,60.0,60.0,120.0,90.0
91350,30.0,30.0,90.0,60.0
91380,60.0,60.0,60.0,60.0
91410,30.0,30.0,90.0,60.0
91440,60.0,60.0,120.0,90.0
91470,0,0,0,0.0
91500,0,0,0,0.0
91530,0,0,0,0.0
91560,0,0,0,0.0
91590,0,0,0,0.0
91620,0,0,0,0.0
91650,0,0,0,0.0
91680,0,0,0,0.0
91710,0,0,0,0.0
91740,0,0,0,0.0
91770,0,0,0,0.0
91800,0,0,0,0.0
91830,30.0,30.0,30.0,30.0
91860,60.0,60.0,60.0,60.0
91890,30.0,90.0,90.0,70.0
91920,120.0,120.0,120.0,120.0
91950,30.0,30.0,150.0,50.0
91980,60.0,60.0,60.0,60.0
92010,30.0,90.0,90.0,66.0
92040,60.0,60.0,120.0,80.0
92070,30.0,30.0,150.0,60.0
92100,60.0,60.0,120.0,75.0
92130,90.0,90.0,150.0,105.0
92160,120.0,120.0,180.0,150.0
92190,210.0,210.0,210.0,210.0
92220,240.0,240.0,240.0,240.0
92250,270.0,270.0,270.0,270.0
92280,0,0,0,0.0
92310,0,0,0,0.0
92340,0,0,0,0.0
92370,0,0,0,0.0
92400,0,0,0,0.0
92430,0,0,0,0.0
92460,0,0,0,0.0
92490,0,0,0,0.0
92520,0,0,0,0.0
92550,0,0,0,0.0
92580,0,0,0,0.0
92610,0,0,0,0.0
92640,0,0,0,0.0
92670,0,0,0,0.0
92700,0,0,0,0.0
92730,0,0,0,0.0
92760,0,0,0,0.0
92790,30.0,30.0,30.0,30.0
92820,60.0,60.0,60.0,60.0
92850,90.0,90.0,90.0,90.0
92880,120.0,120.0,120.0,120.0
92910,150.0,150.0,150.0,150.0
92940,180.0,180.0,180.0,180.0
92970,210.0,210.0,210.0,210.0
93000,240.0,240.0,240.0,240.0
93030,0,0,0,0.0
93060,0,0,0,0.0
93090,0,0,0,0.0
93120,0,0,0,0.0
93150,0,0,0,0.0
93180,0,0,0,0.0
93210,0,0,0,0.0
93240,0,0,0,0.0
93270,0,0,0,0.0
93300,0,0,0,0.0
93330,0,0,0,0.0
93360,0,0,0,0.0
93390,0,0,0,0.0
93420,0,0,0,0.0
93450,0,0,0,0.0
93480,0,0,0,0.0
93510,0,0,0,0.0
93540,0,0,0,0.0
93570,0,0,0,0.0
93600,0,0,0,0.0
93630,30.0,30.0,30.0,30.0
93660,60.0,60.0,60.0,60.0
93690,30.0,30.0,90.0,40.0
93720,60.0,60.0,120.0,72.0
93750,30.0,30.0,150.0,60.0
93780,60.0,60.0,180.0,82.5
93810,30.0,90.0,210.0,98.57142857142857
93840,60.0,120.0,240.0,120.0
93870,30.0,30.0,150.0,70.0
93900,60.0,60.0,180.0,90.0
93930,30.0,90.0,210.0,81.42857142857143
93960,60.0,120.0,240.0,132.0
93990,90.0,150.0,270.0,170.0
94020,180.0,180.0,180.0,180.0
94050,30.0,30.0,210.0,120.0
94080,60.0,60.0,240.0,150.0
94110,0,0,0,0.0
94140,0,0,0,0.0
94170,0,0,0,0.0
94200,0,0,0,0.0
94230,0,0,0,0.0
94260,0,0,0,0.0
94290,0,0,0,0.0
94320,0,0,0,0.0
94350,0,0,0,0.0
94380,0,0,0,0.0
94410,0,0,0,0.0
94440,0,0,0,0.0
94470,0,0,0,0.0
94500,0,0,0,0.0
94530,0,0,0,0.0
94560,0,0,0,0.0
94590,0,0,0,0.0
94620,0,0,0,0.0
94650,30.0,30.0,30.0,30.0
94680,60.0,60.0,60.0,60.0
94710,90.0,90.0,90.0,90.0
94740,0,0,0,0.0
94770,0,0,0,0.0
94800,0,0,0,0.0
94830,30.0,30.0,30.0,30.0
94860,60.0,60.0,60.0,60.0
94890,30.0,90.0,90.0,78.0
94920,60.0,120.0,120.0,100.0
94950,90.0,90.0,90.0,90.0
94980,120.0,120.0,120.0,120.0
95010,30.0,30.0,150.0,60.0
95040,60.0,60.0,180.0,90.0
95070,30.0,90.0,210.0,90.0
95100,60.0,60.0,240.0,120.0
95130,30.0,30.0,90.0,54.0
95160,60.0,60.0,120.0,75.0
95190,90.0,90.0,90.0,90.0
95220,120.0,120.0,120.0,120.0
95250,150.0,150.0,150.0,150.0
95280,180.0,180.0,180.0,180.0
95310,210.0,210.0,210.0,210.0
95340,240.0,240.0,240.0,240.0
95370,0,0,0,0.0
95400,0,0,0,0.0
95430,0,0,0,0.0
95460,0,0,0,0.0
95490,30.0,30.0,30.0,30.0
95520,60.0,60.0,60.0,60.0
95550,30.0,30.0,30.0,30.0
95580,0,0,0,0.0
95610,0,0,0,0.0
95640,0,0,0,0.0
95670,0,0,0,0.0
95700,0,0,0,0.0
95730,0,0,0,0.0
95760,0,0,0,0.0
95790,0,0,0,0.0
95820,0,0,0,0.0
95850,0,0,0,0.0
95880,0,0,0,0.0
95910,0,0,0,0.0
95940,0,0,0,0.0
95970,0,0,0,0.0
96000,0,0,0,0.0
96030,30.0,30.0,30.0,30.0
96060,60.0,60.0,60.0,60.0
96090,0,0,0,0.0
96120,0,0,0,0.0
96150,0,0,0,0.0
96180,0,0,0,0.0
96210,30.0,30.0,30.0,30.0
96240,60.0,60.0,60.0,60.0
96270,90.0,90.0,90.0,90.0
96300,120.0,120.0,120.0,120.0
96330,150.0,150.0,150.0,150.0
96360,0,0,0,0.0
96390,0,0,0,0.0
96420,0,0,0,0.0
96450,0,0,0,0.0
96480,0,0,0,0.0
96510,0,0,0,0.0
96540,0,0,0,0.0
96570,0,0,0,0.0
96600,0,0,0,0.0
96630,0,0,0,0.0
96660,0,0,0,0.0
96690,0,0,0,0.0
96720,0,0,0,0.0
96750,0,0,0,0.0
96780,0,0,0,0.0
96810,0,0,0,0.0
96840,0,0,0,0.0
96870,0,0,0,0.0
96900,0,0,0,0.0
96930,0,0,0,0.0
96960,0,0,0,0.0
96990,0,0,0,0.0
97020,0,0,0,0.0
97050,0,0,0,0.0
97080,0,0,0,0.0
97110,0,0,0,0.0
97140,0,0,0,0.0
97170,0,0,0,0.0
97200,0,0,0,0.0
97230,0,0,0,0.0
97260,0,0,0,0.0
97290,0,0,0,0.0
97320,0,0,0,0.0
97350,30.0,30.0,30.0,30.0
97380,60.0,60.0,60.0,60.0
97410,0,0,0,0.0
97440,0,0,0,0.0
97470,30.0,30.0,30.0,30.0
97500,60.0,60.0,60.0,60.0
97530,90.0,90.0,90.0,90.0
97560,120.0,120.0,120.0,120.0
97590,150.0,150.0,150.0,150.0
97620,180.0,180.0,180.0,180.0
97650,210.0,210.0,210.0,210.0
97680,240.0,240.0,240.0,240.0
97710,270.0,270.0,270.0,270.0
97740,300.0,300.0,300.0,300.0
97770,330.0,330.0,330.0,330.0
97800,360.0,360.0,360.0,360.0
97830,390.0,390.0,390.0,390.0
97860,420.0,420.0,420.0,420.0
97890,450.0,450.0,450.0,450.0
97920,480.0,480.0,480.0,480.0
97950,0,0,0,0.0
97980,0,0,0,0.0
98010,0,0,0,0.0
98040,0,0,0,0.0
98070,0,0,0,0.0
98100,0,0,0,0.0
98130,0,0,0,0.0
98160,0,0,0,0.0
98190,0,0,0,0.0
98220,0,0,0,0.0
98250,0,0,0,0.0
98280,0,0,0,0.0
98310,0,0,0,0.0
98340,0,0,0,0.0
98370,0,0,0,0.0
98400,0,0,0,0.0
98430,0,0,0,0.0
98460,0,0,0,0.0
98490,0,0,0,0.0
98520,0,0,0,0.0
98550,0,0,0,0.0
98580,0,0,0,0.0
98610,0,0,0,0.0
98640,0,0,0,0.0
98670,0,0,0,0.0
98700,0,0,0,0.0
98730,0,0,0,0.0
98760,0,0,0,0.0
98790,0,0,0,0.0
98820,0,0,0,0.0
98850,0,0,0,0.0
98880,0,0,0,0.0
98910,0,0,0,0.0
98940,0,0,0,0.0
98970,0,0,0,0.0
99000,0,0,0,0.0
99030,0,0,0,0.0
99060,0,0,0,0.0
99090,0,0,0,0.0
99120,0,0,0,0.0
99150,0,0,0,0.0
99180,0,0,0,0.0
99210,0,0,0,0.0
99240,0,0,0,0.0
99270,0,0,0,0.0
99300,0,0,0,0.0
99330,0,0,0,0.0
99360,0,0,0,0.0
99390,0,0,0,0.0
99420,0,0,0,0.0
99450,0,0,0,0.0
99480,0,0,0,0.0
99510,0,0,0,0.0
99540,0,0,0,0.0
99570,0,0,0,0.0
99600,0,0,0,0.0
99630,0,0,0,0.0
99660,0,0,0,0.0
99690,0,0,0,0.0
99720,0,0,0,0.0
99750,0,0,0,0.0
99780,0,0,0,0.0
99810,0,0,0,0.0
99840,0,0,0,0.0
99870,0,0,0,0.0
99900,0,0,0,0.0
99930,30.0,30.0,30.0,30.0
99960,60.0,60.0,60.0,60.0
99990,30.0,30.0,90.0,60.0
100020,60.0,60.0,60.0,60.0
100050,30.0,30.0,90.0,50.0
100080,60.0,60.0,60.0,60.0
100110,30.0,90.0,90.0,70.0
100140,0,0,0,0.0
100170,0,0,0,0.0
100200,0,0,0,0.0
100230,30.0,30.0,30.0,30.0
100260,60.0,60.0,60.0,60.0
100290,90.0,90.0,90.0,90.0
100320,120.0,120.0,120.0,120.0
100350,150.0,150.0,150.0,150.0
100380,180.0,180.0,180.0,180.0
100410,0,0,0,0.0
100440,0,0,0,0.0
100470,0,0,0,0.0
100500,0,0,0,0.0
100530,0,0,0,0.0
100560,0,0,0,0.0
100590,0,0,0,0.0
100620,0,0,0,0.0
100650,0,0,0,0.0
100680,0,0,0,0.0
100710,0,0,0,0.0
100740,0,0,0,0.0
100770,0,0,0,0.0
100800,0,0,0,0.0
100830,30.0,30.0,30.0,30.0
100860,60.0,60.0,60.0,60.0
100890,90.0,90.0,90.0,90.0
100920,120.0,120.0,120.0,120.0
100950,30.0,150.0,150.0,110.0
100980,60.0,180.0,180.0,140.0
101010,30.0,90.0,210.0,110.0
101040,60.0,120.0,240.0,140.0
101070,30.0,90.0,270.0,135.0
101100,60.0,120.0,300.0,165.0
101130,90.0,150.0,330.0,195.0
101160,120.0,180.0,360.0,225.0
101190,150.0,210.0,390.0,255.0
101220,180.0,240.0,420.0,285.0
101250,210.0,270.0,450.0,315.0
101280,240.0,300.0,480.0,345.0
101310,270.0,330.0,510.0,375.0
101340,300.0,360.0,540.0,405.0
101370,330.0,390.0,570.0,435.0
101400,360.0,420.0,600.0,465.0
101430,390.0,450.0,630.0,495.0
101460,420.0,480.0,660.0,525.0
101490,450.0,510.0,690.0,555.0
101520,480.0,540.0,720.0,585.0
101550,510.0,570.0,750.0,615.0
101580,540.0,600.0,780.0,645.0
101610,570.0,630.0,810.0,670.0
101640,600.0,660.0,840.0,700.0
101670,630.0,690.0,870.0,730.0
101700,660.0,660.0,720.0,690.0
101730,750.0,750.0,750.0,750.0
101760,780.0,780.0,780.0,780.0
101790,810.0,810.0,810.0,810.0
101820,840.0,840.0,840.0,840.0
101850,870.0,870.0,870.0,870.0
101880,0,0,0,0.0
101910,0,0,0,0.0
101940,0,0,0,0.0
101970,0,0,0,0.0
102000,0,0,0,0.0
102030,0,0,0,0.0
102060,0,0,0,0.0
102090,0,0,0,0.0
102120,0,0,0,0.0
102150,0,0,0,0.0
102180,0,0,0,0.0
102210,0,0,0,0.0
102240,0,0,0,0.0
102270,0,0,0,0.0
102300,0,0,0,0.0
102330,0,0,0,0.0
102360,0,0,0,0.0
102390,0,0,0,0.0
102420,0,0,0,0.0
102450,0,0,0,0.0
102480,0,0,0,0.0
102510,0,0,0,0.0
102540,0,0,0,0.0
102570,0,0,0,0.0
102600,0,0,0,0.0
102630,0,0,0,0.0
102660,0,0,0,0.0
102690,0,0,0,0.0
102720,0,0,0,0.0
102750,0,0,0,0.0
102780,0,0,0,0.0
102810,0,0,0,0.0
102840,0,0,0,0.0
102870,0,0,0,0.0
102900,0,0,0,0.0
102930,0,0,0,0.0
102960,0,0,0,0.0
102990,0,0,0,0.0
103020,0,0,0,0.0
103050,0,0,0,0.0
103080,0,0,0,0.0
103110,0,0,0,0.0
103140,0,0,0,0.0
103170,0,0,0,0.0
103200,0,0,0,0.0
103230,0,0,0,0.0
103260,0,0,0,0.0
103290,0,0,0,0.0
103320,0,0,0,0.0
103350,0,0,0,0.0
103380,0,0,0,0.0
103410,0,0,0,0.0
103440,0,0,0,0.0
103470,0,0,0,0.0
103500,0,0,0,0.0
103530,0,0,0,0.0
103560,0,0,0,0.0
103590,0,0,0,0.0
103620,0,0,0,0.0
103650,0,0,0,0.0
103680,0,0,0,0.0
103710,0,0,0,0.0
103740,0,0,0,0.0
103770,0,0,0,0.0
103800,0,0,0,0.0
103830,0,0,0,0.0
103860,0,0,0,0.0
103890,0,0,0,0.0
103920,0,0,0,0.0
103950,0,0,0,0.0
103980,0,0,0,0.0
104010,0,0,0,0.0
104040,0,0,0,0.0
104070,0,0,0,0.0
104100,0,0,0,0.0
104130,0,0,0,0.0
104160,0,0,0,0.0
104190,0,0,0,0.0
104220,0,0,0,0.0
104250,0,0,0,0.0
104280,0,0,0,0.0
104310,0,0,0,0.0
104340,0,0,0,0.0
104370,0,0,0,0.0
104400,0,0,0,0.0
104430,0,0,0,0.0
104460,0,0,0,0.0
104490,0,0,0,0.0
104520,0,0,0,0.0
104550,0,0,0,0.0
104580,0,0,0,0.0
104610,0,0,0,0.0
104640,0,0,0,0.0
104670,0,0,0,0.0
104700,0,0,0,0.0
104730,0,0,0,0.0
104760,0,0,0,0.0
104790,0,0,0,0.0
104820,0,0,0,0.0
104850,0,0,0,0.0
104880,0,0,0,0.0
104910,0,0,0,0.0
104940,0,0,0,0.0
104970,0,0,0,0.0
105000,0,0,0,0.0
105030,0,0,0,0.0
105060,0,0,0,0.0
105090,0,0,0,0.0
105120,0,0,0,0.0
105150,0,0,0,0.0
105180,0,0,0,0.0
105210,0,0,0,0.0
105240,0,0,0,0.0
105270,0,0,0,0.0
105300,0,0,0,0.0
105330,0,0,0,0.0
105360,0,0,0,0.0
105390,0,0,0,0.0
105420,0,0,0,0.0
105450,0,0,0,0.0
105480,0,0,0,0.0
105510,0,0,0,0.0
105540,0,0,0,0.0
105570,0,0,0,0.0
105600,0,0,0,0.0
105630,0,0,0,0.0
105660,0,0,0,0.0
105690,0,0,0,0.0
105720,0,0,0,0.0
105750,0,0,0,0.0
105780,0,0,0,0.0
105810,0,0,0,0.0
105840,0,0,0,0.0
105870,0,0,0,0.0
105900,0,0,0,0.0
105930,0,0,0,0.0
105960,0,0,0,0.0
105990,0,0,0,0.0
106020,0,0,0,0.0
106050,0,0,0,0.0
106080,0,0,0,0.0
106110,0,0,0,0.0
106140,0,0,0,0.0
106170,0,0,0,0.0
106200,0,0,0,0.0
106230,0,0,0,0.0
106260,0,0,0,0.0
106290,0,0,0,0.0
106320,0,0,0,0.0
106350,0,0,0,0.0
106380,0,0,0,0.0
106410,0,0,0,0.0
106440,0,0,0,0.0
106470,0,0,0,0.0
106500,0,0,0,0.0
106530,0,0,0,0.0
106560,0,0,0,0.0
106590,0,0,0,0.0
106620,0,0,0,0.0
106650,0,0,0,0.0
106680,0,0,0,0.0
106710,0,0,0,0.0
106740,0,0,0,0.0
106770,0,0,0,0.0
106800,0,0,0,0.0
106830,0,0,0,0.0
106860,0,0,0,0.0
106890,0,0,0,0.0
106920,0,0,0,0.0
106950,0,0,0,0.0
106980,0,0,0,0.0
107010,0,0,0,0.0
107040,0,0,0,0.0
107070,0,0,0,0.0
107100,0,0,0,0.0
107130,0,0,0,0.0
107160,0,0,0,0.0
107190,0,0,0,0.0
107220,0,0,0,0.0
107250,0,0,0,0.0
107280,0,0,0,0.0
107310,0,0,0,0.0
107340,0,0,0,0.0
107370,0,0,0,0.0
107400,0,0,0,0.0
107430,0,0,0,0.0
107460,0,0,0,0.0
107490,0,0,0,0.0
107520,0,0,0,0.0
107550,0,0,0,0.0
107580,0,0,0,0.0
107610,0,0,0,0.0
107640,0,0,0,0.0
107670,0,0,0,0.0
107700,0,0,0,0.0
107730,0,0,0,0.0
107760,0,0,0,0.0
107790,0,0,0,0.0
107820,0,0,0,0.0
107850,0,0,0,0.0
107880,0,0,0,0.0
107910,0,0,0,0.0
107940,0,0,0,0.0
107970,0,0,0,0.0
108000,0,0,0,0.0
