30,0,0,0,200,0
60,0,0,0,200,0
90,0,0,0,200,0
120,0,0,0,200,0
150,0,0,0,200,0
180,0,0,0,200,0
210,0,0,0,200,0
240,0,0,0,200,0
270,0,0,0,200,0
300,0,0,0,200,0
330,0,0,0,200,0
360,0,0,0,200,0
390,0,0,0,200,0
420,0,0,0,200,0
450,0,0,0,200,0
480,0,0,0,200,0
510,0,0,0,200,0
540,0,0,0,200,0
570,0,0,0,200,0
600,0,0,0,200,0
630,0,0,0,200,0
660,0,0,0,200,0
690,0,0,0,200,0
720,0,0,0,200,0
750,0,0,0,200,0
780,0,0,0,200,0
810,0,0,0,200,0
840,0,0,0,200,0
870,0,0,0,200,0
900,0,0,0,200,0
930,0,0,0,200,0
960,0,0,0,200,0
990,0,0,0,200,0
1020,0,0,0,200,0
1050,0,0,0,200,0
1080,0,0,0,200,0
1110,0,0,0,200,0
1140,0,0,0,200,0
1170,0,0,0,200,0
1200,0,0,0,200,0
1230,0,0,0,200,0
1260,0,0,0,200,0
1290,0,0,0,200,0
1320,0,0,0,200,0
1350,0,0,0,200,0
1380,0,0,0,200,0
1410,0,0,0,200,0
1440,0,0,0,200,0
1470,0,0,0,200,0
1500,0,0,0,200,0
1530,0,0,0,200,0
1560,0,0,0,200,0
1590,0,0,0,200,0
1620,0,0,0,200,0
1650,0,0,0,200,0
1680,0,0,0,200,0
1710,0,0,0,200,0
1740,0,0,0,200,0
1770,0,0,0,200,0
1800,0,0,0,200,0
1830,0,0,0,200,0
1860,0,0,0,200,0
1890,0,0,0,200,0
1920,0,0,0,200,0
1950,0,0,0,200,0
1980,0,0,0,200,0
2010,0,0,0,200,0
2040,0,0,0,200,0
2070,0,0,0,200,0
2100,0,0,0,200,0
2130,0,0,0,200,0
2160,0,0,0,200,0
2190,0,0,0,200,0
2220,0,0,0,200,0
2250,0,0,0,200,0
2280,0,0,0,200,0
2310,0,0,0,200,0
2340,0,0,0,200,0
2370,0,0,0,200,0
2400,0,0,0,200,0
2430,0,0,0,200,0
2460,0,0,0,200,0
2490,0,0,0,200,0
2520,0,0,0,200,0
2550,0,0,0,200,0
2580,0,0,0,200,0
2610,0,0,0,200,0
2640,0,0,0,200,0
2670,0,0,0,200,0
2700,0,0,0,200,0
2730,0,0,0,200,0
2760,0,0,0,200,0
2790,0,0,0,200,0
2820,0,0,0,200,0
2850,0,0,0,200,0
2880,0,0,0,200,0
2910,0,0,0,200,0
2940,0,0,0,200,0
2970,0,0,0,200,0
3000,0,0,0,200,0
3030,0,0,0,200,0
3060,0,0,0,200,0
3090,0,0,0,200,0
3120,0,0,0,200,0
3150,0,0,0,200,0
3180,0,0,0,200,0
3210,0,0,0,200,0
3240,0,0,0,200,0
3270,0,0,0,200,0
3300,0,0,0,200,0
3330,0,0,0,200,0
3360,0,0,0,200,0
3390,0,0,0,200,0
3420,0,0,0,200,0
3450,0,0,0,200,0
3480,0,0,0,200,0
3510,0,0,0,200,0
3540,0,0,0,200,0
3570,0,0,0,200,0
3600,0,0,0,200,0
3630,0,0,0,200,0
3660,0,0,0,200,0
3690,0,0,0,200,0
3720,0,0,0,200,0
3750,0,0,0,200,0
3780,0,0,0,200,0
3810,0,0,0,200,0
3840,0,0,0,200,0
3870,0,0,0,200,0
3900,0,0,0,200,0
3930,0,0,0,200,0
3960,0,0,0,200,0
3990,0,0,0,200,0
4020,0,0,0,200,0
4050,0,0,0,200,0
4080,0,0,0,200,0
4110,0,0,0,200,0
4140,0,0,0,200,0
4170,0,0,0,200,0
4200,0,0,0,200,0
4230,0,0,0,200,0
4260,0,0,0,200,0
4290,0,0,0,200,0
4320,0,0,0,200,0
4350,0,0,0,200,0
4380,0,0,0,200,0
4410,0,0,0,200,0
4440,0,0,0,200,0
4470,0,0,0,200,0
4500,0,0,0,200,0
4530,0,0,0,200,0
4560,0,0,0,200,0
4590,0,0,0,200,0
4620,0,0,0,200,0
4650,0,0,0,200,0
4680,0,0,0,200,0
4710,0,0,0,200,0
4740,0,0,0,200,0
4770,0,0,0,200,0
4800,0,0,0,200,0
4830,0,0,0,200,0
4860,0,0,0,200,0
4890,0,0,0,200,0
4920,0,0,0,200,0
4950,0,0,0,200,0
4980,0,0,0,200,0
5010,0,0,0,200,0
5040,0,0,0,200,0
5070,0,0,0,200,0
5100,0,0,0,200,0
5130,0,0,0,200,0
5160,0,0,0,200,0
5190,0,0,0,200,0
5220,0,0,0,200,0
5250,0,0,0,200,0
5280,0,0,0,200,0
5310,0,0,0,200,0
5340,0,0,0,200,0
5370,0,0,0,200,0
5400,0,0,0,200,0
5430,0,0,0,200,0
5460,0,0,0,200,0
5490,0,0,0,200,0
5520,0,0,0,200,0
5550,0,0,0,200,0
5580,0,0,0,200,0
5610,0,0,0,200,0
5640,0,0,0,200,0
5670,0,0,0,200,0
5700,0,0,0,200,0
5730,0,0,0,200,0
5760,0,0,0,200,0
5790,0,0,0,200,0
5820,0,0,0,200,0
5850,0,0,0,200,0
5880,0,0,0,200,0
5910,0,0,0,200,0
5940,0,0,0,200,0
5970,0,0,0,200,0
6000,0,0,0,200,0
6030,0,0,0,200,0
6060,0,0,0,200,0
6090,0,0,0,200,0
6120,0,0,0,200,0
6150,0,0,0,200,0
6180,0,0,0,200,0
6210,0,0,0,200,0
6240,0,0,0,200,0
6270,0,0,0,200,0
6300,0,0,0,200,0
6330,0,0,0,200,0
6360,0,0,0,200,0
6390,0,0,0,200,0
6420,0,0,0,200,0
6450,0,0,0,200,0
6480,0,0,0,200,0
6510,0,0,0,200,0
6540,0,0,0,200,0
6570,0,0,0,200,0
6600,0,0,0,200,0
6630,0,0,0,200,0
6660,0,0,0,200,0
6690,0,0,0,200,0
6720,0,0,0,200,0
6750,0,0,0,200,0
6780,0,0,0,200,0
6810,0,0,0,200,0
6840,0,0,0,200,0
6870,0,0,0,200,0
6900,0,0,0,200,0
6930,0,0,0,200,0
6960,0,0,0,200,0
6990,0,0,0,200,0
7020,0,0,0,200,0
7050,0,0,0,200,0
7080,0,0,0,200,0
7110,0,0,0,200,0
7140,0,0,0,200,0
7170,0,0,0,200,0
7200,0,0,0,200,0
7230,0,0,0,200,0
7260,0,0,0,200,0
7290,0,0,0,200,0
7320,0,0,0,200,0
7350,0,0,0,200,0
7380,0,0,0,200,0
7410,0,0,0,200,0
7440,0,0,0,200,0
7470,0,0,0,200,0
7500,0,0,0,200,0
7530,0,0,0,200,0
7560,0,0,0,200,0
7590,0,0,0,200,0
7620,0,0,0,200,0
7650,0,0,0,200,0
7680,0,0,0,200,0
7710,0,0,0,200,0
7740,0,0,0,200,0
7770,0,0,0,200,0
7800,0,0,0,200,0
7830,0,0,0,200,0
7860,0,0,0,200,0
7890,0,0,0,200,0
7920,0,0,0,200,0
7950,0,0,0,200,0
7980,0,0,0,200,0
8010,0,0,0,200,0
8040,0,0,0,200,0
8070,0,0,0,200,0
8100,0,0,0,200,0
8130,0,0,0,200,0
8160,0,0,0,200,0
8190,0,0,0,200,0
8220,0,0,0,200,0
8250,0,0,0,200,0
8280,0,0,0,200,0
8310,0,0,0,200,0
8340,0,0,0,200,0
8370,0,0,0,200,0
8400,0,0,0,200,0
8430,0,0,0,200,0
8460,0,0,0,200,0
8490,0,0,0,200,0
8520,0,0,0,200,0
8550,0,0,0,200,0
8580,0,0,0,200,0
8610,0,0,0,200,0
8640,0,0,0,200,0
8670,0,0,0,200,0
8700,0,0,0,200,0
8730,0,0,0,200,0
8760,0,0,0,200,0
8790,0,0,0,200,0
8820,0,0,0,200,0
8850,0,0,0,200,0
8880,0,0,0,200,0
8910,0,0,0,200,0
8940,0,0,0,200,0
8970,0,0,0,200,0
9000,0,0,0,200,0
9030,0,0,0,200,0
9060,0,0,0,200,0
9090,0,0,0,200,0
9120,0,0,0,200,0
9150,0,0,0,200,0
9180,0,0,0,200,0
9210,0,0,0,200,0
9240,0,0,0,200,0
9270,0,0,0,200,0
9300,0,0,0,200,0
9330,0,0,0,200,0
9360,0,0,0,200,0
9390,0,0,0,200,0
9420,0,0,0,200,0
9450,0,0,0,200,0
9480,0,0,0,200,0
9510,0,0,0,200,0
9540,0,0,0,200,0
9570,0,0,0,200,0
9600,0,0,0,200,0
9630,0,0,0,200,0
9660,0,0,0,200,0
9690,0,0,0,200,0
9720,0,0,0,200,0
9750,0,0,0,200,0
9780,0,0,0,200,0
9810,0,0,0,200,0
9840,0,0,0,200,0
9870,0,0,0,200,0
9900,0,0,0,200,0
9930,0,0,0,200,0
9960,0,0,0,200,0
9990,0,0,0,200,0
10020,0,0,0,200,0
10050,0,0,0,200,0
10080,0,0,0,200,0
10110,0,0,0,200,0
10140,0,0,0,200,0
10170,0,0,0,200,0
10200,0,0,0,200,0
10230,0,0,0,200,0
10260,0,0,0,200,0
10290,0,0,0,200,0
10320,0,0,0,200,0
10350,0,0,0,200,0
10380,0,0,0,200,0
10410,0,0,0,200,0
10440,0,0,0,200,0
10470,0,0,0,200,0
10500,0,0,0,200,0
10530,0,0,0,200,0
10560,0,0,0,200,0
10590,0,0,0,200,0
10620,0,0,0,200,0
10650,0,0,0,200,0
10680,0,0,0,200,0
10710,0,0,0,200,0
10740,0,0,0,200,0
10770,0,0,0,200,0
10800,0,0,0,200,0
10830,0,0,0,200,0
10860,0,0,0,200,0
10890,0,0,0,200,0
10920,0,0,0,200,0
10950,0,0,0,200,0
10980,0,0,0,200,0
11010,0,0,0,200,0
11040,0,0,0,200,0
11070,0,0,0,200,0
11100,0,0,0,200,0
11130,0,0,0,200,0
11160,0,0,0,200,0
11190,0,0,0,200,0
11220,0,0,0,200,0
11250,0,0,0,200,0
11280,0,0,0,200,0
11310,0,0,0,200,0
11340,0,0,0,200,0
11370,0,0,0,200,0
11400,0,0,0,200,0
11430,0,0,0,200,0
11460,0,0,0,200,0
11490,0,0,0,200,0
11520,0,0,0,200,0
11550,0,0,0,200,0
11580,0,0,0,200,0
11610,0,0,0,200,0
11640,0,0,0,200,0
11670,0,0,0,200,0
11700,0,0,0,200,0
11730,0,0,0,200,0
11760,0,0,0,200,0
11790,0,0,0,200,0
11820,0,0,0,200,0
11850,0,0,0,200,0
11880,0,0,0,200,0
11910,0,0,0,200,0
11940,0,0,0,200,0
11970,0,0,0,200,0
12000,0,0,0,200,0
12030,0,0,0,200,0
12060,0,0,0,200,0
12090,0,0,0,200,0
12120,0,0,0,200,0
12150,0,0,0,200,0
12180,0,0,0,200,0
12210,0,0,0,200,0
12240,0,0,0,200,0
12270,0,0,0,200,0
12300,0,0,0,200,0
12330,0,0,0,200,0
12360,0,0,0,200,0
12390,0,0,0,200,0
12420,0,0,0,200,0
12450,0,0,0,200,0
12480,0,0,0,200,0
12510,0,0,0,200,0
12540,0,0,0,200,0
12570,0,0,0,200,0
12600,0,0,0,200,0
12630,0,0,0,200,0
12660,0,0,0,200,0
12690,0,0,0,200,0
12720,0,0,0,200,0
12750,0,0,0,200,0
12780,0,0,0,200,0
12810,0,0,0,200,0
12840,0,0,0,200,0
12870,0,0,0,200,0
12900,0,0,0,200,0
12930,0,0,0,200,0
12960,0,0,0,200,0
12990,0,0,0,200,0
13020,0,0,0,200,0
13050,0,0,0,200,0
13080,0,0,0,200,0
13110,0,0,0,200,0
13140,0,0,0,200,0
13170,0,0,0,200,0
13200,0,0,0,200,0
13230,0,0,0,200,0
13260,0,0,0,200,0
13290,0,0,0,200,0
13320,0,0,0,200,0
13350,0,0,0,200,0
13380,0,0,0,200,0
13410,0,0,0,200,0
13440,0,0,0,200,0
13470,0,0,0,200,0
13500,0,0,0,200,0
13530,0,0,0,200,0
13560,0,0,0,200,0
13590,0,0,0,200,0
13620,0,0,0,200,0
13650,0,0,0,200,0
13680,0,0,0,200,0
13710,0,0,0,200,0
13740,0,0,0,200,0
13770,0,0,0,200,0
13800,0,0,0,200,0
13830,0,0,0,200,0
13860,0,0,0,200,0
13890,0,0,0,200,0
13920,0,0,0,200,0
13950,0,0,0,200,0
13980,0,0,0,200,0
14010,0,0,0,200,0
14040,0,0,0,200,0
14070,0,0,0,200,0
14100,0,0,0,200,0
14130,0,0,0,200,0
14160,0,0,0,200,0
14190,0,0,0,200,0
14220,0,0,0,200,0
14250,0,0,0,200,0
14280,0,0,0,200,0
14310,0,0,0,200,0
14340,0,0,0,200,0
14370,0,0,0,200,0
14400,0,0,0,200,0
14430,0,0,0,200,0
14460,0,0,0,200,0
14490,0,2,0,198,0
14520,1,1,0,198,0
14550,1,1,0,198,0
14580,2,0,0,198,0
14610,2,1,0,197,0
14640,2,1,0,197,0
14670,3,1,0,196,0
14700,4,0,0,196,0
14730,4,0,0,196,0
14760,4,0,0,196,0
14790,4,0,0,196,0
14820,4,0,0,196,0
14850,4,0,0,196,0
14880,4,0,0,196,0
14910,4,0,0,196,0
14940,4,0,0,196,0
14970,4,0,0,196,0
15000,4,0,0,196,0
15030,4,0,0,196,0
15060,4,0,0,196,0
15090,4,0,0,196,0
15120,4,0,0,196,0
15150,4,0,0,196,0
15180,3,0,0,197,0
15210,2,0,0,198,0
15240,2,0,0,198,0
15270,2,0,0,198,0
15300,2,0,0,198,0
15330,2,0,0,198,0
15360,2,0,0,198,0
15390,2,0,0,198,0
15420,2,0,0,198,0
15450,1,0,0,199,0
15480,1,0,0,199,0
15510,1,0,0,199,0
15540,1,0,0,199,0
15570,1,0,0,199,0
15600,1,0,0,199,0
15630,1,0,0,199,0
15660,0,0,0,200,0
15690,0,0,0,200,0
15720,0,0,0,200,0
15750,0,0,0,200,0
15780,0,0,0,200,0
15810,0,0,0,200,0
15840,0,0,0,200,0
15870,0,0,0,200,0
15900,0,0,0,200,0
15930,0,0,0,200,0
15960,0,0,0,200,0
15990,0,0,0,200,0
16020,0,0,0,200,0
16050,0,0,0,200,0
16080,0,0,0,200,0
16110,0,0,0,200,0
16140,0,0,0,200,0
16170,0,0,0,200,0
16200,0,0,0,200,0
16230,0,0,0,200,0
16260,0,0,0,200,0
16290,0,0,0,200,0
16320,0,0,0,200,0
16350,0,0,0,200,0
16380,0,0,0,200,0
16410,0,0,0,200,0
16440,0,0,0,200,0
16470,0,0,0,200,0
16500,0,0,0,200,0
16530,0,1,0,199,0
16560,0,1,0,199,0
16590,0,1,0,199,0
16620,0,1,0,199,0
16650,1,0,0,199,0
16680,1,0,0,199,0
16710,1,0,0,199,0
16740,1,0,0,199,0
16770,1,0,0,199,0
16800,1,0,0,199,0
16830,1,0,0,199,0
16860,1,0,0,199,0
16890,1,0,0,199,0
16920,1,0,0,199,0
16950,1,0,0,199,0
16980,1,0,0,199,0
17010,1,1,0,198,0
17040,1,1,0,198,0
17070,1,2,0,197,0
17100,1,2,0,197,0
17130,1,2,0,197,0
17160,2,1,0,197,0
17190,3,0,0,197,0
17220,3,0,0,197,0
17250,3,0,0,197,0
17280,3,0,0,197,0
17310,3,0,0,197,0
17340,3,0,0,197,0
17370,2,0,0,198,0
17400,2,0,0,198,0
17430,2,0,0,198,0
17460,2,0,0,198,0
17490,2,0,0,198,0
17520,2,0,0,198,0
17550,2,0,0,198,0
17580,1,0,0,199,0
17610,1,0,0,199,0
17640,1,0,0,199,0
17670,0,0,0,200,0
17700,0,0,0,200,0
17730,0,0,0,200,0
17760,0,0,0,200,0
17790,0,0,0,200,0
17820,0,0,0,200,0
17850,0,0,0,200,0
17880,0,0,0,200,0
17910,0,0,0,200,0
17940,0,0,0,200,0
17970,0,0,0,200,0
18000,0,0,0,200,0
18030,0,0,0,200,0
18060,0,0,0,200,0
18090,0,0,0,200,0
18120,0,0,0,200,0
18150,0,0,0,200,0
18180,0,0,0,200,0
18210,0,1,0,199,0
18240,0,1,0,199,0
18270,0,1,0,199,0
18300,0,1,0,199,0
18330,1,1,0,198,0
18360,1,1,0,198,0
18390,2,0,0,198,0
18420,2,0,0,198,0
18450,2,0,0,198,0
18480,2,0,0,198,0
18510,2,0,0,198,0
18540,2,0,0,198,0
18570,2,0,0,198,0
18600,2,0,0,198,0
18630,2,0,0,198,0
18660,1,0,0,199,0
18690,1,0,0,199,0
18720,0,0,0,200,0
18750,0,0,0,200,0
18780,0,0,0,200,0
18810,0,0,0,200,0
18840,0,0,0,200,0
18870,0,0,0,200,0
18900,0,0,0,200,0
18930,0,1,0,199,0
18960,0,1,0,199,0
18990,0,2,0,198,0
19020,0,2,0,198,0
19050,1,2,0,197,0
19080,1,2,0,197,0
19110,1,3,0,196,0
19140,1,3,0,196,0
19170,1,4,0,195,0
19200,3,2,0,195,0
19230,3,3,0,194,0
19260,3,3,0,194,0
19290,4,2,0,194,0
19320,4,2,0,194,0
19350,4,2,0,194,0
19380,5,1,0,194,0
19410,6,0,0,194,0
19440,5,0,0,195,0
19470,5,0,0,195,0
19500,5,0,0,195,0
19530,5,0,0,195,0
19560,4,0,0,196,0
19590,3,0,0,197,0
19620,3,0,0,197,0
19650,2,0,0,198,0
19680,2,0,0,198,0
19710,2,0,0,198,0
19740,2,0,0,198,0
19770,1,0,0,199,0
19800,1,0,0,199,0
19830,1,3,0,196,0
19860,0,3,0,197,0
19890,1,4,0,195,0
19920,2,3,0,195,0
19950,2,5,0,193,0
19980,2,5,0,193,0
20010,4,4,0,192,0
20040,5,3,0,192,0
20070,5,3,0,192,0
20100,6,2,0,192,0
20130,6,2,0,192,0
20160,7,1,0,192,0
20190,7,1,0,192,0
20220,8,0,0,192,0
20250,8,0,0,192,0
20280,8,0,0,192,0
20310,8,0,0,192,0
20340,8,0,0,192,0
20370,8,0,0,192,0
20400,7,0,0,193,0
20430,7,1,0,192,0
20460,8,0,0,192,0
20490,7,1,0,192,0
20520,7,1,0,192,0
20550,7,1,0,192,0
20580,7,1,0,192,0
20610,7,1,0,192,0
20640,8,0,0,192,0
20670,6,1,0,193,0
20700,6,1,0,193,0
20730,5,1,0,194,0
20760,5,0,0,195,0
20790,5,1,0,194,0
20820,5,1,0,194,0
20850,6,2,0,192,0
20880,6,2,0,192,0
20910,6,1,0,193,0
20940,6,0,0,194,0
20970,6,0,0,194,0
21000,6,0,0,194,0
21030,5,0,0,195,0
21060,5,0,0,195,0
21090,4,0,0,196,0
21120,4,0,0,196,0
21150,4,0,0,196,0
21180,4,0,0,196,0
21210,4,0,0,196,0
21240,4,0,0,196,0
21270,3,0,0,197,0
21300,3,0,0,197,0
21330,2,0,0,198,0
21360,1,0,0,199,0
21390,1,0,0,199,0
21420,1,0,0,199,0
21450,0,0,0,200,0
21480,0,0,0,200,0
21510,0,0,0,200,0
21540,0,0,0,200,0
21570,0,0,0,200,0
21600,0,0,0,200,0
21630,0,1,0,199,0
21660,0,1,0,199,0
21690,1,3,0,196,0
21720,1,3,0,196,0
21750,1,6,0,193,0
21780,3,4,0,193,0
21810,5,4,0,191,0
21840,5,4,0,191,0
21870,7,7,0,186,0
21900,7,7,0,186,0
21930,8,9,0,183,0
21960,8,9,0,183,0
21990,9,8,0,183,0
22020,10,7,0,183,0
22050,11,6,0,183,0
22080,11,6,0,183,0
22110,12,6,0,182,0
22140,13,5,0,182,0
22170,15,3,0,182,0
22200,17,1,0,182,0
22230,17,4,0,179,0
22260,16,4,0,180,0
22290,16,4,0,180,0
22320,16,4,0,180,0
22350,16,4,0,180,0
22380,16,4,0,180,0
22410,16,4,0,180,0
22440,17,3,0,180,0
22470,16,4,0,180,0
22500,16,4,0,180,0
22530,14,5,0,181,0
22560,12,5,0,183,0
22590,11,6,0,183,0
22620,12,4,0,184,0
22650,12,4,0,184,0
22680,11,4,0,185,0
22710,10,6,0,184,0
22740,11,5,0,184,0
22770,13,3,0,184,0
22800,13,2,0,185,0
22830,14,5,0,181,0
22860,14,5,0,181,0
22890,12,5,0,183,0
22920,13,4,0,183,0
22950,14,4,0,182,0
22980,14,4,0,182,0
23010,13,5,0,182,0
23040,13,5,0,182,0
23070,12,7,0,181,0
23100,10,7,0,183,0
23130,11,6,0,183,0
23160,11,6,0,183,0
23190,12,5,0,183,0
23220,12,5,0,183,0
23250,11,5,0,184,0
23280,12,4,0,184,0
23310,12,4,0,184,0
23340,10,4,0,186,0
23370,8,3,0,189,0
23400,8,2,0,190,0
23430,9,1,0,190,0
23460,9,1,0,190,0
23490,9,1,0,190,0
23520,10,0,0,190,0
23550,10,1,0,189,0
23580,10,1,0,189,0
23610,10,2,0,188,0
23640,10,2,0,188,0
23670,10,3,0,187,0
23700,10,2,0,188,0
23730,10,3,0,187,0
23760,10,2,0,188,0
23790,11,1,0,188,0
23820,11,1,0,188,0
23850,10,1,0,189,0
23880,11,0,0,189,0
23910,10,0,0,190,0
23940,10,0,0,190,0
23970,8,0,0,192,0
24000,6,0,0,194,0
24030,6,1,0,193,0
24060,5,1,0,194,0
24090,5,1,0,194,0
24120,5,1,0,194,0
24150,5,1,0,194,0
24180,4,1,0,195,0
24210,4,2,0,194,0
24240,4,1,0,195,0
24270,3,2,0,195,0
24300,3,2,0,195,0
24330,3,1,0,196,0
24360,3,1,0,196,0
24390,2,1,0,197,0
24420,2,1,0,197,0
24450,2,1,0,197,0
24480,3,0,0,197,0
24510,3,0,0,197,0
24540,3,0,0,197,0
24570,3,0,0,197,0
24600,2,0,0,198,0
24630,2,1,0,197,0
24660,2,1,0,197,0
24690,3,0,0,197,0
24720,3,0,0,197,0
24750,3,0,0,197,0
24780,3,0,0,197,0
24810,3,0,0,197,0
24840,3,0,0,197,0
24870,3,0,0,197,0
24900,3,0,0,197,0
24930,2,0,0,198,0
24960,2,0,0,198,0
24990,2,0,0,198,0
25020,2,0,0,198,0
25050,1,0,0,199,0
25080,1,0,0,199,0
25110,0,0,0,200,0
25140,0,0,0,200,0
25170,0,0,0,200,0
25200,0,0,0,200,0
25230,1,0,0,199,0
25260,1,0,0,199,0
25290,2,3,0,195,0
25320,3,2,0,195,0
25350,4,4,0,192,0
25380,5,3,0,192,0
25410,6,6,0,188,0
25440,7,5,0,188,0
25470,9,6,0,185,0
25500,11,4,0,185,0
25530,13,6,0,181,0
25560,14,5,0,181,0
25590,15,5,0,180,0
25620,17,3,0,180,0
25650,17,3,0,180,0
25680,16,3,0,181,0
25710,18,3,0,179,0
25740,18,3,0,179,0
25770,18,3,0,179,0
25800,19,2,0,179,0
25830,19,5,0,176,0
25860,18,5,0,177,0
25890,19,4,0,177,0
25920,19,4,0,177,0
25950,18,3,0,179,0
25980,18,3,0,179,0
26010,18,2,0,180,0
26040,16,1,0,183,0
26070,18,0,0,182,0
26100,15,0,0,185,0
26130,15,3,0,182,0
26160,14,2,0,184,0
26190,13,3,0,184,0
26220,13,3,0,184,0
26250,15,2,0,183,0
26280,15,1,0,184,0
26310,13,1,0,186,0
26340,11,1,0,188,0
26370,10,1,0,189,0
26400,9,1,0,190,0
26430,10,3,0,187,0
26460,11,2,0,187,0
26490,11,2,0,187,0
26520,10,2,0,188,0
26550,10,1,0,189,0
26580,9,1,0,190,0
26610,9,2,0,189,0
26640,8,2,0,190,0
26670,6,2,0,192,0
26700,4,2,0,194,0
26730,5,2,0,193,0
26760,5,2,0,193,0
26790,6,1,0,193,0
26820,5,1,0,194,0
26850,6,0,0,194,0
26880,6,0,0,194,0
26910,5,0,0,195,0
26940,5,0,0,195,0
26970,5,0,0,195,0
27000,5,0,0,195,0
27030,5,9,0,186,0
27060,6,8,0,186,0
27090,6,10,0,184,0
27120,7,9,0,184,0
27150,7,14,0,179,0
27180,9,11,0,180,0
27210,12,12,0,176,0
27240,14,9,0,177,0
27270,16,11,0,173,0
27300,16,9,0,175,0
27330,18,11,0,171,0
27360,19,10,0,171,0
27390,22,7,0,171,0
27420,25,4,0,171,0
27450,28,1,0,171,0
27480,29,0,0,171,0
27510,29,0,0,171,0
27540,29,0,0,171,0
27570,29,0,0,171,0
27600,28,0,0,172,0
27630,27,0,0,173,0
27660,26,0,0,174,0
27690,25,0,0,175,0
27720,24,0,0,176,0
27750,24,0,0,176,0
27780,24,0,0,176,0
27810,23,0,0,177,0
27840,23,0,0,177,0
27870,23,0,0,177,0
27900,23,0,0,177,0
27930,22,1,0,177,0
27960,21,1,0,178,0
27990,19,2,0,179,0
28020,17,2,0,181,0
28050,16,2,0,182,0
28080,15,2,0,183,0
28110,11,5,0,184,0
28140,9,5,0,186,0
28170,7,6,0,187,0
28200,6,6,0,188,0
28230,7,9,0,184,0
28260,7,9,0,184,0
28290,7,9,0,184,0
28320,10,6,0,184,0
28350,10,7,0,183,0
28380,10,6,0,184,0
28410,13,3,0,184,0
28440,13,3,0,184,0
28470,12,4,0,184,0
28500,13,3,0,184,0
28530,12,6,0,182,0
28560,11,6,0,183,0
28590,12,8,0,180,0
28620,12,7,0,181,0
28650,17,2,0,181,0
28680,17,2,0,181,0
28710,18,2,0,180,0
28740,19,1,0,180,0
28770,19,1,0,180,0
28800,18,1,0,181,0
28830,17,9,0,174,0
28860,17,8,0,175,0
28890,18,14,0,168,0
28920,19,12,0,169,0
28950,21,17,0,162,0
28980,22,15,0,163,0
29010,24,19,0,157,0
29040,23,19,0,158,0
29070,25,26,0,149,0
29100,28,22,0,150,0
29130,30,33,0,137,0
29160,34,29,0,137,0
29190,38,26,0,136,0
29220,39,23,0,138,0
29250,40,23,0,137,0
29280,43,20,0,137,0
29310,44,19,0,137,0
29340,47,15,0,138,0
29370,48,13,0,139,0
29400,49,11,0,140,0
29430,47,12,0,141,0
29460,47,11,0,142,0
29490,49,10,0,141,0
29520,47,10,0,143,0
29550,47,11,0,142,0
29580,50,7,0,143,0
29610,53,5,0,142,0
29640,51,5,0,144,0
29670,54,3,0,143,0
29700,51,2,0,147,0
29730,50,8,0,142,0
29760,49,8,0,143,0
29790,49,8,0,143,0
29820,48,8,0,144,0
29850,46,9,0,145,0
29880,46,7,0,147,0
29910,42,10,0,148,0
29940,43,9,0,148,0
29970,42,9,0,149,0
30000,40,8,0,152,0
30030,39,15,0,146,0
30060,33,14,0,153,0
30090,33,19,0,148,0
30120,31,19,0,150,0
30150,30,22,0,148,0
30180,30,20,0,150,0
30210,26,23,0,151,0
30240,25,23,0,152,0
30270,24,25,0,151,0
30300,22,24,0,154,0
30330,22,31,0,147,0
30360,20,31,0,149,0
30390,20,30,0,150,0
30420,21,28,0,151,0
30450,19,28,0,153,0
30480,21,24,0,155,0
30510,21,23,0,156,0
30540,21,23,0,156,0
30570,21,21,0,158,0
30600,22,20,0,158,0
30630,20,27,0,153,0
30660,21,26,0,153,0
30690,21,29,0,150,0
30720,20,29,0,151,0
30750,19,34,0,147,0
30780,21,31,0,148,0
30810,22,37,0,141,0
30840,24,35,0,141,0
30870,25,46,0,129,0
30900,29,42,0,129,0
30930,29,48,0,123,0
30960,36,40,0,124,0
30990,38,38,0,124,0
31020,40,36,0,124,0
31050,41,34,0,125,0
31080,43,31,0,126,0
31110,42,30,0,128,0
31140,42,27,0,131,0
31170,45,24,0,131,0
31200,46,22,0,132,0
31230,47,17,0,136,0
31260,50,14,0,136,0
31290,53,12,0,135,0
31320,54,8,0,138,0
31350,55,7,0,138,0
31380,55,5,0,140,0
31410,55,5,0,140,0
31440,55,5,0,140,0
31470,53,5,0,142,0
31500,50,4,0,146,0
31530,48,14,0,138,0
31560,43,14,0,143,0
31590,41,17,0,142,0
31620,39,16,0,145,0
31650,39,21,0,140,0
31680,36,20,0,144,0
31710,33,23,0,144,0
31740,30,21,0,149,0
31770,28,24,0,148,0
31800,28,23,0,149,0
31830,29,23,0,148,0
31860,30,22,0,148,0
31890,32,19,0,149,0
31920,33,17,0,150,0
31950,30,16,0,154,0
31980,31,15,0,154,0
32010,30,15,0,155,0
32040,32,13,0,155,0
32070,29,13,0,158,0
32100,32,10,0,158,0
32130,32,10,0,158,0
32160,32,10,0,158,0
32190,35,7,0,158,0
32220,35,6,0,159,0
32250,35,6,0,159,0
32280,35,5,0,160,0
32310,35,5,0,160,0
32340,35,5,0,160,0
32370,35,2,0,163,0
32400,35,2,0,163,0
32430,35,4,0,161,0
32460,34,4,0,162,0
32490,31,11,0,158,0
32520,31,10,0,159,0
32550,28,13,0,159,0
32580,29,11,0,160,0
32610,28,16,0,156,0
32640,27,15,0,158,0
32670,28,20,0,152,0
32700,29,19,0,152,0
32730,32,26,0,142,0
32760,32,25,0,143,0
32790,33,28,0,139,0
32820,33,26,0,141,0
32850,35,24,0,141,0
32880,34,23,0,143,0
32910,36,24,0,140,0
32940,35,24,0,141,0
32970,37,21,0,142,0
33000,39,19,0,142,0
33030,41,19,0,140,0
33060,39,18,0,143,0
33090,42,14,0,144,0
33120,46,10,0,144,0
33150,47,7,0,146,0
33180,49,4,0,147,0
33210,49,4,0,147,0
33240,46,4,0,150,0
33270,47,3,0,150,0
33300,46,3,0,151,0
33330,46,4,0,150,0
33360,45,4,0,151,0
33390,45,6,0,149,0
33420,45,5,0,150,0
33450,45,6,0,149,0
33480,43,6,0,151,0
33510,40,8,0,152,0
33540,43,5,0,152,0
33570,42,7,0,151,0
33600,41,6,0,153,0
33630,43,8,0,149,0
33660,43,6,0,151,0
33690,39,7,0,154,0
33720,39,5,0,156,0
33750,38,7,0,155,0
33780,34,6,0,160,0
33810,32,11,0,157,0
33840,27,11,0,162,0
33870,25,13,0,162,0
33900,25,12,0,163,0
33930,25,14,0,161,0
33960,23,14,0,163,0
33990,20,14,0,166,0
34020,18,14,0,168,0
34050,14,14,0,172,0
34080,13,13,0,174,0
34110,15,10,0,175,0
34140,15,9,0,176,0
34170,14,7,0,179,0
34200,14,7,0,179,0
34230,15,6,0,179,0
34260,16,4,0,180,0
34290,18,2,0,180,0
34320,18,2,0,180,0
34350,19,2,0,179,0
34380,19,2,0,179,0
34410,19,3,0,178,0
34440,20,2,0,178,0
34470,20,4,0,176,0
34500,20,4,0,176,0
34530,19,5,0,176,0
34560,18,5,0,177,0
34590,19,4,0,177,0
34620,19,2,0,179,0
34650,18,2,0,180,0
34680,17,1,0,182,0
34710,17,1,0,182,0
34740,18,0,0,182,0
34770,14,0,0,186,0
34800,13,0,0,187,0
34830,13,0,0,187,0
34860,13,0,0,187,0
34890,13,3,0,184,0
34920,11,3,0,186,0
34950,8,4,0,188,0
34980,7,4,0,189,0
35010,7,5,0,188,0
35040,7,5,0,188,0
35070,7,6,0,187,0
35100,5,6,0,189,0
35130,6,8,0,186,0
35160,6,7,0,187,0
35190,7,6,0,187,0
35220,7,6,0,187,0
35250,10,3,0,187,0
35280,10,3,0,187,0
35310,9,5,0,186,0
35340,9,5,0,186,0
35370,10,5,0,185,0
35400,10,3,0,187,0
35430,11,2,0,187,0
35460,10,2,0,188,0
35490,11,1,0,188,0
35520,12,0,0,188,0
35550,11,0,0,189,0
35580,11,0,0,189,0
35610,10,0,0,190,0
35640,9,0,0,191,0
35670,9,0,0,191,0
35700,9,0,0,191,0
35730,7,1,0,192,0
35760,5,1,0,194,0
35790,5,1,0,194,0
35820,6,0,0,194,0
35850,5,0,0,195,0
35880,5,0,0,195,0
35910,5,0,0,195,0
35940,5,0,0,195,0
35970,4,0,0,196,0
36000,4,0,0,196,0
36030,4,8,0,188,0
36060,4,8,0,188,0
36090,3,19,0,178,0
36120,1,19,0,180,0
36150,2,27,0,171,0
36180,3,26,0,171,0
36210,3,34,0,163,0
36240,3,34,0,163,0
36270,6,34,0,160,0
36300,9,31,0,160,0
36330,11,35,0,154,0
36360,11,35,0,154,0
36390,12,35,0,153,0
36420,14,33,0,153,0
36450,17,30,0,153,0
36480,18,29,0,153,0
36510,22,25,0,153,0
36540,22,23,0,155,0
36570,24,22,0,154,0
36600,25,21,0,154,0
36630,25,21,0,154,0
36660,26,20,0,154,0
36690,28,19,0,153,0
36720,29,18,0,153,0
36750,31,16,0,153,0
36780,32,15,0,153,0
36810,32,16,0,152,0
36840,31,16,0,153,0
36870,34,13,0,153,0
36900,35,12,0,153,0
36930,34,12,0,154,0
36960,36,10,0,154,0
36990,36,9,0,155,0
37020,35,8,0,157,0
37050,36,8,0,156,0
37080,37,6,0,157,0
37110,36,6,0,158,0
37140,36,6,0,158,0
37170,35,7,0,158,0
37200,34,6,0,160,0
37230,33,7,0,160,0
37260,32,6,0,162,0
37290,30,7,0,163,0
37320,28,7,0,165,0
37350,28,7,0,165,0
37380,27,7,0,166,0
37410,27,8,0,165,0
37440,25,8,0,167,0
37470,27,9,0,164,0
37500,25,9,0,166,0
37530,24,13,0,163,0
37560,22,13,0,165,0
37590,22,13,0,165,0
37620,22,13,0,165,0
37650,21,13,0,166,0
37680,22,10,0,168,0
37710,21,9,0,170,0
37740,19,9,0,172,0
37770,20,8,0,172,0
37800,21,7,0,172,0
37830,20,7,0,173,0
37860,20,7,0,173,0
37890,19,9,0,172,0
37920,18,8,0,174,0
37950,16,9,0,175,0
37980,17,8,0,175,0
38010,17,9,0,174,0
38040,18,8,0,174,0
38070,17,9,0,174,0
38100,17,8,0,175,0
38130,18,10,0,172,0
38160,17,10,0,173,0
38190,17,9,0,174,0
38220,17,8,0,175,0
38250,18,7,0,175,0
38280,16,7,0,177,0
38310,16,7,0,177,0
38340,16,5,0,179,0
38370,16,5,0,179,0
38400,17,4,0,179,0
38430,19,2,0,179,0
38460,18,1,0,181,0
38490,17,2,0,181,0
38520,16,2,0,182,0
38550,16,1,0,183,0
38580,13,1,0,186,0
38610,14,0,0,186,0
38640,14,0,0,186,0
38670,13,1,0,186,0
38700,13,0,0,187,0
38730,13,1,0,186,0
38760,13,1,0,186,0
38790,13,3,0,184,0
38820,13,3,0,184,0
38850,11,7,0,182,0
38880,11,7,0,182,0
38910,10,10,0,180,0
38940,9,10,0,181,0
38970,9,10,0,181,0
39000,10,8,0,182,0
39030,9,12,0,179,0
39060,10,10,0,180,0
39090,8,10,0,182,0
39120,8,10,0,182,0
39150,8,10,0,182,0
39180,10,8,0,182,0
39210,9,8,0,183,0
39240,10,6,0,184,0
39270,11,5,0,184,0
39300,11,5,0,184,0
39330,10,5,0,185,0
39360,11,4,0,185,0
39390,12,3,0,185,0
39420,12,3,0,185,0
39450,13,2,0,185,0
39480,13,2,0,185,0
39510,12,1,0,187,0
39540,12,1,0,187,0
39570,12,1,0,187,0
39600,12,1,0,187,0
39630,11,8,0,181,0
39660,11,8,0,181,0
39690,12,14,0,174,0
39720,12,14,0,174,0
39750,13,15,0,172,0
39780,14,14,0,172,0
39810,13,17,0,170,0
39840,12,17,0,171,0
39870,13,20,0,167,0
39900,14,19,0,167,0
39930,15,25,0,160,0
39960,17,22,0,161,0
39990,17,26,0,157,0
40020,18,25,0,157,0
40050,22,23,0,155,0
40080,24,20,0,156,0
40110,25,20,0,155,0
40140,24,20,0,156,0
40170,24,22,0,154,0
40200,22,22,0,156,0
40230,20,22,0,158,0
40260,19,22,0,159,0
40290,18,22,0,160,0
40320,21,19,0,160,0
40350,23,18,0,159,0
40380,24,17,0,159,0
40410,24,18,0,158,0
40440,25,17,0,158,0
40470,25,18,0,157,0
40500,24,17,0,159,0
40530,26,15,0,159,0
40560,25,14,0,161,0
40590,26,14,0,160,0
40620,26,14,0,160,0
40650,26,15,0,159,0
40680,25,15,0,160,0
40710,27,14,0,159,0
40740,28,13,0,159,0
40770,29,13,0,158,0
40800,27,13,0,160,0
40830,28,13,0,159,0
40860,30,11,0,159,0
40890,30,11,0,159,0
40920,30,11,0,159,0
40950,32,9,0,159,0
40980,31,9,0,160,0
41010,30,9,0,161,0
41040,29,9,0,162,0
41070,27,9,0,164,0
41100,26,9,0,165,0
41130,24,13,0,163,0
41160,23,13,0,164,0
41190,25,11,0,164,0
41220,25,10,0,165,0
41250,24,11,0,165,0
41280,26,9,0,165,0
41310,26,8,0,166,0
41340,26,8,0,166,0
41370,27,7,0,166,0
41400,29,5,0,166,0
41430,28,10,0,162,0
41460,29,9,0,162,0
41490,30,13,0,157,0
41520,32,11,0,157,0
41550,33,12,0,155,0
41580,33,12,0,155,0
41610,33,15,0,152,0
41640,35,11,0,154,0
41670,35,12,0,153,0
41700,34,12,0,154,0
41730,32,17,0,151,0
41760,30,17,0,153,0
41790,32,15,0,153,0
41820,31,13,0,156,0
41850,29,13,0,158,0
41880,28,13,0,159,0
41910,28,12,0,160,0
41940,27,12,0,161,0
41970,25,12,0,163,0
42000,25,11,0,164,0
42030,25,9,0,166,0
42060,26,8,0,166,0
42090,24,8,0,168,0
42120,23,7,0,170,0
42150,24,6,0,170,0
42180,24,6,0,170,0
42210,25,5,0,170,0
42240,21,5,0,174,0
42270,20,5,0,175,0
42300,19,5,0,176,0
42330,20,4,0,176,0
42360,19,3,0,178,0
42390,18,5,0,177,0
42420,17,5,0,178,0
42450,15,4,0,181,0
42480,14,3,0,183,0
42510,14,3,0,183,0
42540,13,3,0,184,0
42570,14,3,0,183,0
42600,15,2,0,183,0
42630,14,2,0,184,0
42660,14,2,0,184,0
42690,13,2,0,185,0
42720,13,2,0,185,0
42750,13,3,0,184,0
42780,9,3,0,188,0
42810,9,3,0,188,0
42840,9,3,0,188,0
42870,8,3,0,189,0
42900,9,2,0,189,0
42930,8,3,0,189,0
42960,6,3,0,191,0
42990,5,3,0,192,0
43020,4,2,0,194,0
43050,4,2,0,194,0
43080,4,2,0,194,0
43110,3,2,0,195,0
43140,4,1,0,195,0
43170,4,2,0,194,0
43200,3,2,0,195,0
43230,3,12,0,185,0
43260,3,12,0,185,0
43290,5,13,0,182,0
43320,7,11,0,182,0
43350,8,13,0,179,0
43380,9,12,0,179,0
43410,10,16,0,174,0
43440,11,15,0,174,0
43470,12,19,0,169,0
43500,14,17,0,169,0
43530,15,20,0,165,0
43560,15,19,0,166,0
43590,17,18,0,165,0
43620,18,17,0,165,0
43650,18,16,0,166,0
43680,20,14,0,166,0
43710,23,11,0,166,0
43740,23,11,0,166,0
43770,21,11,0,168,0
43800,20,11,0,169,0
43830,19,10,0,171,0
43860,21,7,0,172,0
43890,23,5,0,172,0
43920,25,3,0,172,0
43950,27,1,0,172,0
43980,27,1,0,172,0
44010,27,1,0,172,0
44040,26,1,0,173,0
44070,24,1,0,175,0
44100,22,1,0,177,0
44130,22,1,0,177,0
44160,22,0,0,178,0
44190,19,0,0,181,0
44220,19,0,0,181,0
44250,17,0,0,183,0
44280,17,0,0,183,0
44310,13,1,0,186,0
44340,12,1,0,187,0
44370,12,1,0,187,0
44400,12,1,0,187,0
44430,8,5,0,187,0
44460,7,5,0,188,0
44490,7,4,0,189,0
44520,7,4,0,189,0
44550,9,5,0,186,0
44580,9,5,0,186,0
44610,8,7,0,185,0
44640,7,7,0,186,0
44670,7,7,0,186,0
44700,7,7,0,186,0
44730,6,8,0,186,0
44760,6,8,0,186,0
44790,7,7,0,186,0
44820,7,7,0,186,0
44850,5,7,0,188,0
44880,5,7,0,188,0
44910,4,7,0,189,0
44940,4,6,0,190,0
44970,5,5,0,190,0
45000,5,5,0,190,0
45030,6,8,0,186,0
45060,6,7,0,187,0
45090,6,10,0,184,0
45120,8,8,0,184,0
45150,10,16,0,174,0
45180,10,16,0,174,0
45210,11,17,0,172,0
45240,11,17,0,172,0
45270,12,16,0,172,0
45300,12,16,0,172,0
45330,12,19,0,169,0
45360,14,17,0,169,0
45390,14,17,0,169,0
45420,15,15,0,170,0
45450,13,15,0,172,0
45480,13,15,0,172,0
45510,14,14,0,172,0
45540,16,12,0,172,0
45570,15,14,0,171,0
45600,15,13,0,172,0
45630,15,12,0,173,0
45660,16,9,0,175,0
45690,17,8,0,175,0
45720,18,7,0,175,0
45750,16,7,0,177,0
45780,15,7,0,178,0
45810,18,4,0,178,0
45840,18,3,0,179,0
45870,16,3,0,181,0
45900,15,3,0,182,0
45930,14,3,0,183,0
45960,15,2,0,183,0
45990,15,2,0,183,0
46020,15,2,0,183,0
46050,16,1,0,183,0
46080,16,1,0,183,0
46110,14,1,0,185,0
46140,14,1,0,185,0
46170,13,1,0,186,0
46200,12,1,0,187,0
46230,12,2,0,186,0
46260,11,1,0,188,0
46290,10,1,0,189,0
46320,10,1,0,189,0
46350,11,0,0,189,0
46380,10,0,0,190,0
46410,10,1,0,189,0
46440,9,1,0,190,0
46470,8,2,0,190,0
46500,8,2,0,190,0
46530,7,2,0,191,0
46560,7,2,0,191,0
46590,5,2,0,193,0
46620,3,2,0,195,0
46650,3,2,0,195,0
46680,2,2,0,196,0
46710,1,1,0,198,0
46740,1,1,0,198,0
46770,1,3,0,196,0
46800,2,2,0,196,0
46830,2,8,0,190,0
46860,2,8,0,190,0
46890,6,10,0,184,0
46920,7,9,0,184,0
46950,11,16,0,173,0
46980,16,11,0,173,0
47010,19,13,0,168,0
47040,19,12,0,169,0
47070,20,18,0,162,0
47100,24,14,0,162,0
47130,27,17,0,156,0
47160,30,14,0,156,0
47190,33,11,0,156,0
47220,34,9,0,157,0
47250,36,6,0,158,0
47280,38,4,0,158,0
47310,39,3,0,158,0
47340,37,3,0,160,0
47370,37,2,0,161,0
47400,36,2,0,162,0
47430,36,3,0,161,0
47460,35,3,0,162,0
47490,36,3,0,161,0
47520,36,3,0,161,0
47550,35,4,0,161,0
47580,37,2,0,161,0
47610,36,3,0,161,0
47640,35,3,0,162,0
47670,36,2,0,162,0
47700,34,2,0,164,0
47730,33,3,0,164,0
47760,32,3,0,165,0
47790,32,4,0,164,0
47820,32,4,0,164,0
47850,34,3,0,163,0
47880,32,2,0,166,0
47910,32,3,0,165,0
47940,33,2,0,165,0
47970,31,3,0,166,0
48000,30,3,0,167,0
48030,29,3,0,168,0
48060,29,3,0,168,0
48090,26,3,0,171,0
48120,25,3,0,172,0
48150,24,3,0,173,0
48180,24,2,0,174,0
48210,23,3,0,174,0
48240,23,2,0,175,0
48270,23,2,0,175,0
48300,21,2,0,177,0
48330,19,3,0,178,0
48360,18,3,0,179,0
48390,18,2,0,180,0
48420,18,2,0,180,0
48450,16,2,0,182,0
48480,15,2,0,183,0
48510,14,2,0,184,0
48540,14,1,0,185,0
48570,14,1,0,185,0
48600,13,1,0,186,0
48630,12,3,0,185,0
48660,12,3,0,185,0
48690,13,6,0,181,0
48720,12,5,0,183,0
48750,12,9,0,179,0
48780,12,9,0,179,0
48810,11,12,0,177,0
48840,12,10,0,178,0
48870,15,11,0,174,0
48900,16,10,0,174,0
48930,16,13,0,171,0
48960,16,13,0,171,0
48990,16,13,0,171,0
49020,18,11,0,171,0
49050,20,9,0,171,0
49080,20,7,0,173,0
49110,20,7,0,173,0
49140,19,6,0,175,0
49170,18,5,0,177,0
49200,19,3,0,178,0
49230,21,1,0,178,0
49260,20,1,0,179,0
49290,19,0,0,181,0
49320,17,0,0,183,0
49350,16,0,0,184,0
49380,16,0,0,184,0
49410,13,0,0,187,0
49440,12,0,0,188,0
49470,12,0,0,188,0
49500,12,0,0,188,0
49530,12,0,0,188,0
49560,11,0,0,189,0
49590,9,2,0,189,0
49620,9,2,0,189,0
49650,8,6,0,186,0
49680,8,6,0,186,0
49710,8,8,0,184,0
49740,6,8,0,186,0
49770,7,10,0,183,0
49800,6,10,0,184,0
49830,5,14,0,181,0
49860,5,13,0,182,0
49890,5,14,0,181,0
49920,6,12,0,182,0
49950,5,13,0,182,0
49980,7,11,0,182,0
50010,8,11,0,181,0
50040,9,10,0,181,0
50070,10,10,0,180,0
50100,11,9,0,180,0
50130,11,9,0,180,0
50160,11,9,0,180,0
50190,11,9,0,180,0
50220,13,7,0,180,0
50250,13,7,0,180,0
50280,15,5,0,180,0
50310,15,5,0,180,0
50340,17,3,0,180,0
50370,18,2,0,180,0
50400,18,2,0,180,0
50430,20,3,0,177,0
50460,22,1,0,177,0
50490,21,10,0,169,0
50520,21,10,0,169,0
50550,22,10,0,168,0
50580,21,10,0,169,0
50610,23,14,0,163,0
50640,23,13,0,164,0
50670,21,25,0,154,0
50700,24,22,0,154,0
50730,26,29,0,145,0
50760,31,24,0,145,0
50790,33,20,0,147,0
50820,30,20,0,150,0
50850,29,19,0,152,0
50880,30,17,0,153,0
50910,30,16,0,154,0
50940,31,15,0,154,0
50970,34,12,0,154,0
51000,35,10,0,155,0
51030,35,10,0,155,0
51060,35,9,0,156,0
51090,35,8,0,157,0
51120,34,8,0,158,0
51150,33,8,0,159,0
51180,32,7,0,161,0
51210,32,6,0,162,0
51240,27,6,0,167,0
51270,27,7,0,166,0
51300,29,5,0,166,0
51330,28,7,0,165,0
51360,30,5,0,165,0
51390,28,8,0,164,0
51420,25,8,0,167,0
51450,27,7,0,166,0
51480,27,5,0,168,0
51510,25,7,0,168,0
51540,25,6,0,169,0
51570,24,6,0,170,0
51600,21,6,0,173,0
51630,20,5,0,175,0
51660,18,5,0,177,0
51690,18,5,0,177,0
51720,20,3,0,177,0
51750,17,3,0,180,0
51780,19,0,0,181,0
51810,17,0,0,183,0
51840,17,0,0,183,0
51870,16,0,0,184,0
51900,16,0,0,184,0
51930,15,0,0,185,0
51960,15,0,0,185,0
51990,15,0,0,185,0
52020,15,0,0,185,0
52050,14,0,0,186,0
52080,13,0,0,187,0
52110,12,0,0,188,0
52140,11,0,0,189,0
52170,10,0,0,190,0
52200,10,0,0,190,0
52230,9,2,0,189,0
52260,7,2,0,191,0
52290,8,4,0,188,0
52320,10,2,0,188,0
52350,10,4,0,186,0
52380,11,3,0,186,0
52410,11,7,0,182,0
52440,11,6,0,183,0
52470,11,7,0,182,0
52500,11,7,0,182,0
52530,11,12,0,177,0
52560,13,10,0,177,0
52590,14,10,0,176,0
52620,15,9,0,176,0
52650,18,6,0,176,0
52680,18,5,0,177,0
52710,19,5,0,176,0
52740,19,4,0,177,0
52770,20,3,0,177,0
52800,21,2,0,177,0
52830,19,4,0,177,0
52860,19,4,0,177,0
52890,20,3,0,177,0
52920,20,3,0,177,0
52950,17,3,0,180,0
52980,16,3,0,181,0
53010,16,4,0,180,0
53040,15,1,0,184,0
53070,15,1,0,184,0
53100,13,1,0,186,0
53130,13,1,0,186,0
53160,13,1,0,186,0
53190,11,1,0,188,0
53220,10,1,0,189,0
53250,10,2,0,188,0
53280,10,2,0,188,0
53310,9,3,0,188,0
53340,8,3,0,189,0
53370,8,2,0,190,0
53400,8,2,0,190,0
53430,9,1,0,190,0
53460,9,1,0,190,0
53490,7,1,0,192,0
53520,6,1,0,193,0
53550,6,1,0,193,0
53580,5,1,0,194,0
53610,5,2,0,193,0
53640,5,2,0,193,0
53670,4,2,0,194,0
53700,5,1,0,194,0
53730,5,1,0,194,0
53760,6,0,0,194,0
53790,6,0,0,194,0
53820,5,0,0,195,0
53850,5,0,0,195,0
53880,5,0,0,195,0
53910,5,0,0,195,0
53940,3,0,0,197,0
53970,3,0,0,197,0
54000,2,0,0,198,0
54030,2,6,0,192,0
54060,2,6,0,192,0
54090,2,11,0,187,0
54120,4,9,0,187,0
54150,5,14,0,181,0
54180,6,12,0,182,0
54210,9,15,0,176,0
54240,8,15,0,177,0
54270,12,16,0,172,0
54300,13,15,0,172,0
54330,20,14,0,166,0
54360,21,13,0,166,0
54390,23,13,0,164,0
54420,23,13,0,164,0
54450,24,14,0,162,0
54480,26,12,0,162,0
54510,28,11,0,161,0
54540,30,9,0,161,0
54570,30,8,0,162,0
54600,29,8,0,163,0
54630,29,10,0,161,0
54660,30,8,0,162,0
54690,30,9,0,161,0
54720,30,8,0,162,0
54750,29,8,0,163,0
54780,27,7,0,166,0
54810,27,8,0,165,0
54840,26,7,0,167,0
54870,22,8,0,170,0
54900,22,8,0,170,0
54930,23,10,0,167,0
54960,25,8,0,167,0
54990,25,7,0,168,0
55020,22,6,0,172,0
55050,20,6,0,174,0
55080,20,5,0,175,0
55110,20,4,0,176,0
55140,19,3,0,178,0
55170,18,3,0,179,0
55200,19,2,0,179,0
55230,19,5,0,176,0
55260,15,5,0,180,0
55290,14,5,0,181,0
55320,11,5,0,184,0
55350,13,5,0,182,0
55380,11,4,0,185,0
55410,10,6,0,184,0
55440,10,6,0,184,0
55470,10,9,0,181,0
55500,9,9,0,182,0
55530,10,10,0,180,0
55560,11,9,0,180,0
55590,11,9,0,180,0
55620,13,7,0,180,0
55650,13,7,0,180,0
55680,13,7,0,180,0
55710,14,6,0,180,0
55740,16,4,0,180,0
55770,17,3,0,180,0
55800,16,3,0,181,0
55830,16,12,0,172,0
55860,21,6,0,173,0
55890,20,13,0,167,0
55920,20,13,0,167,0
55950,23,19,0,158,0
55980,28,14,0,158,0
56010,29,15,0,156,0
56040,31,13,0,156,0
56070,33,18,0,149,0
56100,34,16,0,150,0
56130,38,15,0,147,0
56160,43,10,0,147,0
56190,41,11,0,148,0
56220,39,10,0,151,0
56250,39,11,0,150,0
56280,41,9,0,150,0
56310,41,7,0,152,0
56340,43,4,0,153,0
56370,42,3,0,155,0
56400,41,3,0,156,0
56430,34,3,0,163,0
56460,31,3,0,166,0
56490,31,2,0,167,0
56520,27,2,0,171,0
56550,28,1,0,171,0
56580,28,1,0,171,0
56610,26,1,0,173,0
56640,22,1,0,177,0
56670,20,1,0,179,0
56700,20,0,0,180,0
56730,19,6,0,175,0
56760,18,6,0,176,0
56790,15,10,0,175,0
56820,15,10,0,175,0
56850,16,13,0,171,0
56880,17,12,0,171,0
56910,16,17,0,167,0
56940,15,16,0,169,0
56970,14,23,0,163,0
57000,16,21,0,163,0
57030,16,27,0,157,0
57060,17,25,0,158,0
57090,17,23,0,160,0
57120,17,23,0,160,0
57150,18,23,0,159,0
57180,18,23,0,159,0
57210,20,20,0,160,0
57240,23,17,0,160,0
57270,23,20,0,157,0
57300,23,20,0,157,0
57330,25,18,0,157,0
57360,28,15,0,157,0
57390,30,13,0,157,0
57420,33,10,0,157,0
57450,37,6,0,157,0
57480,37,5,0,158,0
57510,38,4,0,158,0
57540,38,4,0,158,0
57570,38,4,0,158,0
57600,39,3,0,158,0
57630,40,14,0,146,0
57660,38,14,0,148,0
57690,39,24,0,137,0
57720,41,20,0,139,0
57750,45,22,0,133,0
57780,46,20,0,134,0
57810,48,19,0,133,0
57840,48,18,0,134,0
57870,49,26,0,125,0
57900,54,20,0,126,0
57930,53,31,0,116,0
57960,55,29,0,116,0
57990,56,28,0,116,0
58020,59,24,0,117,0
58050,58,27,0,115,0
58080,55,27,0,118,0
58110,59,21,0,120,0
58140,58,20,0,122,0
58170,56,20,0,124,0
58200,53,19,0,128,0
58230,51,19,0,130,0
58260,50,19,0,131,0
58290,51,17,0,132,0
58320,55,13,0,132,0
58350,55,14,0,131,0
58380,54,11,0,135,0
58410,52,10,0,138,0
58440,51,9,0,140,0
58470,50,8,0,142,0
58500,46,7,0,147,0
58530,44,13,0,143,0
58560,43,11,0,146,0
58590,39,13,0,148,0
58620,39,11,0,150,0
58650,39,14,0,147,0
58680,41,11,0,148,0
58710,41,14,0,145,0
58740,41,13,0,146,0
58770,42,12,0,146,0
58800,42,12,0,146,0
58830,38,17,0,145,0
58860,37,17,0,146,0
58890,38,17,0,145,0
58920,39,15,0,146,0
58950,39,16,0,145,0
58980,40,13,0,147,0
59010,40,13,0,147,0
59040,38,12,0,150,0
59070,36,11,0,153,0
59100,36,10,0,154,0
59130,39,9,0,152,0
59160,39,9,0,152,0
59190,35,9,0,156,0
59220,29,9,0,162,0
59250,30,8,0,162,0
59280,29,7,0,164,0
59310,27,7,0,166,0
59340,24,7,0,169,0
59370,23,5,0,172,0
59400,22,4,0,174,0
59430,25,4,0,171,0
59460,25,3,0,172,0
59490,23,8,0,169,0
59520,21,8,0,171,0
59550,23,13,0,164,0
59580,23,13,0,164,0
59610,24,17,0,159,0
59640,29,12,0,159,0
59670,28,15,0,157,0
59700,28,12,0,160,0
59730,29,15,0,156,0
59760,29,13,0,158,0
59790,29,11,0,160,0
59820,30,10,0,160,0
59850,30,10,0,160,0
59880,30,9,0,161,0
59910,29,8,0,163,0
59940,26,7,0,167,0
59970,27,5,0,168,0
60000,27,4,0,169,0
60030,24,4,0,172,0
60060,25,3,0,172,0
60090,24,2,0,174,0
60120,24,0,0,176,0
60150,19,0,0,181,0
60180,19,0,0,181,0
60210,18,0,0,182,0
60240,16,0,0,184,0
60270,16,0,0,184,0
60300,16,0,0,184,0
60330,14,1,0,185,0
60360,12,1,0,187,0
60390,12,2,0,186,0
60420,12,2,0,186,0
60450,11,3,0,186,0
60480,11,3,0,186,0
60510,11,4,0,185,0
60540,11,3,0,186,0
60570,11,3,0,186,0
60600,11,3,0,186,0
60630,11,4,0,185,0
60660,12,3,0,185,0
60690,12,3,0,185,0
60720,11,3,0,186,0
60750,10,4,0,186,0
60780,10,4,0,186,0
60810,10,5,0,185,0
60840,10,5,0,185,0
60870,7,4,0,189,0
60900,8,3,0,189,0
60930,8,3,0,189,0
60960,7,3,0,190,0
60990,7,3,0,190,0
61020,6,2,0,192,0
61050,8,0,0,192,0
61080,7,0,0,193,0
61110,7,0,0,193,0
61140,7,0,0,193,0
61170,7,0,0,193,0
61200,7,0,0,193,0
61230,7,17,0,176,0
61260,7,17,0,176,0
61290,15,31,0,154,0
61320,18,28,0,154,0
61350,20,45,0,135,0
61380,23,41,0,136,0
61410,24,68,0,108,0
61440,33,59,0,108,0
61470,36,73,0,91,0
61500,40,69,0,91,0
61530,44,85,0,71,0
61560,48,80,0,72,0
61590,51,78,0,71,0
61620,56,73,0,71,0
61650,61,70,0,69,0
61680,63,67,0,70,0
61710,65,65,0,70,0
61740,67,61,0,72,0
61770,68,64,0,68,0
61800,69,62,0,69,0
61830,71,62,0,67,0
61860,70,58,0,72,0
61890,69,56,0,75,0
61920,71,52,0,77,0
61950,66,51,0,83,0
61980,70,47,0,83,0
62010,68,45,0,87,0
62040,68,44,0,88,0
62070,68,44,0,88,0
62100,66,42,0,92,0
62130,72,36,0,92,0
62160,78,29,0,93,0
62190,78,28,0,94,0
62220,77,27,0,96,0
62250,74,27,0,99,0
62280,68,27,0,105,0
62310,67,27,0,106,0
62340,67,23,0,110,0
62370,68,21,0,111,0
62400,68,19,0,113,0
62430,65,19,0,116,0
62460,66,16,0,118,0
62490,66,15,0,119,0
62520,66,14,0,120,0
62550,65,12,0,123,0
62580,62,10,0,128,0
62610,61,9,0,130,0
62640,59,9,0,132,0
62670,52,11,0,137,0
62700,52,9,0,139,0
62730,50,8,0,142,0
62760,51,5,0,144,0
62790,46,6,0,148,0
62820,45,4,0,151,0
62850,43,3,0,154,0
62880,41,3,0,156,0
62910,41,2,0,157,0
62940,38,1,0,161,0
62970,36,1,0,163,0
63000,32,1,0,167,0
63030,30,6,0,164,0
63060,28,6,0,166,0
63090,27,13,0,160,0
63120,28,10,0,162,0
63150,25,19,0,156,0
63180,25,18,0,157,0
63210,25,21,0,154,0
63240,25,19,0,156,0
63270,25,25,0,150,0
63300,26,24,0,150,0
63330,29,34,0,137,0
63360,34,29,0,137,0
63390,35,25,0,140,0
63420,34,25,0,141,0
63450,36,23,0,141,0
63480,37,21,0,142,0
63510,38,19,0,143,0
63540,38,18,0,144,0
63570,38,16,0,146,0
63600,40,13,0,147,0
63630,43,10,0,147,0
63660,43,10,0,147,0
63690,40,11,0,149,0
63720,39,11,0,150,0
63750,41,7,0,152,0
63780,43,5,0,152,0
63810,42,4,0,154,0
63840,40,4,0,156,0
63870,41,3,0,156,0
63900,41,2,0,157,0
63930,40,4,0,156,0
63960,40,3,0,157,0
63990,39,6,0,155,0
64020,38,5,0,157,0
64050,40,5,0,155,0
64080,39,4,0,157,0
64110,39,6,0,155,0
64140,37,5,0,158,0
64170,39,4,0,157,0
64200,38,2,0,160,0
64230,36,9,0,155,0
64260,33,9,0,158,0
64290,35,10,0,155,0
64320,34,10,0,156,0
64350,33,12,0,155,0
64380,33,11,0,156,0
64410,35,10,0,155,0
64440,33,10,0,157,0
64470,32,7,0,161,0
64500,31,7,0,162,0
64530,29,9,0,162,0
64560,30,7,0,163,0
64590,30,5,0,165,0
64620,27,5,0,168,0
64650,24,4,0,172,0
64680,25,3,0,172,0
64710,25,3,0,172,0
64740,25,2,0,173,0
64770,22,2,0,176,0
64800,21,1,0,178,0
64830,22,11,0,167,0
64860,23,10,0,167,0
64890,26,21,0,153,0
64920,26,21,0,153,0
64950,24,37,0,139,0
64980,27,32,0,141,0
65010,34,36,0,130,0
65040,37,32,0,131,0
65070,43,32,0,125,0
65100,45,27,0,128,0
65130,45,34,0,121,0
65160,47,31,0,122,0
65190,50,26,0,124,0
65220,52,21,0,127,0
65250,54,18,0,128,0
65280,53,17,0,130,0
65310,56,16,0,128,0
65340,54,15,0,131,0
65370,54,13,0,133,0
65400,52,10,0,138,0
65430,52,9,0,139,0
65460,50,8,0,142,0
65490,47,12,0,141,0
65520,47,11,0,142,0
65550,47,11,0,142,0
65580,48,9,0,143,0
65610,47,10,0,143,0
65640,48,8,0,144,0
65670,47,7,0,146,0
65700,49,5,0,146,0
65730,47,5,0,148,0
65760,46,5,0,149,0
65790,45,4,0,151,0
65820,43,4,0,153,0
65850,38,4,0,158,0
65880,39,2,0,159,0
65910,37,2,0,161,0
65940,33,2,0,165,0
65970,31,2,0,167,0
66000,27,2,0,171,0
66030,25,6,0,169,0
66060,22,6,0,172,0
66090,22,6,0,172,0
66120,18,5,0,177,0
66150,17,7,0,176,0
66180,19,5,0,176,0
66210,19,5,0,176,0
66240,21,3,0,176,0
66270,21,2,0,177,0
66300,22,1,0,177,0
66330,21,1,0,178,0
66360,21,0,0,179,0
66390,19,0,0,181,0
66420,19,0,0,181,0
66450,17,0,0,183,0
66480,15,0,0,185,0
66510,12,0,0,188,0
66540,10,0,0,190,0
66570,10,0,0,190,0
66600,9,0,0,191,0
66630,7,7,0,186,0
66660,6,7,0,187,0
66690,6,13,0,181,0
66720,6,12,0,182,0
66750,8,16,0,176,0
66780,8,16,0,176,0
66810,10,22,0,168,0
66840,13,19,0,168,0
66870,14,28,0,158,0
66900,17,24,0,159,0
66930,18,31,0,151,0
66960,20,29,0,151,0
66990,23,26,0,151,0
67020,24,25,0,151,0
67050,26,23,0,151,0
67080,28,20,0,152,0
67110,28,20,0,152,0
67140,33,15,0,152,0
67170,34,14,0,152,0
67200,37,11,0,152,0
67230,38,12,0,150,0
67260,37,12,0,151,0
67290,35,12,0,153,0
67320,37,9,0,154,0
67350,38,8,0,154,0
67380,39,7,0,154,0
67410,38,9,0,153,0
67440,41,6,0,153,0
67470,44,5,0,151,0
67500,45,4,0,151,0
67530,44,4,0,152,0
67560,41,4,0,155,0
67590,42,3,0,155,0
67620,43,1,0,156,0
67650,41,4,0,155,0
67680,41,4,0,155,0
67710,40,4,0,156,0
67740,40,4,0,156,0
67770,39,4,0,157,0
67800,40,2,0,158,0
67830,40,4,0,156,0
67860,39,3,0,158,0
67890,35,3,0,162,0
67920,35,3,0,162,0
67950,37,1,0,162,0
67980,36,1,0,163,0
68010,37,1,0,162,0
68040,35,1,0,164,0
68070,33,1,0,166,0
68100,32,1,0,167,0
68130,30,3,0,167,0
68160,28,2,0,170,0
68190,28,1,0,171,0
68220,26,1,0,173,0
68250,25,1,0,174,0
68280,23,1,0,176,0
68310,22,1,0,177,0
68340,19,1,0,180,0
68370,20,1,0,179,0
68400,19,1,0,180,0
68430,17,7,0,176,0
68460,15,7,0,178,0
68490,13,18,0,169,0
68520,13,14,0,173,0
68550,15,15,0,170,0
68580,18,12,0,170,0
68610,17,16,0,167,0
68640,15,16,0,169,0
68670,15,20,0,165,0
68700,18,17,0,165,0
68730,20,26,0,154,0
68760,25,21,0,154,0
68790,28,17,0,155,0
68820,30,14,0,156,0
68850,31,11,0,158,0
68880,31,11,0,158,0
68910,32,10,0,158,0
68940,29,8,0,163,0
68970,29,7,0,164,0
69000,30,6,0,164,0
69030,30,6,0,164,0
69060,29,5,0,166,0
69090,29,6,0,165,0
69120,28,5,0,167,0
69150,27,4,0,169,0
69180,25,4,0,171,0
69210,26,4,0,170,0
69240,25,3,0,172,0
69270,26,2,0,172,0
69300,27,1,0,172,0
69330,27,4,0,169,0
69360,28,3,0,169,0
69390,28,6,0,166,0
69420,29,5,0,166,0
69450,27,14,0,159,0
69480,29,11,0,160,0
69510,28,18,0,154,0
69540,28,17,0,155,0
69570,30,21,0,149,0
69600,32,19,0,149,0
69630,35,18,0,147,0
69660,38,14,0,148,0
69690,39,13,0,148,0
69720,39,10,0,151,0
69750,38,11,0,151,0
69780,40,8,0,152,0
69810,39,7,0,154,0
69840,37,6,0,157,0
69870,37,5,0,158,0
69900,37,4,0,159,0
69930,38,5,0,157,0
69960,39,4,0,157,0
69990,39,5,0,156,0
70020,38,4,0,158,0
70050,39,2,0,159,0
70080,40,1,0,159,0
70110,40,0,0,160,0
70140,37,0,0,163,0
70170,36,0,0,164,0
70200,32,0,0,168,0
70230,30,7,0,163,0
70260,28,7,0,165,0
70290,29,9,0,162,0
70320,32,5,0,163,0
70350,33,4,0,163,0
70380,33,2,0,165,0
70410,31,4,0,165,0
70440,31,4,0,165,0
70470,30,6,0,164,0
70500,28,6,0,166,0
70530,29,8,0,163,0
70560,28,6,0,166,0
70590,30,4,0,166,0
70620,29,3,0,168,0
70650,26,2,0,172,0
70680,25,1,0,174,0
70710,25,0,0,175,0
70740,24,0,0,176,0
70770,20,0,0,180,0
70800,20,0,0,180,0
70830,19,1,0,180,0
70860,19,1,0,180,0
70890,18,2,0,180,0
70920,18,2,0,180,0
70950,17,2,0,181,0
70980,16,2,0,182,0
71010,14,2,0,184,0
71040,14,2,0,184,0
71070,14,2,0,184,0
71100,14,1,0,185,0
71130,15,3,0,182,0
71160,15,3,0,182,0
71190,15,5,0,180,0
71220,16,4,0,180,0
71250,16,4,0,180,0
71280,16,4,0,180,0
71310,14,5,0,181,0
71340,14,5,0,181,0
71370,15,5,0,180,0
71400,14,5,0,181,0
71430,18,3,0,179,0
71460,18,3,0,179,0
71490,20,1,0,179,0
71520,18,1,0,181,0
71550,15,1,0,184,0
71580,15,1,0,184,0
71610,14,1,0,185,0
71640,13,1,0,186,0
71670,11,1,0,188,0
71700,11,1,0,188,0
71730,11,2,0,187,0
71760,10,2,0,188,0
71790,11,1,0,188,0
71820,11,1,0,188,0
71850,10,2,0,188,0
71880,10,1,0,189,0
71910,10,1,0,189,0
71940,11,0,0,189,0
71970,10,0,0,190,0
72000,10,0,0,190,0
72030,9,7,0,184,0
72060,8,7,0,185,0
72090,9,9,0,182,0
72120,12,5,0,183,0
72150,12,10,0,178,0
72180,13,8,0,179,0
72210,13,8,0,179,0
72240,14,6,0,180,0
72270,14,11,0,175,0
72300,14,10,0,176,0
72330,15,13,0,172,0
72360,15,13,0,172,0
72390,15,12,0,173,0
72420,15,10,0,175,0
72450,16,9,0,175,0
72480,16,8,0,176,0
72510,17,7,0,176,0
72540,15,7,0,178,0
72570,16,5,0,179,0
72600,17,4,0,179,0
72630,15,5,0,180,0
72660,15,4,0,181,0
72690,17,3,0,180,0
72720,17,2,0,181,0
72750,16,2,0,182,0
72780,16,1,0,183,0
72810,15,1,0,184,0
72840,15,1,0,184,0
72870,15,1,0,184,0
72900,16,0,0,184,0
72930,15,4,0,181,0
72960,14,4,0,182,0
72990,14,7,0,179,0
73020,11,7,0,182,0
73050,15,4,0,181,0
73080,15,4,0,181,0
73110,13,8,0,179,0
73140,14,6,0,180,0
73170,14,7,0,179,0
73200,16,5,0,179,0
73230,16,8,0,176,0
73260,19,5,0,176,0
73290,19,4,0,177,0
73320,19,4,0,177,0
73350,19,4,0,177,0
73380,19,4,0,177,0
73410,18,4,0,178,0
73440,18,4,0,178,0
73470,18,2,0,180,0
73500,19,0,0,181,0
73530,19,0,0,181,0
73560,18,0,0,182,0
73590,17,0,0,183,0
73620,17,0,0,183,0
73650,16,0,0,184,0
73680,15,0,0,185,0
73710,13,1,0,186,0
73740,11,1,0,188,0
73770,11,1,0,188,0
73800,10,1,0,189,0
73830,8,5,0,187,0
73860,10,3,0,187,0
73890,8,4,0,188,0
73920,7,4,0,189,0
73950,7,8,0,185,0
73980,8,7,0,185,0
74010,9,11,0,180,0
74040,8,11,0,181,0
74070,9,11,0,180,0
74100,8,11,0,181,0
74130,13,8,0,179,0
74160,12,8,0,180,0
74190,11,8,0,181,0
74220,12,6,0,182,0
74250,14,4,0,182,0
74280,14,4,0,182,0
74310,14,5,0,181,0
74340,15,4,0,181,0
74370,15,3,0,182,0
74400,15,3,0,182,0
74430,15,4,0,181,0
74460,15,3,0,182,0
74490,15,4,0,181,0
74520,16,3,0,181,0
74550,15,5,0,180,0
74580,16,4,0,180,0
74610,17,4,0,179,0
74640,17,2,0,181,0
74670,18,5,0,177,0
74700,17,3,0,180,0
74730,15,5,0,180,0
74760,15,5,0,180,0
74790,15,5,0,180,0
74820,15,5,0,180,0
74850,15,8,0,177,0
74880,13,8,0,179,0
74910,15,6,0,179,0
74940,15,6,0,179,0
74970,13,7,0,180,0
75000,15,5,0,180,0
75030,16,4,0,180,0
75060,17,3,0,180,0
75090,16,3,0,181,0
75120,17,2,0,181,0
75150,18,1,0,181,0
75180,19,0,0,181,0
75210,19,0,0,181,0
75240,19,0,0,181,0
75270,18,0,0,182,0
75300,16,0,0,184,0
75330,16,0,0,184,0
75360,14,0,0,186,0
75390,14,0,0,186,0
75420,14,0,0,186,0
75450,14,0,0,186,0
75480,14,0,0,186,0
75510,14,0,0,186,0
75540,13,0,0,187,0
75570,11,0,0,189,0
75600,9,0,0,191,0
75630,12,3,0,185,0
75660,12,2,0,186,0
75690,15,6,0,179,0
75720,15,6,0,179,0
75750,15,12,0,173,0
75780,18,7,0,175,0
75810,20,7,0,173,0
75840,20,6,0,174,0
75870,20,18,0,162,0
75900,22,15,0,163,0
75930,28,19,0,153,0
75960,30,15,0,155,0
75990,33,11,0,156,0
76020,33,10,0,157,0
76050,33,10,0,157,0
76080,35,7,0,158,0
76110,35,8,0,157,0
76140,36,7,0,157,0
76170,38,5,0,157,0
76200,38,4,0,158,0
76230,37,4,0,159,0
76260,34,4,0,162,0
76290,36,1,0,163,0
76320,36,0,0,164,0
76350,35,0,0,165,0
76380,32,0,0,168,0
76410,31,0,0,169,0
76440,28,0,0,172,0
76470,27,1,0,172,0
76500,27,1,0,172,0
76530,26,3,0,171,0
76560,23,3,0,174,0
76590,23,3,0,174,0
76620,22,3,0,175,0
76650,20,4,0,176,0
76680,20,4,0,176,0
76710,20,4,0,176,0
76740,18,4,0,178,0
76770,17,5,0,178,0
76800,15,4,0,181,0
76830,14,7,0,179,0
76860,15,5,0,180,0
76890,14,6,0,180,0
76920,12,6,0,182,0
76950,13,8,0,179,0
76980,13,6,0,181,0
77010,13,7,0,180,0
77040,13,7,0,180,0
77070,14,7,0,179,0
77100,15,6,0,179,0
77130,16,5,0,179,0
77160,17,3,0,180,0
77190,16,3,0,181,0
77220,16,2,0,182,0
77250,14,2,0,184,0
77280,14,2,0,184,0
77310,16,0,0,184,0
77340,15,0,0,185,0
77370,15,0,0,185,0
77400,14,0,0,186,0
77430,15,1,0,184,0
77460,15,1,0,184,0
77490,15,6,0,179,0
77520,14,6,0,180,0
77550,16,8,0,176,0
77580,18,6,0,176,0
77610,19,8,0,173,0
77640,20,7,0,173,0
77670,20,9,0,171,0
77700,21,8,0,171,0
77730,20,12,0,168,0
77760,20,10,0,170,0
77790,21,9,0,170,0
77820,22,7,0,171,0
77850,22,6,0,172,0
77880,21,6,0,173,0
77910,22,3,0,175,0
77940,22,2,0,176,0
77970,21,2,0,177,0
78000,20,1,0,179,0
78030,19,0,0,181,0
78060,16,0,0,184,0
78090,16,0,0,184,0
78120,16,0,0,184,0
78150,14,0,0,186,0
78180,13,0,0,187,0
78210,12,0,0,188,0
78240,11,0,0,189,0
78270,9,0,0,191,0
78300,9,0,0,191,0
78330,9,8,0,183,0
78360,8,8,0,184,0
78390,7,16,0,177,0
78420,7,16,0,177,0
78450,8,19,0,173,0
78480,9,18,0,173,0
78510,9,27,0,164,0
78540,11,25,0,164,0
78570,13,30,0,157,0
78600,17,26,0,157,0
78630,20,32,0,148,0
78660,23,28,0,149,0
78690,25,25,0,150,0
78720,26,23,0,151,0
78750,28,20,0,152,0
78780,30,17,0,153,0
78810,28,17,0,155,0
78840,26,16,0,158,0
78870,27,15,0,158,0
78900,27,13,0,160,0
78930,27,12,0,161,0
78960,27,10,0,163,0
78990,28,7,0,165,0
79020,25,6,0,169,0
79050,27,2,0,171,0
79080,25,2,0,173,0
79110,25,1,0,174,0
79140,21,1,0,178,0
79170,19,1,0,180,0
79200,16,1,0,183,0
79230,16,13,0,171,0
79260,17,12,0,171,0
79290,15,26,0,159,0
79320,14,22,0,164,0
79350,18,23,0,159,0
79380,19,20,0,161,0
79410,25,27,0,148,0
79440,28,22,0,150,0
79470,32,29,0,139,0
79500,37,24,0,139,0
79530,36,35,0,129,0
79560,37,33,0,130,0
79590,41,29,0,130,0
79620,41,26,0,133,0
79650,42,24,0,134,0
79680,43,22,0,135,0
79710,48,17,0,135,0
79740,48,16,0,136,0
79770,49,13,0,138,0
79800,52,9,0,139,0
79830,50,10,0,140,0
79860,51,9,0,140,0
79890,51,9,0,140,0
79920,52,6,0,142,0
79950,53,6,0,141,0
79980,54,5,0,141,0
80010,58,2,0,140,0
80040,57,2,0,141,0
80070,58,1,0,141,0
80100,57,0,0,143,0
80130,53,13,0,134,0
80160,53,13,0,134,0
80190,49,14,0,137,0
80220,45,14,0,141,0
80250,41,17,0,142,0
80280,36,16,0,148,0
80310,33,19,0,148,0
80340,33,16,0,151,0
80370,34,20,0,146,0
80400,29,20,0,151,0
80430,29,17,0,154,0
80460,29,13,0,158,0
80490,32,10,0,158,0
80520,30,9,0,161,0
80550,29,7,0,164,0
80580,28,7,0,165,0
80610,29,5,0,166,0
80640,27,5,0,168,0
80670,28,2,0,170,0
80700,28,1,0,171,0
80730,28,1,0,171,0
80760,25,1,0,174,0
80790,25,1,0,174,0
80820,25,1,0,174,0
80850,24,5,0,171,0
80880,24,3,0,173,0
80910,24,4,0,172,0
80940,23,4,0,173,0
80970,22,7,0,171,0
81000,19,7,0,174,0
81030,18,12,0,170,0
81060,18,12,0,170,0
81090,19,18,0,163,0
81120,17,18,0,165,0
81150,17,21,0,162,0
81180,13,20,0,167,0
81210,14,26,0,160,0
81240,15,25,0,160,0
81270,18,32,0,150,0
81300,17,32,0,151,0
81330,20,39,0,141,0
81360,23,36,0,141,0
81390,23,35,0,142,0
81420,21,35,0,144,0
81450,20,36,0,144,0
81480,23,33,0,144,0
81510,26,29,0,145,0
81540,26,28,0,146,0
81570,27,27,0,146,0
81600,26,27,0,147,0
81630,26,28,0,146,0
81660,27,26,0,147,0
81690,28,25,0,147,0
81720,29,23,0,148,0
81750,32,20,0,148,0
81780,34,16,0,150,0
81810,36,14,0,150,0
81840,37,12,0,151,0
81870,36,12,0,152,0
81900,38,9,0,153,0
81930,38,10,0,152,0
81960,39,9,0,152,0
81990,42,8,0,150,0
82020,39,8,0,153,0
82050,40,6,0,154,0
82080,40,4,0,156,0
82110,36,5,0,159,0
82140,35,4,0,161,0
82170,33,5,0,162,0
82200,35,3,0,162,0
82230,33,7,0,160,0
82260,31,6,0,163,0
82290,31,6,0,163,0
82320,28,6,0,166,0
82350,27,6,0,167,0
82380,24,5,0,171,0
82410,25,3,0,172,0
82440,22,3,0,175,0
82470,23,4,0,173,0
82500,23,3,0,174,0
82530,23,5,0,172,0
82560,23,4,0,173,0
82590,22,4,0,174,0
82620,22,3,0,175,0
82650,20,3,0,177,0
82680,22,1,0,177,0
82710,18,1,0,181,0
82740,17,1,0,182,0
82770,16,1,0,183,0
82800,16,0,0,184,0
82830,14,6,0,180,0
82860,12,5,0,183,0
82890,12,9,0,179,0
82920,13,7,0,180,0
82950,12,10,0,178,0
82980,14,8,0,178,0
83010,12,14,0,174,0
83040,13,13,0,174,0
83070,13,17,0,170,0
83100,16,14,0,170,0
83130,18,15,0,167,0
83160,18,15,0,167,0
83190,18,15,0,167,0
83220,17,14,0,169,0
83250,16,14,0,170,0
83280,16,13,0,171,0
83310,16,13,0,171,0
83340,16,12,0,172,0
83370,15,12,0,173,0
83400,16,11,0,173,0
83430,16,14,0,170,0
83460,18,12,0,170,0
83490,19,11,0,170,0
83520,20,8,0,172,0
83550,19,8,0,173,0
83580,20,6,0,174,0
83610,21,4,0,175,0
83640,19,4,0,177,0
83670,19,4,0,177,0
83700,21,2,0,177,0
83730,22,2,0,176,0
83760,21,2,0,177,0
83790,22,5,0,173,0
83820,22,4,0,174,0
83850,20,5,0,175,0
83880,19,5,0,176,0
83910,18,6,0,176,0
83940,15,6,0,179,0
83970,15,8,0,177,0
84000,15,8,0,177,0
84030,16,9,0,175,0
84060,15,9,0,176,0
84090,16,9,0,175,0
84120,16,7,0,177,0
84150,15,7,0,178,0
84180,14,7,0,179,0
84210,13,8,0,179,0
84240,14,7,0,179,0
84270,14,9,0,177,0
84300,15,8,0,177,0
84330,17,6,0,177,0
84360,15,6,0,179,0
84390,16,6,0,178,0
84420,17,5,0,178,0
84450,15,5,0,180,0
84480,17,3,0,180,0
84510,17,4,0,179,0
84540,17,4,0,179,0
84570,18,2,0,180,0
84600,17,2,0,181,0
84630,18,4,0,178,0
84660,17,4,0,179,0
84690,15,5,0,180,0
84720,13,5,0,182,0
84750,12,7,0,181,0
84780,13,6,0,181,0
84810,12,12,0,176,0
84840,11,12,0,177,0
84870,11,16,0,173,0
84900,11,16,0,173,0
84930,12,17,0,171,0
84960,10,16,0,174,0
84990,9,17,0,174,0
85020,7,16,0,177,0
85050,8,15,0,177,0
85080,10,13,0,177,0
85110,10,13,0,177,0
85140,10,11,0,179,0
85170,13,8,0,179,0
85200,13,8,0,179,0
85230,13,8,0,179,0
85260,15,6,0,179,0
85290,14,6,0,180,0
85320,14,6,0,180,0
85350,15,4,0,181,0
85380,16,3,0,181,0
85410,16,3,0,181,0
85440,16,3,0,181,0
85470,17,2,0,181,0
85500,14,2,0,184,0
85530,14,5,0,181,0
85560,12,5,0,183,0
85590,11,12,0,177,0
85620,9,12,0,179,0
85650,8,16,0,176,0
85680,8,15,0,177,0
85710,8,14,0,178,0
85740,11,11,0,178,0
85770,12,13,0,175,0
85800,16,9,0,175,0
85830,17,8,0,175,0
85860,18,6,0,176,0
85890,17,5,0,178,0
85920,16,5,0,179,0
85950,16,5,0,179,0
85980,16,5,0,179,0
86010,17,4,0,179,0
86040,18,3,0,179,0
86070,18,2,0,180,0
86100,18,2,0,180,0
86130,17,4,0,179,0
86160,17,3,0,180,0
86190,16,3,0,181,0
86220,16,3,0,181,0
86250,15,6,0,179,0
86280,14,6,0,180,0
86310,11,6,0,183,0
86340,12,5,0,183,0
86370,11,6,0,183,0
86400,10,6,0,184,0
86430,10,12,0,178,0
86460,11,11,0,178,0
86490,13,14,0,173,0
86520,13,12,0,175,0
86550,14,18,0,168,0
86580,13,18,0,169,0
86610,15,21,0,164,0
86640,16,20,0,164,0
86670,14,30,0,156,0
86700,15,29,0,156,0
86730,16,32,0,152,0
86760,19,29,0,152,0
86790,20,30,0,150,0
86820,21,29,0,150,0
86850,22,28,0,150,0
86880,23,27,0,150,0
86910,23,27,0,150,0
86940,23,26,0,151,0
86970,23,28,0,149,0
87000,24,27,0,149,0
87030,24,28,0,148,0
87060,26,26,0,148,0
87090,31,22,0,147,0
87120,33,20,0,147,0
87150,38,15,0,147,0
87180,41,12,0,147,0
87210,40,11,0,149,0
87240,41,9,0,150,0
87270,42,6,0,152,0
87300,42,5,0,153,0
87330,40,6,0,154,0
87360,39,5,0,156,0
87390,39,6,0,155,0
87420,37,6,0,157,0
87450,35,6,0,159,0
87480,36,4,0,160,0
87510,35,3,0,162,0
87540,35,2,0,163,0
87570,36,2,0,162,0
87600,35,2,0,163,0
87630,35,4,0,161,0
87660,34,4,0,162,0
87690,34,4,0,162,0
87720,34,3,0,163,0
87750,32,2,0,166,0
87780,30,2,0,168,0
87810,29,4,0,167,0
87840,26,4,0,170,0
87870,24,4,0,172,0
87900,23,3,0,174,0
87930,22,3,0,175,0
87960,22,3,0,175,0
87990,21,3,0,176,0
88020,19,3,0,178,0
88050,18,3,0,179,0
88080,18,3,0,179,0
88110,17,1,0,182,0
88140,15,1,0,184,0
88170,15,1,0,184,0
88200,13,1,0,186,0
88230,11,2,0,187,0
88260,10,2,0,188,0
88290,8,2,0,190,0
88320,7,1,0,192,0
88350,6,2,0,192,0
88380,6,2,0,192,0
88410,6,4,0,190,0
88440,5,4,0,191,0
88470,6,3,0,191,0
88500,6,3,0,191,0
88530,5,3,0,192,0
88560,5,2,0,193,0
88590,5,2,0,193,0
88620,6,1,0,193,0
88650,5,1,0,194,0
88680,5,1,0,194,0
88710,6,0,0,194,0
88740,4,0,0,196,0
88770,4,0,0,196,0
88800,4,0,0,196,0
88830,3,0,0,197,0
88860,3,0,0,197,0
88890,3,0,0,197,0
88920,3,0,0,197,0
88950,3,0,0,197,0
88980,3,0,0,197,0
89010,3,0,0,197,0
89040,3,0,0,197,0
89070,3,0,0,197,0
89100,3,0,0,197,0
89130,3,2,0,195,0
89160,2,2,0,196,0
89190,2,3,0,195,0
89220,2,3,0,195,0
89250,2,3,0,195,0
89280,2,3,0,195,0
89310,2,4,0,194,0
89340,2,4,0,194,0
89370,2,6,0,192,0
89400,2,6,0,192,0
89430,2,7,0,191,0
89460,2,7,0,191,0
89490,3,6,0,191,0
89520,3,6,0,191,0
89550,4,6,0,190,0
89580,6,4,0,190,0
89610,6,4,0,190,0
89640,6,4,0,190,0
89670,6,4,0,190,0
89700,4,4,0,192,0
89730,5,3,0,192,0
89760,5,3,0,192,0
89790,5,3,0,192,0
89820,5,3,0,192,0
89850,6,2,0,192,0
89880,6,2,0,192,0
89910,7,1,0,192,0
89940,7,1,0,192,0
89970,6,1,0,193,0
90000,6,1,0,193,0
90030,6,5,0,189,0
90060,6,5,0,189,0
90090,6,6,0,188,0
90120,6,6,0,188,0
90150,7,8,0,185,0
90180,7,8,0,185,0
90210,6,10,0,184,0
90240,7,9,0,184,0
90270,7,19,0,174,0
90300,8,18,0,174,0
90330,8,23,0,169,0
90360,8,23,0,169,0
90390,9,22,0,169,0
90420,9,22,0,169,0
90450,11,19,0,170,0
90480,11,19,0,170,0
90510,12,18,0,170,0
90540,12,18,0,170,0
90570,12,18,0,170,0
90600,12,18,0,170,0
90630,11,17,0,172,0
90660,11,17,0,172,0
90690,9,19,0,172,0
90720,8,19,0,173,0
90750,11,15,0,174,0
90780,12,14,0,174,0
90810,13,15,0,172,0
90840,13,15,0,172,0
90870,17,13,0,170,0
90900,18,11,0,171,0
90930,19,10,0,171,0
90960,20,9,0,171,0
90990,21,8,0,171,0
91020,20,8,0,172,0
91050,20,8,0,172,0
91080,21,7,0,172,0
91110,21,7,0,172,0
91140,22,6,0,172,0
91170,21,5,0,174,0
91200,21,5,0,174,0
91230,20,6,0,174,0
91260,22,4,0,174,0
91290,20,5,0,175,0
91320,18,5,0,177,0
91350,18,6,0,176,0
91380,16,4,0,180,0
91410,17,4,0,179,0
91440,17,3,0,180,0
91470,17,3,0,180,0
91500,17,3,0,180,0
91530,18,2,0,180,0
91560,17,2,0,181,0
91590,16,2,0,182,0
91620,16,2,0,182,0
91650,12,2,0,186,0
91680,12,2,0,186,0
91710,11,1,0,188,0
91740,10,0,0,190,0
91770,9,0,0,191,0
91800,9,0,0,191,0
91830,7,2,0,191,0
91860,5,2,0,193,0
91890,5,3,0,192,0
91920,5,3,0,192,0
91950,4,8,0,188,0
91980,3,8,0,189,0
92010,3,10,0,187,0
92040,4,9,0,187,0
92070,4,14,0,182,0
92100,4,14,0,182,0
92130,2,14,0,184,0
92160,1,14,0,185,0
92190,1,14,0,185,0
92220,2,13,0,185,0
92250,2,13,0,185,0
92280,2,13,0,185,0
92310,3,12,0,185,0
92340,3,12,0,185,0
92370,3,12,0,185,0
92400,4,11,0,185,0
92430,4,11,0,185,0
92460,5,9,0,186,0
92490,5,9,0,186,0
92520,7,7,0,186,0
92550,10,4,0,186,0
92580,10,4,0,186,0
92610,10,4,0,186,0
92640,9,4,0,187,0
92670,10,3,0,187,0
92700,11,2,0,187,0
92730,11,2,0,187,0
92760,12,1,0,187,0
92790,12,2,0,186,0
92820,12,2,0,186,0
92850,12,2,0,186,0
92880,12,2,0,186,0
92910,11,2,0,187,0
92940,11,2,0,187,0
92970,10,2,0,188,0
93000,10,2,0,188,0
93030,12,0,0,188,0
93060,12,0,0,188,0
93090,12,0,0,188,0
93120,12,0,0,188,0
93150,12,0,0,188,0
93180,12,0,0,188,0
93210,12,0,0,188,0
93240,12,0,0,188,0
93270,12,0,0,188,0
93300,11,0,0,189,0
93330,11,0,0,189,0
93360,11,0,0,189,0
93390,9,0,0,191,0
93420,8,0,0,192,0
93450,7,0,0,193,0
93480,6,0,0,194,0
93510,6,0,0,194,0
93540,5,0,0,195,0
93570,4,0,0,196,0
93600,3,0,0,197,0
93630,0,7,0,193,0
93660,0,7,0,193,0
93690,1,11,0,188,0
93720,1,11,0,188,0
93750,1,17,0,182,0
93780,2,16,0,182,0
93810,2,19,0,179,0
93840,2,19,0,179,0
93870,4,23,0,173,0
93900,4,23,0,173,0
93930,4,26,0,170,0
93960,6,24,0,170,0
93990,6,24,0,170,0
94020,5,24,0,171,0
94050,6,24,0,170,0
94080,7,23,0,170,0
94110,7,23,0,170,0
94140,7,23,0,170,0
94170,7,23,0,170,0
94200,9,20,0,171,0
94230,11,18,0,171,0
94260,11,18,0,171,0
94290,10,18,0,172,0
94320,12,16,0,172,0
94350,11,16,0,173,0
94380,11,16,0,173,0
94410,9,16,0,175,0
94440,10,15,0,175,0
94470,9,15,0,176,0
94500,10,14,0,176,0
94530,10,13,0,177,0
94560,12,10,0,178,0
94590,12,10,0,178,0
94620,16,6,0,178,0
94650,18,5,0,177,0
94680,19,4,0,177,0
94710,19,3,0,178,0
94740,20,2,0,178,0
94770,20,2,0,178,0
94800,18,2,0,180,0
94830,18,7,0,175,0
94860,17,7,0,176,0
94890,15,7,0,178,0
94920,14,7,0,179,0
94950,13,6,0,181,0
94980,13,6,0,181,0
95010,11,9,0,180,0
95040,12,8,0,180,0
95070,12,9,0,179,0
95100,12,9,0,179,0
95130,13,11,0,176,0
95160,14,10,0,176,0
95190,15,8,0,177,0
95220,16,7,0,177,0
95250,17,5,0,178,0
95280,16,5,0,179,0
95310,17,4,0,179,0
95340,16,4,0,180,0
95370,17,3,0,180,0
95400,16,3,0,181,0
95430,16,3,0,181,0
95460,16,3,0,181,0
95490,16,4,0,180,0
95520,17,3,0,180,0
95550,18,3,0,179,0
95580,16,3,0,181,0
95610,16,3,0,181,0
95640,17,2,0,181,0
95670,17,2,0,181,0
95700,17,1,0,182,0
95730,13,1,0,186,0
95760,14,0,0,186,0
95790,13,0,0,187,0
95820,12,0,0,188,0
95850,11,0,0,189,0
95880,9,0,0,191,0
95910,9,0,0,191,0
95940,9,0,0,191,0
95970,9,0,0,191,0
96000,9,0,0,191,0
96030,9,1,0,190,0
96060,8,1,0,191,0
96090,7,1,0,192,0
96120,7,1,0,192,0
96150,8,1,0,191,0
96180,6,1,0,193,0
96210,5,3,0,192,0
96240,5,3,0,192,0
96270,5,3,0,192,0
96300,4,3,0,193,0
96330,3,3,0,194,0
96360,3,2,0,195,0
96390,4,1,0,195,0
96420,4,1,0,195,0
96450,5,0,0,195,0
96480,5,0,0,195,0
96510,5,0,0,195,0
96540,5,0,0,195,0
96570,5,0,0,195,0
96600,5,0,0,195,0
96630,5,0,0,195,0
96660,5,0,0,195,0
96690,4,0,0,196,0
96720,3,0,0,197,0
96750,3,0,0,197,0
96780,3,0,0,197,0
96810,3,0,0,197,0
96840,2,0,0,198,0
96870,1,0,0,199,0
96900,1,0,0,199,0
96930,0,0,0,200,0
96960,0,0,0,200,0
96990,0,0,0,200,0
97020,0,0,0,200,0
97050,0,0,0,200,0
97080,0,0,0,200,0
97110,0,0,0,200,0
97140,0,0,0,200,0
97170,0,0,0,200,0
97200,0,0,0,200,0
97230,0,0,0,200,0
97260,0,0,0,200,0
97290,0,0,0,200,0
97320,0,0,0,200,0
97350,0,2,0,198,0
97380,0,2,0,198,0
97410,0,2,0,198,0
97440,0,2,0,198,0
97470,1,2,0,197,0
97500,1,2,0,197,0
97530,2,1,0,197,0
97560,2,1,0,197,0
97590,3,0,0,197,0
97620,3,0,0,197,0
97650,3,0,0,197,0
97680,3,0,0,197,0
97710,3,0,0,197,0
97740,3,0,0,197,0
97770,3,0,0,197,0
97800,3,0,0,197,0
97830,2,0,0,198,0
97860,2,0,0,198,0
97890,2,0,0,198,0
97920,2,0,0,198,0
97950,2,0,0,198,0
97980,2,0,0,198,0
98010,2,0,0,198,0
98040,2,0,0,198,0
98070,1,0,0,199,0
98100,1,0,0,199,0
98130,1,0,0,199,0
98160,1,0,0,199,0
98190,1,0,0,199,0
98220,1,0,0,199,0
98250,1,0,0,199,0
98280,1,0,0,199,0
98310,1,0,0,199,0
98340,1,0,0,199,0
98370,1,0,0,199,0
98400,1,0,0,199,0
98430,1,0,0,199,0
98460,1,0,0,199,0
98490,1,0,0,199,0
98520,1,0,0,199,0
98550,1,0,0,199,0
98580,1,0,0,199,0
98610,1,0,0,199,0
98640,1,0,0,199,0
98670,1,0,0,199,0
98700,1,0,0,199,0
98730,1,0,0,199,0
98760,1,0,0,199,0
98790,1,0,0,199,0
98820,1,0,0,199,0
98850,1,0,0,199,0
98880,0,0,0,200,0
98910,0,0,0,200,0
98940,0,0,0,200,0
98970,0,0,0,200,0
99000,0,0,0,200,0
99030,0,1,0,199,0
99060,0,1,0,199,0
99090,0,1,0,199,0
99120,0,1,0,199,0
99150,0,1,0,199,0
99180,0,1,0,199,0
99210,1,0,0,199,0
99240,1,0,0,199,0
99270,1,0,0,199,0
99300,1,0,0,199,0
99330,1,0,0,199,0
99360,1,0,0,199,0
99390,1,0,0,199,0
99420,1,0,0,199,0
99450,1,0,0,199,0
99480,1,0,0,199,0
99510,1,0,0,199,0
99540,1,0,0,199,0
99570,1,0,0,199,0
99600,1,0,0,199,0
99630,1,0,0,199,0
99660,1,0,0,199,0
99690,1,0,0,199,0
99720,1,0,0,199,0
99750,1,0,0,199,0
99780,0,0,0,200,0
99810,0,0,0,200,0
99840,0,0,0,200,0
99870,0,0,0,200,0
99900,0,0,0,200,0
99930,0,2,0,198,0
99960,0,2,0,198,0
99990,0,3,0,197,0
100020,0,3,0,197,0
100050,1,4,0,195,0
100080,2,3,0,195,0
100110,2,4,0,194,0
100140,3,3,0,194,0
100170,3,3,0,194,0
100200,3,3,0,194,0
100230,3,5,0,192,0
100260,3,5,0,192,0
100290,3,5,0,192,0
100320,4,4,0,192,0
100350,4,4,0,192,0
100380,4,4,0,192,0
100410,4,4,0,192,0
100440,4,4,0,192,0
100470,5,3,0,192,0
100500,5,3,0,192,0
100530,5,3,0,192,0
100560,6,2,0,192,0
100590,6,2,0,192,0
100620,6,2,0,192,0
100650,6,2,0,192,0
100680,6,2,0,192,0
100710,6,2,0,192,0
100740,6,2,0,192,0
100770,8,0,0,192,0
100800,7,0,0,193,0
100830,7,2,0,191,0
100860,7,2,0,191,0
100890,7,2,0,191,0
100920,7,2,0,191,0
100950,8,2,0,190,0
100980,8,2,0,190,0
101010,8,2,0,190,0
101040,8,2,0,190,0
101070,8,3,0,189,0
101100,8,3,0,189,0
101130,8,3,0,189,0
101160,8,2,0,190,0
101190,8,2,0,190,0
101220,8,2,0,190,0
101250,8,2,0,190,0
101280,8,2,0,190,0
101310,9,1,0,190,0
101340,8,1,0,191,0
101370,9,0,0,191,0
101400,9,0,0,191,0
101430,9,0,0,191,0
101460,8,0,0,192,0
101490,7,0,0,193,0
101520,7,0,0,193,0
101550,7,0,0,193,0
101580,7,0,0,193,0
101610,7,0,0,193,0
101640,7,0,0,193,0
101670,7,0,0,193,0
101700,7,0,0,193,0
101730,6,0,0,194,0
101760,6,0,0,194,0
101790,5,0,0,195,0
101820,4,0,0,196,0
101850,2,0,0,198,0
101880,1,0,0,199,0
101910,0,0,0,200,0
101940,0,0,0,200,0
101970,0,0,0,200,0
102000,0,0,0,200,0
102030,0,0,0,200,0
102060,0,0,0,200,0
102090,0,0,0,200,0
102120,0,0,0,200,0
102150,0,0,0,200,0
102180,0,0,0,200,0
102210,0,0,0,200,0
102240,0,0,0,200,0
102270,0,0,0,200,0
102300,0,0,0,200,0
102330,0,0,0,200,0
102360,0,0,0,200,0
102390,0,0,0,200,0
102420,0,0,0,200,0
102450,0,0,0,200,0
102480,0,0,0,200,0
102510,0,0,0,200,0
102540,0,0,0,200,0
102570,0,0,0,200,0
102600,0,0,0,200,0
102630,0,0,0,200,0
102660,0,0,0,200,0
102690,0,0,0,200,0
102720,0,0,0,200,0
102750,0,0,0,200,0
102780,0,0,0,200,0
102810,0,0,0,200,0
102840,0,0,0,200,0
102870,0,0,0,200,0
102900,0,0,0,200,0
102930,0,0,0,200,0
102960,0,0,0,200,0
102990,0,0,0,200,0
103020,0,0,0,200,0
103050,0,0,0,200,0
103080,0,0,0,200,0
103110,0,0,0,200,0
103140,0,0,0,200,0
103170,0,0,0,200,0
103200,0,0,0,200,0
103230,0,0,0,200,0
103260,0,0,0,200,0
103290,0,0,0,200,0
103320,0,0,0,200,0
103350,0,0,0,200,0
103380,0,0,0,200,0
103410,0,0,0,200,0
103440,0,0,0,200,0
103470,0,0,0,200,0
103500,0,0,0,200,0
103530,0,0,0,200,0
103560,0,0,0,200,0
103590,0,0,0,200,0
103620,0,0,0,200,0
103650,0,0,0,200,0
103680,0,0,0,200,0
103710,0,0,0,200,0
103740,0,0,0,200,0
103770,0,0,0,200,0
103800,0,0,0,200,0
103830,0,0,0,200,0
103860,0,0,0,200,0
103890,0,0,0,200,0
103920,0,0,0,200,0
103950,0,0,0,200,0
103980,0,0,0,200,0
104010,0,0,0,200,0
104040,0,0,0,200,0
104070,0,0,0,200,0
104100,0,0,0,200,0
104130,0,0,0,200,0
104160,0,0,0,200,0
104190,0,0,0,200,0
104220,0,0,0,200,0
104250,0,0,0,200,0
104280,0,0,0,200,0
104310,0,0,0,200,0
104340,0,0,0,200,0
104370,0,0,0,200,0
104400,0,0,0,200,0
104430,0,0,0,200,0
104460,0,0,0,200,0
104490,0,0,0,200,0
104520,0,0,0,200,0
104550,0,0,0,200,0
104580,0,0,0,200,0
104610,0,0,0,200,0
104640,0,0,0,200,0
104670,0,0,0,200,0
104700,0,0,0,200,0
104730,0,0,0,200,0
104760,0,0,0,200,0
104790,0,0,0,200,0
104820,0,0,0,200,0
104850,0,0,0,200,0
104880,0,0,0,200,0
104910,0,0,0,200,0
104940,0,0,0,200,0
104970,0,0,0,200,0
105000,0,0,0,200,0
105030,0,0,0,200,0
105060,0,0,0,200,0
105090,0,0,0,200,0
105120,0,0,0,200,0
105150,0,0,0,200,0
105180,0,0,0,200,0
105210,0,0,0,200,0
105240,0,0,0,200,0
105270,0,0,0,200,0
105300,0,0,0,200,0
105330,0,0,0,200,0
105360,0,0,0,200,0
105390,0,0,0,200,0
105420,0,0,0,200,0
105450,0,0,0,200,0
105480,0,0,0,200,0
105510,0,0,0,200,0
105540,0,0,0,200,0
105570,0,0,0,200,0
105600,0,0,0,200,0
105630,0,0,0,200,0
105660,0,0,0,200,0
105690,0,0,0,200,0
105720,0,0,0,200,0
105750,0,0,0,200,0
105780,0,0,0,200,0
105810,0,0,0,200,0
105840,0,0,0,200,0
105870,0,0,0,200,0
105900,0,0,0,200,0
105930,0,0,0,200,0
105960,0,0,0,200,0
105990,0,0,0,200,0
106020,0,0,0,200,0
106050,0,0,0,200,0
106080,0,0,0,200,0
106110,0,0,0,200,0
106140,0,0,0,200,0
106170,0,0,0,200,0
106200,0,0,0,200,0
106230,0,0,0,200,0
106260,0,0,0,200,0
106290,0,0,0,200,0
106320,0,0,0,200,0
106350,0,0,0,200,0
106380,0,0,0,200,0
106410,0,0,0,200,0
106440,0,0,0,200,0
106470,0,0,0,200,0
106500,0,0,0,200,0
106530,0,0,0,200,0
106560,0,0,0,200,0
106590,0,0,0,200,0
106620,0,0,0,200,0
106650,0,0,0,200,0
106680,0,0,0,200,0
106710,0,0,0,200,0
106740,0,0,0,200,0
106770,0,0,0,200,0
106800,0,0,0,200,0
106830,0,0,0,200,0
106860,0,0,0,200,0
106890,0,0,0,200,0
106920,0,0,0,200,0
106950,0,0,0,200,0
106980,0,0,0,200,0
107010,0,0,0,200,0
107040,0,0,0,200,0
107070,0,0,0,200,0
107100,0,0,0,200,0
107130,0,0,0,200,0
107160,0,0,0,200,0
107190,0,0,0,200,0
107220,0,0,0,200,0
107250,0,0,0,200,0
107280,0,0,0,200,0
107310,0,0,0,200,0
107340,0,0,0,200,0
107370,0,0,0,200,0
107400,0,0,0,200,0
107430,0,0,0,200,0
107460,0,0,0,200,0
107490,0,0,0,200,0
107520,0,0,0,200,0
107550,0,0,0,200,0
107580,0,0,0,200,0
107610,0,0,0,200,0
107640,0,0,0,200,0
107670,0,0,0,200,0
107700,0,0,0,200,0
107730,0,0,0,200,0
107760,0,0,0,200,0
107790,0,0,0,200,0
107820,0,0,0,200,0
107850,0,0,0,200,0
107880,0,0,0,200,0
107910,0,0,0,200,0
107940,0,0,0,200,0
107970,0,0,0,200,0
108000,0,0,0,200,0
