30,0,0,0,50,0
60,0,0,0,50,0
90,0,0,0,50,0
120,0,0,0,50,0
150,0,0,0,50,0
180,0,0,0,50,0
210,0,0,0,50,0
240,0,0,0,50,0
270,0,0,0,50,0
300,0,0,0,50,0
330,0,0,0,50,0
360,0,0,0,50,0
390,0,0,0,50,0
420,0,0,0,50,0
450,0,0,0,50,0
480,0,0,0,50,0
510,0,0,0,50,0
540,0,0,0,50,0
570,0,0,0,50,0
600,0,0,0,50,0
630,0,0,0,50,0
660,0,0,0,50,0
690,0,0,0,50,0
720,0,0,0,50,0
750,0,0,0,50,0
780,0,0,0,50,0
810,0,0,0,50,0
840,0,0,0,50,0
870,0,0,0,50,0
900,0,0,0,50,0
930,0,0,0,50,0
960,0,0,0,50,0
990,0,0,0,50,0
1020,0,0,0,50,0
1050,0,0,0,50,0
1080,0,0,0,50,0
1110,0,0,0,50,0
1140,0,0,0,50,0
1170,0,0,0,50,0
1200,0,0,0,50,0
1230,0,0,0,50,0
1260,0,0,0,50,0
1290,0,0,0,50,0
1320,0,0,0,50,0
1350,0,0,0,50,0
1380,0,0,0,50,0
1410,0,0,0,50,0
1440,0,0,0,50,0
1470,0,0,0,50,0
1500,0,0,0,50,0
1530,0,0,0,50,0
1560,0,0,0,50,0
1590,0,0,0,50,0
1620,0,0,0,50,0
1650,0,0,0,50,0
1680,0,0,0,50,0
1710,0,0,0,50,0
1740,0,0,0,50,0
1770,0,0,0,50,0
1800,0,0,0,50,0
1830,0,0,0,50,0
1860,0,0,0,50,0
1890,0,0,0,50,0
1920,0,0,0,50,0
1950,0,0,0,50,0
1980,0,0,0,50,0
2010,0,0,0,50,0
2040,0,0,0,50,0
2070,0,0,0,50,0
2100,0,0,0,50,0
2130,0,0,0,50,0
2160,0,0,0,50,0
2190,0,0,0,50,0
2220,0,0,0,50,0
2250,0,0,0,50,0
2280,0,0,0,50,0
2310,0,0,0,50,0
2340,0,0,0,50,0
2370,0,0,0,50,0
2400,0,0,0,50,0
2430,0,0,0,50,0
2460,0,0,0,50,0
2490,0,0,0,50,0
2520,0,0,0,50,0
2550,0,0,0,50,0
2580,0,0,0,50,0
2610,0,0,0,50,0
2640,0,0,0,50,0
2670,0,0,0,50,0
2700,0,0,0,50,0
2730,0,0,0,50,0
2760,0,0,0,50,0
2790,0,0,0,50,0
2820,0,0,0,50,0
2850,0,0,0,50,0
2880,0,0,0,50,0
2910,0,0,0,50,0
2940,0,0,0,50,0
2970,0,0,0,50,0
3000,0,0,0,50,0
3030,0,0,0,50,0
3060,0,0,0,50,0
3090,0,0,0,50,0
3120,0,0,0,50,0
3150,0,0,0,50,0
3180,0,0,0,50,0
3210,0,0,0,50,0
3240,0,0,0,50,0
3270,0,0,0,50,0
3300,0,0,0,50,0
3330,0,0,0,50,0
3360,0,0,0,50,0
3390,0,0,0,50,0
3420,0,0,0,50,0
3450,0,0,0,50,0
3480,0,0,0,50,0
3510,0,0,0,50,0
3540,0,0,0,50,0
3570,0,0,0,50,0
3600,0,0,0,50,0
3630,0,0,0,50,0
3660,0,0,0,50,0
3690,0,0,0,50,0
3720,0,0,0,50,0
3750,0,0,0,50,0
3780,0,0,0,50,0
3810,0,0,0,50,0
3840,0,0,0,50,0
3870,0,0,0,50,0
3900,0,0,0,50,0
3930,0,0,0,50,0
3960,0,0,0,50,0
3990,0,0,0,50,0
4020,0,0,0,50,0
4050,0,0,0,50,0
4080,0,0,0,50,0
4110,0,0,0,50,0
4140,0,0,0,50,0
4170,0,0,0,50,0
4200,0,0,0,50,0
4230,0,0,0,50,0
4260,0,0,0,50,0
4290,0,0,0,50,0
4320,0,0,0,50,0
4350,0,0,0,50,0
4380,0,0,0,50,0
4410,0,0,0,50,0
4440,0,0,0,50,0
4470,0,0,0,50,0
4500,0,0,0,50,0
4530,0,0,0,50,0
4560,0,0,0,50,0
4590,0,0,0,50,0
4620,0,0,0,50,0
4650,0,0,0,50,0
4680,0,0,0,50,0
4710,0,0,0,50,0
4740,0,0,0,50,0
4770,0,0,0,50,0
4800,0,0,0,50,0
4830,0,0,0,50,0
4860,0,0,0,50,0
4890,0,0,0,50,0
4920,0,0,0,50,0
4950,0,0,0,50,0
4980,0,0,0,50,0
5010,0,0,0,50,0
5040,0,0,0,50,0
5070,0,0,0,50,0
5100,0,0,0,50,0
5130,0,0,0,50,0
5160,0,0,0,50,0
5190,0,0,0,50,0
5220,0,0,0,50,0
5250,0,0,0,50,0
5280,0,0,0,50,0
5310,0,0,0,50,0
5340,0,0,0,50,0
5370,0,0,0,50,0
5400,0,0,0,50,0
5430,0,0,0,50,0
5460,0,0,0,50,0
5490,0,0,0,50,0
5520,0,0,0,50,0
5550,0,0,0,50,0
5580,0,0,0,50,0
5610,0,0,0,50,0
5640,0,0,0,50,0
5670,0,0,0,50,0
5700,0,0,0,50,0
5730,0,0,0,50,0
5760,0,0,0,50,0
5790,0,0,0,50,0
5820,0,0,0,50,0
5850,0,0,0,50,0
5880,0,0,0,50,0
5910,0,0,0,50,0
5940,0,0,0,50,0
5970,0,0,0,50,0
6000,0,0,0,50,0
6030,0,0,0,50,0
6060,0,0,0,50,0
6090,0,0,0,50,0
6120,0,0,0,50,0
6150,0,0,0,50,0
6180,0,0,0,50,0
6210,0,0,0,50,0
6240,0,0,0,50,0
6270,0,0,0,50,0
6300,0,0,0,50,0
6330,0,0,0,50,0
6360,0,0,0,50,0
6390,0,0,0,50,0
6420,0,0,0,50,0
6450,0,0,0,50,0
6480,0,0,0,50,0
6510,0,0,0,50,0
6540,0,0,0,50,0
6570,0,0,0,50,0
6600,0,0,0,50,0
6630,0,0,0,50,0
6660,0,0,0,50,0
6690,0,0,0,50,0
6720,0,0,0,50,0
6750,0,0,0,50,0
6780,0,0,0,50,0
6810,0,0,0,50,0
6840,0,0,0,50,0
6870,0,0,0,50,0
6900,0,0,0,50,0
6930,0,0,0,50,0
6960,0,0,0,50,0
6990,0,0,0,50,0
7020,0,0,0,50,0
7050,0,0,0,50,0
7080,0,0,0,50,0
7110,0,0,0,50,0
7140,0,0,0,50,0
7170,0,0,0,50,0
7200,0,0,0,50,0
7230,0,0,0,50,0
7260,0,0,0,50,0
7290,0,0,0,50,0
7320,0,0,0,50,0
7350,0,0,0,50,0
7380,0,0,0,50,0
7410,0,0,0,50,0
7440,0,0,0,50,0
7470,0,0,0,50,0
7500,0,0,0,50,0
7530,0,0,0,50,0
7560,0,0,0,50,0
7590,0,0,0,50,0
7620,0,0,0,50,0
7650,0,0,0,50,0
7680,0,0,0,50,0
7710,0,0,0,50,0
7740,0,0,0,50,0
7770,0,0,0,50,0
7800,0,0,0,50,0
7830,0,0,0,50,0
7860,0,0,0,50,0
7890,0,0,0,50,0
7920,0,0,0,50,0
7950,0,0,0,50,0
7980,0,0,0,50,0
8010,0,0,0,50,0
8040,0,0,0,50,0
8070,0,0,0,50,0
8100,0,0,0,50,0
8130,0,0,0,50,0
8160,0,0,0,50,0
8190,0,0,0,50,0
8220,0,0,0,50,0
8250,0,0,0,50,0
8280,0,0,0,50,0
8310,0,0,0,50,0
8340,0,0,0,50,0
8370,0,0,0,50,0
8400,0,0,0,50,0
8430,0,0,0,50,0
8460,0,0,0,50,0
8490,0,0,0,50,0
8520,0,0,0,50,0
8550,0,0,0,50,0
8580,0,0,0,50,0
8610,0,0,0,50,0
8640,0,0,0,50,0
8670,0,0,0,50,0
8700,0,0,0,50,0
8730,0,0,0,50,0
8760,0,0,0,50,0
8790,0,0,0,50,0
8820,0,0,0,50,0
8850,0,0,0,50,0
8880,0,0,0,50,0
8910,0,0,0,50,0
8940,0,0,0,50,0
8970,0,0,0,50,0
9000,0,0,0,50,0
9030,0,0,0,50,0
9060,0,0,0,50,0
9090,0,0,0,50,0
9120,0,0,0,50,0
9150,0,0,0,50,0
9180,0,0,0,50,0
9210,0,0,0,50,0
9240,0,0,0,50,0
9270,0,0,0,50,0
9300,0,0,0,50,0
9330,0,0,0,50,0
9360,0,0,0,50,0
9390,0,0,0,50,0
9420,0,0,0,50,0
9450,0,0,0,50,0
9480,0,0,0,50,0
9510,0,0,0,50,0
9540,0,0,0,50,0
9570,0,0,0,50,0
9600,0,0,0,50,0
9630,0,0,0,50,0
9660,0,0,0,50,0
9690,0,0,0,50,0
9720,0,0,0,50,0
9750,0,0,0,50,0
9780,0,0,0,50,0
9810,0,0,0,50,0
9840,0,0,0,50,0
9870,0,0,0,50,0
9900,0,0,0,50,0
9930,0,0,0,50,0
9960,0,0,0,50,0
9990,0,0,0,50,0
10020,0,0,0,50,0
10050,0,0,0,50,0
10080,0,0,0,50,0
10110,0,0,0,50,0
10140,0,0,0,50,0
10170,0,0,0,50,0
10200,0,0,0,50,0
10230,0,0,0,50,0
10260,0,0,0,50,0
10290,0,0,0,50,0
10320,0,0,0,50,0
10350,0,0,0,50,0
10380,0,0,0,50,0
10410,0,0,0,50,0
10440,0,0,0,50,0
10470,0,0,0,50,0
10500,0,0,0,50,0
10530,0,0,0,50,0
10560,0,0,0,50,0
10590,0,0,0,50,0
10620,0,0,0,50,0
10650,0,0,0,50,0
10680,0,0,0,50,0
10710,0,0,0,50,0
10740,0,0,0,50,0
10770,0,0,0,50,0
10800,0,0,0,50,0
10830,0,0,0,50,0
10860,0,0,0,50,0
10890,0,0,0,50,0
10920,0,0,0,50,0
10950,0,0,0,50,0
10980,0,0,0,50,0
11010,0,0,0,50,0
11040,0,0,0,50,0
11070,0,0,0,50,0
11100,0,0,0,50,0
11130,0,0,0,50,0
11160,0,0,0,50,0
11190,0,0,0,50,0
11220,0,0,0,50,0
11250,0,0,0,50,0
11280,0,0,0,50,0
11310,0,0,0,50,0
11340,0,0,0,50,0
11370,0,0,0,50,0
11400,0,0,0,50,0
11430,0,0,0,50,0
11460,0,0,0,50,0
11490,0,0,0,50,0
11520,0,0,0,50,0
11550,0,0,0,50,0
11580,0,0,0,50,0
11610,0,0,0,50,0
11640,0,0,0,50,0
11670,0,0,0,50,0
11700,0,0,0,50,0
11730,0,0,0,50,0
11760,0,0,0,50,0
11790,0,0,0,50,0
11820,0,0,0,50,0
11850,0,0,0,50,0
11880,0,0,0,50,0
11910,0,0,0,50,0
11940,0,0,0,50,0
11970,0,0,0,50,0
12000,0,0,0,50,0
12030,0,0,0,50,0
12060,0,0,0,50,0
12090,0,0,0,50,0
12120,0,0,0,50,0
12150,0,0,0,50,0
12180,0,0,0,50,0
12210,0,0,0,50,0
12240,0,0,0,50,0
12270,0,0,0,50,0
12300,0,0,0,50,0
12330,0,0,0,50,0
12360,0,0,0,50,0
12390,0,0,0,50,0
12420,0,0,0,50,0
12450,0,0,0,50,0
12480,0,0,0,50,0
12510,0,0,0,50,0
12540,0,0,0,50,0
12570,0,0,0,50,0
12600,0,0,0,50,0
12630,0,0,0,50,0
12660,0,0,0,50,0
12690,0,0,0,50,0
12720,0,0,0,50,0
12750,0,0,0,50,0
12780,0,0,0,50,0
12810,0,0,0,50,0
12840,0,0,0,50,0
12870,0,0,0,50,0
12900,0,0,0,50,0
12930,0,0,0,50,0
12960,0,0,0,50,0
12990,0,0,0,50,0
13020,0,0,0,50,0
13050,0,0,0,50,0
13080,0,0,0,50,0
13110,0,0,0,50,0
13140,0,0,0,50,0
13170,0,0,0,50,0
13200,0,0,0,50,0
13230,0,0,0,50,0
13260,0,0,0,50,0
13290,0,0,0,50,0
13320,0,0,0,50,0
13350,0,0,0,50,0
13380,0,0,0,50,0
13410,0,0,0,50,0
13440,0,0,0,50,0
13470,0,0,0,50,0
13500,0,0,0,50,0
13530,0,0,0,50,0
13560,0,0,0,50,0
13590,0,0,0,50,0
13620,0,0,0,50,0
13650,0,0,0,50,0
13680,0,0,0,50,0
13710,0,0,0,50,0
13740,0,0,0,50,0
13770,0,0,0,50,0
13800,0,0,0,50,0
13830,0,0,0,50,0
13860,0,0,0,50,0
13890,0,0,0,50,0
13920,0,0,0,50,0
13950,0,0,0,50,0
13980,0,0,0,50,0
14010,0,0,0,50,0
14040,0,0,0,50,0
14070,0,0,0,50,0
14100,0,0,0,50,0
14130,0,0,0,50,0
14160,0,0,0,50,0
14190,0,0,0,50,0
14220,0,0,0,50,0
14250,0,0,0,50,0
14280,0,0,0,50,0
14310,0,0,0,50,0
14340,0,0,0,50,0
14370,0,0,0,50,0
14400,0,0,0,50,0
14430,0,0,0,50,0
14460,0,0,0,50,0
14490,0,2,0,48,0
14520,0,2,0,48,0
14550,0,2,0,48,0
14580,1,1,0,48,0
14610,1,2,0,47,0
14640,1,2,0,47,0
14670,3,1,0,46,0
14700,3,1,0,46,0
14730,3,1,0,46,0
14760,3,1,0,46,0
14790,3,1,0,46,0
14820,3,1,0,46,0
14850,3,1,0,46,0
14880,3,1,0,46,0
14910,3,1,0,46,0
14940,4,0,0,46,0
14970,4,0,0,46,0
15000,4,0,0,46,0
15030,4,0,0,46,0
15060,4,0,0,46,0
15090,4,0,0,46,0
15120,4,0,0,46,0
15150,4,0,0,46,0
15180,4,0,0,46,0
15210,4,0,0,46,0
15240,4,0,0,46,0
15270,2,0,0,48,0
15300,2,0,0,48,0
15330,2,0,4,44,0
15360,2,0,4,44,0
15390,2,0,4,44,0
15420,2,0,3,45,0
15450,2,0,3,45,0
15480,1,0,3,46,0
15510,1,0,3,46,0
15540,1,0,3,46,0
15570,1,0,2,47,0
15600,1,0,2,47,0
15630,1,0,1,48,0
15660,1,0,1,48,0
15690,1,0,0,49,0
15720,1,0,0,49,0
15750,1,0,0,49,0
15780,1,0,0,49,0
15810,1,0,0,49,0
15840,1,0,0,49,0
15870,1,0,0,49,0
15900,0,0,0,50,0
15930,0,0,0,50,0
15960,0,0,0,50,0
15990,0,0,0,50,0
16020,0,0,0,50,0
16050,0,0,0,50,0
16080,0,0,0,50,0
16110,0,0,0,50,0
16140,0,0,0,50,0
16170,0,0,0,50,0
16200,0,0,0,50,0
16230,0,0,0,50,0
16260,0,0,0,50,0
16290,0,0,0,50,0
16320,0,0,0,50,0
16350,0,0,0,50,0
16380,0,0,0,50,0
16410,0,0,0,50,0
16440,0,0,0,50,0
16470,0,0,0,50,0
16500,0,0,0,50,0
16530,0,1,0,49,0
16560,0,1,0,49,0
16590,0,1,0,49,0
16620,0,1,0,49,0
16650,0,1,0,49,0
16680,0,1,0,49,0
16710,0,1,0,49,0
16740,1,0,0,49,0
16770,1,0,0,49,0
16800,1,0,0,49,0
16830,1,0,0,49,0
16860,1,0,0,49,0
16890,1,0,0,49,0
16920,1,0,0,49,0
16950,1,0,0,49,0
16980,1,0,0,49,0
17010,1,1,0,48,0
17040,1,1,0,48,0
17070,1,2,0,47,0
17100,1,2,0,47,0
17130,1,2,3,44,0
17160,2,1,3,44,0
17190,2,1,3,44,0
17220,2,1,2,45,0
17250,2,1,2,45,0
17280,3,0,2,45,0
17310,3,0,2,45,0
17340,3,0,2,45,0
17370,2,0,1,47,0
17400,2,0,1,47,0
17430,2,0,1,47,0
17460,2,0,1,47,0
17490,2,0,0,48,0
17520,2,0,0,48,0
17550,2,0,0,48,0
17580,2,0,0,48,0
17610,2,0,0,48,0
17640,1,0,0,49,0
17670,1,0,0,49,0
17700,1,0,0,49,0
17730,1,0,0,49,0
17760,1,0,0,49,0
17790,0,0,0,50,0
17820,0,0,0,50,0
17850,0,0,0,50,0
17880,0,0,0,50,0
17910,0,0,0,50,0
17940,0,0,0,50,0
17970,0,0,0,50,0
18000,0,0,0,50,0
18030,0,0,0,50,0
18060,0,0,0,50,0
18090,0,0,0,50,0
18120,0,0,0,50,0
18150,0,0,0,50,0
18180,0,0,0,50,0
18210,0,1,0,49,0
18240,0,1,0,49,0
18270,0,1,0,49,0
18300,0,1,0,49,0
18330,0,2,0,48,0
18360,0,2,0,48,0
18390,1,1,0,48,0
18420,1,1,0,48,0
18450,1,1,0,48,0
18480,1,1,0,48,0
18510,1,1,0,48,0
18540,1,1,0,48,0
18570,2,0,0,48,0
18600,2,0,0,48,0
18630,2,0,0,48,0
18660,2,0,0,48,0
18690,2,0,0,48,0
18720,1,0,0,49,0
18750,1,0,0,49,0
18780,1,0,0,49,0
18810,1,0,0,49,0
18840,1,0,0,49,0
18870,1,0,0,49,0
18900,0,0,0,50,0
18930,0,1,3,46,0
18960,0,1,3,46,0
18990,0,2,3,45,0
19020,0,2,3,45,0
19050,0,3,3,44,0
19080,1,2,2,45,0
19110,1,2,2,45,0
19140,1,2,1,46,0
19170,1,3,1,45,0
19200,1,3,1,45,0
19230,1,3,0,46,0
19260,1,4,0,45,0
19290,2,3,0,45,0
19320,2,3,0,45,0
19350,2,3,0,45,0
19380,2,3,0,45,0
19410,3,3,0,44,0
19440,3,3,0,44,0
19470,3,3,0,44,0
19500,3,3,0,44,0
19530,3,3,0,44,0
19560,2,3,0,45,0
19590,2,3,0,45,0
19620,3,2,0,45,0
19650,2,2,0,46,0
19680,2,2,0,46,0
19710,2,2,0,46,0
19740,2,2,0,46,0
19770,4,0,0,46,0
19800,3,0,0,47,0
19830,3,3,5,39,0
19860,3,3,5,39,0
19890,3,4,5,38,0
19920,3,4,5,38,0
19950,3,5,5,37,0
19980,4,5,4,37,0
20010,5,5,4,36,0
20040,4,5,4,37,0
20070,3,5,4,38,0
20100,4,4,4,38,0
20130,5,4,3,38,0
20160,6,3,3,38,0
20190,6,3,2,39,0
20220,5,3,2,40,0
20250,5,3,1,41,0
20280,6,2,1,41,0
20310,6,2,1,41,0
20340,6,2,1,41,0
20370,6,2,1,41,0
20400,6,2,1,41,0
20430,6,3,0,41,0
20460,7,2,0,41,0
20490,6,3,0,41,0
20520,6,3,0,41,0
20550,5,3,0,42,0
20580,6,2,0,42,0
20610,6,1,0,43,0
20640,6,1,0,43,0
20670,6,2,0,42,0
20700,6,2,0,42,0
20730,6,2,15,27,0
20760,5,2,15,28,0
20790,6,2,14,28,0
20820,6,2,13,29,0
20850,6,4,10,30,0
20880,6,4,10,30,0
20910,5,4,10,31,0
20940,6,3,9,32,0
20970,5,3,8,34,0
21000,5,3,8,34,0
21030,6,1,7,36,0
21060,6,1,6,37,0
21090,6,1,6,37,0
21120,6,1,5,38,0
21150,6,1,5,38,0
21180,7,0,5,38,0
21210,5,0,3,42,0
21240,5,0,3,42,0
21270,5,0,2,43,0
21300,5,0,2,43,0
21330,5,0,2,43,0
21360,5,0,2,43,0
21390,5,0,1,44,0
21420,4,0,1,45,0
21450,3,0,1,46,0
21480,3,0,1,46,0
21510,2,0,1,47,0
21540,2,0,1,47,0
21570,2,0,0,48,0
21600,1,0,0,49,0
21630,1,1,6,42,0
21660,1,1,6,42,0
21690,0,3,5,42,0
21720,0,3,5,42,0
21750,0,6,4,40,0
21780,0,6,4,40,0
21810,0,8,4,38,0
21840,1,7,3,39,0
21870,2,11,2,35,0
21900,3,10,2,35,0
21930,4,11,2,33,0
21960,4,12,2,32,0
21990,4,13,2,31,0
22020,7,10,2,31,0
22050,7,10,2,31,0
22080,7,10,2,31,0
22110,7,11,2,30,0
22140,7,11,2,30,0
22170,8,10,1,31,0
22200,8,10,1,31,0
22230,9,11,1,29,0
22260,10,10,1,29,0
22290,12,8,1,29,0
22320,14,6,1,29,0
22350,14,5,1,30,0
22380,15,4,1,30,0
22410,15,4,0,31,0
22440,16,3,0,31,0
22470,17,2,0,31,0
22500,17,2,0,31,0
22530,17,3,27,3,0
22560,17,3,27,3,0
22590,17,5,25,3,0
22620,15,4,24,7,0
22650,15,5,23,7,0
22680,15,4,23,8,0
22710,14,7,21,8,0
22740,15,6,21,8,0
22770,13,6,21,10,0
22800,12,6,20,12,0
22830,13,7,19,11,0
22860,12,7,19,12,0
22890,12,7,18,13,0
22920,13,6,18,13,0
22950,13,8,17,12,0
22980,12,8,15,15,0
23010,13,8,14,15,0
23040,13,8,14,15,0
23070,12,9,12,17,0
23100,12,9,11,18,0
23130,13,7,9,21,0
23160,15,6,9,20,0
23190,13,6,9,22,0
23220,13,6,9,22,0
23250,13,6,7,24,0
23280,13,6,6,25,0
23310,13,6,6,25,0
23340,12,6,5,27,0
23370,13,5,4,28,0
23400,10,5,3,32,0
23430,11,4,27,8,0
23460,9,3,27,11,0
23490,9,3,27,11,0
23520,9,3,27,11,0
23550,9,4,26,11,0
23580,9,4,24,13,0
23610,8,4,24,14,0
23640,10,2,22,16,0
23670,10,3,22,15,0
23700,11,2,22,15,0
23730,11,4,21,14,0
23760,11,4,20,15,0
23790,10,4,19,17,0
23820,10,4,19,17,0
23850,11,3,17,19,0
23880,11,3,17,19,0
23910,11,3,17,19,0
23940,10,3,17,20,0
23970,11,2,16,21,0
24000,10,2,13,25,0
24030,7,3,10,30,0
24060,5,3,10,32,0
24090,5,3,10,32,0
24120,5,3,9,33,0
24150,5,3,8,34,0
24180,3,3,6,38,0
24210,5,2,6,37,0
24240,4,2,6,38,0
24270,4,3,4,39,0
24300,3,3,4,40,0
24330,3,3,21,23,0
24360,4,2,20,24,0
24390,4,2,20,24,0
24420,4,2,18,26,0
24450,4,2,18,26,0
24480,5,1,18,26,0
24510,5,1,16,28,0
24540,5,1,15,29,0
24570,6,0,12,32,0
24600,6,0,12,32,0
24630,5,1,10,34,0
24660,4,1,9,36,0
24690,4,1,9,36,0
24720,5,0,9,36,0
24750,5,0,7,38,0
24780,5,0,7,38,0
24810,4,0,7,39,0
24840,4,0,7,39,0
24870,4,0,7,39,0
24900,3,0,7,40,0
24930,3,0,7,40,0
24960,3,0,7,40,0
24990,3,0,7,40,0
25020,2,0,6,42,0
25050,2,0,6,42,0
25080,0,0,5,45,0
25110,0,0,5,45,0
25140,0,0,5,45,0
25170,0,0,5,45,0
25200,0,0,4,46,0
25230,0,1,10,39,0
25260,0,1,9,40,0
25290,0,5,9,36,0
25320,0,5,9,36,0
25350,1,7,9,33,0
25380,1,7,9,33,0
25410,1,10,9,30,0
25440,2,9,9,30,0
25470,5,10,5,30,0
25500,6,9,3,32,0
25530,7,9,3,31,0
25560,7,9,3,31,0
25590,8,9,3,30,0
25620,9,8,3,30,0
25650,9,8,3,30,0
25680,10,8,3,29,0
25710,11,10,3,26,0
25740,10,10,3,27,0
25770,11,9,3,27,0
25800,12,8,3,27,0
25830,14,9,3,24,0
25860,14,10,3,23,0
25890,15,9,3,23,0
25920,15,9,3,23,0
25950,16,8,2,24,0
25980,16,8,2,24,0
26010,19,5,2,24,0
26040,19,4,2,25,0
26070,19,4,2,25,0
26100,18,4,1,27,0
26130,17,6,26,1,0
26160,17,7,26,0,0
26190,16,7,26,1,0
26220,14,8,25,3,0
26250,13,9,24,4,0
26280,15,5,24,6,0
26310,15,3,24,8,0
26340,15,4,24,7,0
26370,15,3,24,8,0
26400,14,3,24,9,0
26430,15,3,22,10,0
26460,15,3,22,10,0
26490,15,3,22,10,0
26520,14,3,21,12,0
26550,14,3,21,12,0
26580,14,3,21,12,0
26610,13,5,19,13,0
26640,13,4,18,15,0
26670,11,4,17,18,0
26700,9,4,14,23,0
26730,9,5,12,24,0
26760,7,4,13,26,0
26790,6,4,11,29,0
26820,6,4,11,29,0
26850,6,3,11,30,0
26880,7,1,11,31,0
26910,5,2,11,32,0
26940,6,1,10,33,0
26970,6,1,10,33,0
27000,5,1,9,35,0
27030,6,9,27,8,0
27060,7,8,26,9,0
27090,7,9,24,10,0
27120,7,9,21,13,0
27150,7,12,18,13,0
27180,6,13,14,17,0
27210,6,16,12,16,0
27240,7,15,9,19,0
27270,8,17,5,20,0
27300,9,17,4,20,0
27330,12,16,4,18,0
27360,12,16,3,19,0
27390,13,15,2,20,0
27420,12,16,2,20,0
27450,12,15,1,22,0
27480,13,14,1,22,0
27510,14,13,1,22,0
27540,14,13,1,22,0
27570,14,13,1,22,0
27600,14,13,1,22,0
27630,13,12,1,24,0
27660,13,13,1,23,0
27690,11,13,0,26,0
27720,11,13,0,26,0
27750,11,13,0,26,0
27780,11,14,0,25,0
27810,10,14,0,26,0
27840,12,12,0,26,0
27870,13,11,0,26,0
27900,14,10,0,26,0
27930,14,10,25,1,0
27960,14,10,25,1,0
27990,13,10,24,3,0
28020,11,12,24,3,0
28050,12,11,23,4,0
28080,14,9,23,4,0
28110,16,10,21,3,0
28140,17,9,19,5,0
28170,17,10,18,5,0
28200,18,8,18,6,0
28230,16,12,15,7,0
28260,17,11,13,9,0
28290,15,12,12,11,0
28320,15,12,12,11,0
28350,17,11,11,11,0
28380,19,9,11,11,0
28410,19,8,11,12,0
28440,20,7,11,12,0
28470,20,8,11,11,0
28500,20,8,11,11,0
28530,20,11,8,11,0
28560,20,10,8,12,0
28590,23,9,6,12,0
28620,21,9,6,14,0
28650,20,9,6,15,0
28680,20,9,6,15,0
28710,22,7,6,15,0
28740,23,6,6,15,0
28770,22,6,6,16,0
28800,22,6,5,17,0
28830,21,14,13,2,0
28860,21,14,11,4,0
28890,24,16,7,3,0
28920,24,16,7,3,0
28950,24,19,4,3,0
28980,21,18,3,8,0
29010,21,21,2,6,0
29040,22,20,2,6,0
29070,24,22,1,3,0
29100,23,22,1,4,0
29130,23,26,0,1,0
29160,24,25,0,1,0
29190,25,22,0,3,0
29220,28,19,0,3,0
29250,30,17,0,3,0
29280,30,16,0,4,0
29310,31,16,0,3,0
29340,34,13,0,3,0
29370,35,12,0,3,0
29400,38,10,0,2,0
29430,36,11,0,3,0
29460,37,12,0,1,0
29490,39,9,0,2,0
29520,39,9,0,2,0
29550,38,9,0,3,0
29580,35,10,0,5,0
29610,34,13,0,3,0
29640,34,13,0,3,0
29670,32,12,0,6,0
29700,28,17,0,5,0
29730,29,17,4,0,0
29760,28,18,2,2,0
29790,28,19,2,1,0
29820,26,19,1,4,0
29850,26,18,1,5,0
29880,24,19,1,6,0
29910,22,20,1,7,0
29940,21,20,1,8,0
29970,19,21,1,9,0
30000,20,20,1,9,0
30030,20,22,0,8,0
30060,21,22,0,7,0
30090,21,24,0,5,0
30120,22,24,0,4,0
30150,21,24,0,5,0
30180,20,25,0,5,0
30210,23,23,0,4,0
30240,22,24,0,4,0
30270,21,24,0,5,0
30300,21,25,0,4,0
30330,18,25,0,7,0
30360,19,22,0,9,0
30390,18,26,0,6,0
30420,19,25,0,6,0
30450,19,25,0,6,0
30480,19,25,0,6,0
30510,19,25,0,6,0
30540,21,24,0,5,0
30570,21,22,0,7,0
30600,22,22,0,6,0
30630,24,24,2,0,0
30660,23,24,2,1,0
30690,21,27,0,2,0
30720,23,24,1,2,0
30750,24,23,1,2,0
30780,26,21,0,3,0
30810,29,18,0,3,0
30840,27,19,0,4,0
30870,26,21,0,3,0
30900,27,19,0,4,0
30930,31,19,0,0,0
30960,30,19,0,1,0
30990,29,20,0,1,0
31020,31,18,0,1,0
31050,34,16,0,0,0
31080,33,15,0,2,0
31110,34,15,0,1,0
31140,34,14,0,2,0
31170,37,11,0,2,0
31200,38,10,0,2,0
31230,36,13,0,1,0
31260,38,12,0,0,0
31290,39,11,0,0,0
31320,35,13,0,2,0
31350,34,13,0,3,0
31380,33,14,0,3,0
31410,32,15,0,3,0
31440,32,16,0,2,0
31470,35,13,0,2,0
31500,33,14,0,3,0
31530,34,14,2,0,0
31560,33,14,2,1,0
31590,34,14,2,0,0
31620,34,13,2,1,0
31650,32,14,1,3,0
31680,31,16,1,2,0
31710,33,14,1,2,0
31740,34,14,0,2,0
31770,34,14,0,2,0
31800,31,17,0,2,0
31830,30,16,0,4,0
31860,32,15,0,3,0
31890,31,14,0,5,0
31920,29,17,0,4,0
31950,29,19,0,2,0
31980,30,19,0,1,0
32010,30,19,0,1,0
32040,30,19,0,1,0
32070,32,14,0,4,0
32100,31,16,0,3,0
32130,30,18,0,2,0
32160,29,17,0,4,0
32190,28,19,0,3,0
32220,27,21,0,2,0
32250,28,22,0,0,0
32280,29,20,0,1,0
32310,31,18,0,1,0
32340,32,18,0,0,0
32370,32,17,0,1,0
32400,32,16,1,1,0
32430,34,14,1,1,0
32460,32,17,0,1,0
32490,33,15,0,2,0
32520,34,15,0,1,0
32550,36,14,0,0,0
32580,35,14,0,1,0
32610,33,16,0,1,0
32640,36,14,0,0,0
32670,36,13,0,1,0
32700,37,11,0,2,0
32730,35,12,0,3,0
32760,36,13,0,1,0
32790,37,13,0,0,0
32820,37,12,0,1,0
32850,36,13,0,1,0
32880,34,15,0,1,0
32910,34,15,0,1,0
32940,34,13,0,3,0
32970,33,16,0,1,0
33000,32,15,0,3,0
33030,33,16,0,1,0
33060,32,14,0,4,0
33090,32,17,0,1,0
33120,31,16,0,3,0
33150,32,16,0,2,0
33180,31,16,0,3,0
33210,30,16,0,4,0
33240,30,17,0,3,0
33270,31,17,0,2,0
33300,31,17,0,2,0
33330,35,13,2,0,0
33360,34,13,1,2,0
33390,32,16,0,2,0
33420,32,17,0,1,0
33450,31,15,0,4,0
33480,31,17,0,2,0
33510,31,18,0,1,0
33540,33,15,0,2,0
33570,33,16,0,1,0
33600,32,15,0,3,0
33630,33,16,0,1,0
33660,31,16,0,3,0
33690,32,16,0,2,0
33720,32,16,0,2,0
33750,32,15,0,3,0
33780,30,17,0,3,0
33810,31,17,0,2,0
33840,31,17,0,2,0
33870,30,17,0,3,0
33900,29,17,0,4,0
33930,29,16,0,5,0
33960,28,16,0,6,0
33990,29,16,0,5,0
34020,27,18,0,5,0
34050,25,20,0,5,0
34080,26,22,0,2,0
34110,25,22,0,3,0
34140,26,22,0,2,0
34170,24,21,0,5,0
34200,23,22,1,4,0
34230,23,22,5,0,0
34260,22,23,2,3,0
34290,21,24,1,4,0
34320,21,24,0,5,0
34350,20,24,0,6,0
34380,18,27,0,5,0
34410,17,28,0,5,0
34440,20,26,0,4,0
34470,21,26,0,3,0
34500,23,24,0,3,0
34530,24,24,0,2,0
34560,24,23,0,3,0
34590,24,23,0,3,0
34620,25,22,0,3,0
34650,23,22,0,5,0
34680,19,23,0,8,0
34710,18,25,0,7,0
34740,20,26,0,4,0
34770,20,25,0,5,0
34800,21,23,0,6,0
34830,23,22,0,5,0
34860,23,22,0,5,0
34890,26,19,0,5,0
34920,26,18,0,6,0
34950,25,19,0,6,0
34980,25,19,0,6,0
35010,26,19,0,5,0
35040,27,18,0,5,0
35070,25,17,0,8,0
35100,27,15,0,8,0
35130,27,17,6,0,0
35160,24,19,4,3,0
35190,22,18,5,5,0
35220,24,17,4,5,0
35250,24,17,3,6,0
35280,24,16,3,7,0
35310,26,15,3,6,0
35340,26,15,3,6,0
35370,27,17,2,4,0
35400,27,17,2,4,0
35430,27,16,2,5,0
35460,27,15,2,6,0
35490,28,14,1,7,0
35520,27,14,0,9,0
35550,26,14,0,10,0
35580,25,16,0,9,0
35610,23,15,0,12,0
35640,22,15,0,13,0
35670,20,15,0,15,0
35700,19,15,1,15,0
35730,18,16,0,16,0
35760,18,15,0,17,0
35790,19,13,0,18,0
35820,18,14,0,18,0
35850,17,14,0,19,0
35880,17,13,1,19,0
35910,19,11,0,20,0
35940,21,9,0,20,0
35970,22,8,0,20,0
36000,22,8,0,20,0
36030,23,12,15,0,0
36060,22,13,14,1,0
36090,23,20,4,3,0
36120,19,20,4,7,0
36150,18,26,2,4,0
36180,15,27,2,6,0
36210,16,28,2,4,0
36240,17,28,1,4,0
36270,16,30,1,3,0
36300,16,30,1,3,0
36330,19,27,1,3,0
36360,19,28,1,2,0
36390,20,28,1,1,0
36420,21,28,0,1,0
36450,26,24,0,0,0
36480,28,22,0,0,0
36510,29,21,0,0,0
36540,30,17,0,3,0
36570,33,16,0,1,0
36600,34,16,0,0,0
36630,34,16,0,0,0
36660,35,15,0,0,0
36690,34,15,0,1,0
36720,33,15,0,2,0
36750,33,14,0,3,0
36780,33,14,0,3,0
36810,33,15,0,2,0
36840,34,15,0,1,0
36870,33,15,0,2,0
36900,33,15,0,2,0
36930,31,16,2,1,0
36960,32,14,2,2,0
36990,32,15,2,1,0
37020,32,15,2,1,0
37050,32,16,1,1,0
37080,33,16,0,1,0
37110,28,16,0,6,0
37140,30,17,0,3,0
37170,32,16,0,2,0
37200,29,16,0,5,0
37230,28,17,0,5,0
37260,27,17,0,6,0
37290,29,15,0,6,0
37320,27,16,0,7,0
37350,26,17,0,7,0
37380,27,16,0,7,0
37410,25,17,0,8,0
37440,25,17,0,8,0
37470,24,18,0,8,0
37500,23,18,0,9,0
37530,22,19,0,9,0
37560,23,19,0,8,0
37590,24,17,0,9,0
37620,21,17,0,12,0
37650,21,16,0,13,0
37680,21,14,0,15,0
37710,21,13,0,16,0
37740,21,13,0,16,0
37770,21,13,0,16,0
37800,21,13,0,16,0
37830,21,14,15,0,0
37860,22,13,15,0,0
37890,22,14,12,2,0
37920,21,14,12,3,0
37950,17,14,12,7,0
37980,16,15,11,8,0
38010,18,14,10,8,0
38040,19,13,10,8,0
38070,19,15,6,10,0
38100,19,14,6,11,0
38130,20,16,5,9,0
38160,19,15,5,11,0
38190,18,15,6,11,0
38220,18,15,5,12,0
38250,19,14,5,12,0
38280,19,14,5,12,0
38310,18,14,5,13,0
38340,19,13,5,13,0
38370,19,13,4,14,0
38400,16,13,4,17,0
38430,17,11,4,18,0
38460,17,10,4,19,0
38490,19,9,4,18,0
38520,21,8,3,18,0
38550,22,7,3,18,0
38580,22,6,2,20,0
38610,22,5,2,21,0
38640,21,5,2,22,0
38670,21,5,2,22,0
38700,20,5,2,23,0
38730,21,5,24,0,0
38760,21,4,24,1,0
38790,20,6,21,3,0
38820,21,5,21,3,0
38850,20,9,17,4,0
38880,20,8,16,6,0
38910,19,10,13,8,0
38940,18,10,13,9,0
38970,19,9,12,10,0
39000,19,9,12,10,0
39030,19,11,10,10,0
39060,19,10,9,12,0
39090,18,9,9,14,0
39120,17,9,9,15,0
39150,17,9,9,15,0
39180,17,7,9,17,0
39210,16,6,7,21,0
39240,15,6,7,22,0
39270,14,6,7,23,0
39300,15,5,7,23,0
39330,16,5,7,22,0
39360,15,5,6,24,0
39390,14,5,6,25,0
39420,17,3,3,27,0
39450,15,3,3,29,0
39480,15,3,2,30,0
39510,14,3,1,32,0
39540,14,3,1,32,0
39570,15,2,1,32,0
39600,15,2,1,32,0
39630,15,8,21,6,0
39660,13,8,21,8,0
39690,13,12,17,8,0
39720,11,12,17,10,0
39750,11,14,13,12,0
39780,11,15,13,11,0
39810,13,14,11,12,0
39840,14,13,10,13,0
39870,13,16,9,12,0
39900,14,16,8,12,0
39930,15,20,6,9,0
39960,15,19,3,13,0
39990,17,21,2,10,0
40020,20,20,2,8,0
40050,22,19,2,7,0
40080,22,19,2,7,0
40110,22,21,1,6,0
40140,22,19,1,8,0
40170,21,19,1,9,0
40200,21,18,1,10,0
40230,20,19,1,10,0
40260,22,18,1,9,0
40290,20,18,1,11,0
40320,21,17,1,11,0
40350,19,18,1,12,0
40380,19,18,1,12,0
40410,20,17,1,12,0
40440,21,15,1,13,0
40470,21,16,1,12,0
40500,21,17,0,12,0
40530,21,17,10,2,0
40560,23,16,9,2,0
40590,24,15,9,2,0
40620,25,16,7,2,0
40650,24,17,7,2,0
40680,25,16,7,2,0
40710,27,15,5,3,0
40740,26,13,5,6,0
40770,24,14,5,7,0
40800,25,14,4,7,0
40830,25,15,4,6,0
40860,25,16,3,6,0
40890,24,15,3,8,0
40920,24,16,3,7,0
40950,28,13,3,6,0
40980,28,12,2,8,0
41010,28,12,3,7,0
41040,27,10,2,11,0
41070,27,10,1,12,0
41100,27,10,1,12,0
41130,27,13,0,10,0
41160,26,13,0,11,0
41190,26,14,0,10,0
41220,25,14,0,11,0
41250,24,14,0,12,0
41280,28,10,0,12,0
41310,27,10,0,13,0
41340,29,8,0,13,0
41370,32,5,0,13,0
41400,29,5,0,16,0
41430,30,9,11,0,0
41460,30,8,11,1,0
41490,30,11,8,1,0
41520,30,11,8,1,0
41550,30,14,5,1,0
41580,31,13,5,1,0
41610,31,15,3,1,0
41640,32,13,3,2,0
41670,30,17,1,2,0
41700,30,16,1,3,0
41730,29,17,1,3,0
41760,28,18,1,3,0
41790,29,18,1,2,0
41820,27,20,1,2,0
41850,25,21,1,3,0
41880,24,23,1,2,0
41910,24,21,1,4,0
41940,22,19,1,8,0
41970,24,16,1,9,0
42000,26,14,1,9,0
42030,23,16,0,11,0
42060,22,16,0,12,0
42090,21,15,0,14,0
42120,23,13,0,14,0
42150,21,14,0,15,0
42180,24,10,1,15,0
42210,25,9,0,16,0
42240,24,9,0,17,0
42270,24,8,0,18,0
42300,24,6,0,20,0
42330,19,6,20,5,0
42360,18,6,20,6,0
42390,18,8,19,5,0
42420,16,7,19,8,0
42450,15,7,19,9,0
42480,14,7,17,12,0
42510,14,6,15,15,0
42540,13,5,14,18,0
42570,14,4,13,19,0
42600,13,4,12,21,0
42630,13,4,11,22,0
42660,15,2,11,22,0
42690,15,3,10,22,0
42720,15,3,9,23,0
42750,13,5,8,24,0
42780,13,5,8,24,0
42810,13,5,8,24,0
42840,13,5,7,25,0
42870,13,4,7,26,0
42900,14,3,5,28,0
42930,12,3,4,31,0
42960,10,3,4,33,0
42990,10,3,4,33,0
43020,11,2,4,33,0
43050,11,2,4,33,0
43080,12,1,4,33,0
43110,12,1,2,35,0
43140,12,1,2,35,0
43170,11,2,2,35,0
43200,11,2,1,36,0
43230,11,10,20,9,0
43260,11,10,20,9,0
43290,11,12,18,9,0
43320,9,12,18,11,0
43350,9,15,15,11,0
43380,8,15,15,12,0
43410,7,20,11,12,0
43440,9,18,10,13,0
43470,9,21,6,14,0
43500,9,21,6,14,0
43530,9,23,4,14,0
43560,11,21,3,15,0
43590,13,19,2,16,0
43620,13,19,2,16,0
43650,11,20,2,17,0
43680,11,19,2,18,0
43710,12,18,2,18,0
43740,14,17,1,18,0
43770,14,17,0,19,0
43800,13,20,0,17,0
43830,13,18,0,19,0
43860,15,15,0,20,0
43890,16,13,0,21,0
43920,16,13,0,21,0
43950,16,13,0,21,0
43980,14,13,0,23,0
44010,14,13,0,23,0
44040,14,13,0,23,0
44070,15,12,0,23,0
44100,15,11,0,24,0
44130,14,10,24,2,0
44160,15,9,23,3,0
44190,17,7,23,3,0
44220,16,7,23,4,0
44250,15,7,23,5,0
44280,15,7,23,5,0
44310,16,6,22,6,0
44340,16,5,22,7,0
44370,17,4,22,7,0
44400,17,4,22,7,0
44430,17,8,19,6,0
44460,18,6,19,7,0
44490,16,6,19,9,0
44520,15,6,18,11,0
44550,15,9,15,11,0
44580,16,7,15,12,0
44610,17,7,13,13,0
44640,16,7,12,15,0
44670,17,6,11,16,0
44700,17,5,9,19,0
44730,16,7,7,20,0
44760,14,7,6,23,0
44790,16,5,6,23,0
44820,15,5,5,25,0
44850,14,4,5,27,0
44880,15,4,5,26,0
44910,14,4,4,28,0
44940,13,4,4,29,0
44970,14,3,4,29,0
45000,14,2,4,30,0
45030,13,6,24,7,0
45060,12,6,22,10,0
45090,12,7,21,10,0
45120,13,6,21,10,0
45150,13,14,16,7,0
45180,13,14,14,9,0
45210,12,15,13,10,0
45240,11,16,12,11,0
45270,11,16,11,12,0
45300,12,15,10,13,0
45330,13,16,10,11,0
45360,14,16,8,12,0
45390,15,15,8,12,0
45420,15,14,8,13,0
45450,16,14,8,12,0
45480,15,12,7,16,0
45510,14,13,6,17,0
45540,15,12,6,17,0
45570,12,15,4,19,0
45600,11,15,3,21,0
45630,10,14,4,22,0
45660,11,13,3,23,0
45690,13,11,3,23,0
45720,14,9,3,24,0
45750,15,7,3,25,0
45780,15,6,2,27,0
45810,16,4,2,28,0
45840,18,2,2,28,0
45870,18,2,2,28,0
45900,17,2,2,29,0
45930,17,2,31,0,0
45960,17,2,29,2,0
45990,16,2,28,4,0
46020,16,2,27,5,0
46050,16,1,25,8,0
46080,16,1,24,9,0
46110,16,1,23,10,0
46140,15,1,23,11,0
46170,14,1,22,13,0
46200,13,0,21,16,0
46230,13,1,20,16,0
46260,12,1,18,19,0
46290,11,1,18,20,0
46320,11,1,17,21,0
46350,10,1,17,22,0
46380,10,1,17,22,0
46410,9,2,16,23,0
46440,9,2,14,25,0
46470,7,3,13,27,0
46500,6,3,11,30,0
46530,6,2,11,31,0
46560,6,2,8,34,0
46590,5,1,8,36,0
46620,5,1,7,37,0
46650,5,1,6,38,0
46680,4,1,5,40,0
46710,3,1,3,43,0
46740,3,1,3,43,0
46770,2,3,3,42,0
46800,2,3,1,44,0
46830,1,9,17,23,0
46860,1,9,16,24,0
46890,1,12,14,23,0
46920,2,11,14,23,0
46950,4,17,7,22,0
46980,6,16,6,22,0
47010,7,17,5,21,0
47040,7,18,5,20,0
47070,8,23,2,17,0
47100,9,23,3,15,0
47130,11,25,1,13,0
47160,12,25,1,12,0
47190,12,26,1,11,0
47220,14,23,1,12,0
47250,14,23,1,12,0
47280,13,25,1,11,0
47310,13,23,1,13,0
47340,13,22,1,14,0
47370,14,22,1,13,0
47400,13,23,1,13,0
47430,15,24,1,10,0
47460,18,20,0,12,0
47490,19,20,0,11,0
47520,19,20,0,11,0
47550,19,20,0,11,0
47580,18,20,0,12,0
47610,18,20,1,11,0
47640,18,20,0,12,0
47670,20,19,0,11,0
47700,19,20,0,11,0
47730,18,18,13,1,0
47760,18,20,10,2,0
47790,19,20,9,2,0
47820,20,19,9,2,0
47850,19,18,8,5,0
47880,21,16,8,5,0
47910,21,17,7,5,0
47940,23,16,7,4,0
47970,24,16,7,3,0
48000,24,15,6,5,0
48030,27,12,6,5,0
48060,27,11,6,6,0
48090,27,12,6,5,0
48120,29,10,6,5,0
48150,29,10,6,5,0
48180,30,9,6,5,0
48210,34,6,6,4,0
48240,34,5,5,6,0
48270,34,5,5,6,0
48300,36,3,5,6,0
48330,34,6,4,6,0
48360,31,6,4,9,0
48390,32,5,4,9,0
48420,31,5,4,10,0
48450,30,4,4,12,0
48480,30,4,4,12,0
48510,28,3,4,15,0
48540,27,3,4,16,0
48570,28,2,3,17,0
48600,27,2,3,18,0
48630,27,4,16,3,0
48660,26,4,15,5,0
48690,27,7,11,5,0
48720,27,8,10,5,0
48750,28,9,8,5,0
48780,26,9,7,8,0
48810,26,10,6,8,0
48840,27,9,6,8,0
48870,26,14,3,7,0
48900,28,12,3,7,0
48930,27,15,3,5,0
48960,26,16,2,6,0
48990,25,15,1,9,0
49020,24,15,1,10,0
49050,24,15,1,10,0
49080,21,15,1,13,0
49110,21,14,1,14,0
49140,19,13,1,17,0
49170,20,12,1,17,0
49200,22,10,0,18,0
49230,25,7,0,18,0
49260,25,7,0,18,0
49290,27,5,0,18,0
49320,24,5,0,21,0
49350,24,5,0,21,0
49380,24,5,0,21,0
49410,24,4,0,22,0
49440,22,3,0,25,0
49470,21,3,0,26,0
49500,20,3,0,27,0
49530,17,2,27,4,0
49560,15,2,27,6,0
49590,14,4,25,7,0
49620,10,4,25,11,0
49650,10,8,22,10,0
49680,8,8,22,12,0
49710,7,8,20,15,0
49740,7,8,20,15,0
49770,7,11,20,12,0
49800,8,10,20,12,0
49830,7,13,16,14,0
49860,6,14,11,19,0
49890,7,13,10,20,0
49920,8,13,8,21,0
49950,6,16,6,22,0
49980,9,13,6,22,0
50010,9,15,5,21,0
50040,11,12,6,21,0
50070,11,13,5,21,0
50100,10,14,3,23,0
50130,10,13,3,24,0
50160,11,12,3,24,0
50190,13,9,3,25,0
50220,14,8,3,25,0
50250,14,8,3,25,0
50280,14,8,2,26,0
50310,14,8,2,26,0
50340,15,7,2,26,0
50370,15,7,2,26,0
50400,15,7,1,27,0
50430,15,11,22,2,0
50460,14,11,21,4,0
50490,20,14,13,3,0
50520,20,14,13,3,0
50550,20,16,10,4,0
50580,19,15,10,6,0
50610,20,18,7,5,0
50640,22,16,7,5,0
50670,25,18,5,2,0
50700,25,18,5,2,0
50730,25,21,2,2,0
50760,27,18,2,3,0
50790,26,19,1,4,0
50820,24,19,1,6,0
50850,27,19,1,3,0
50880,28,19,1,2,0
50910,26,20,1,3,0
50940,28,19,1,2,0
50970,28,19,1,2,0
51000,29,19,0,2,0
51030,29,20,0,1,0
51060,27,18,0,5,0
51090,27,19,0,4,0
51120,25,19,0,6,0
51150,25,18,0,7,0
51180,23,18,0,9,0
51210,22,18,0,10,0
51240,23,17,0,10,0
51270,25,17,0,8,0
51300,24,17,0,9,0
51330,23,14,10,3,0
51360,24,14,10,2,0
51390,24,18,7,1,0
51420,24,16,7,3,0
51450,25,14,7,4,0
51480,26,14,6,4,0
51510,27,14,6,3,0
51540,27,13,6,4,0
51570,28,12,6,4,0
51600,25,11,5,9,0
51630,26,11,5,8,0
51660,25,11,5,9,0
51690,26,9,5,10,0
51720,25,8,4,13,0
51750,25,8,4,13,0
51780,26,7,3,14,0
51810,25,6,3,16,0
51840,25,5,3,17,0
51870,22,4,3,21,0
51900,22,4,3,21,0
51930,21,3,3,23,0
51960,21,2,3,24,0
51990,19,2,3,26,0
52020,19,2,3,26,0
52050,18,2,1,29,0
52080,18,2,1,29,0
52110,18,1,1,30,0
52140,18,1,1,30,0
52170,17,1,1,31,0
52200,16,0,1,33,0
52230,15,2,28,5,0
52260,14,2,26,8,0
52290,12,5,25,8,0
52320,12,5,22,11,0
52350,14,5,19,12,0
52380,13,5,19,13,0
52410,12,8,16,14,0
52440,14,6,15,15,0
52470,14,6,15,15,0
52500,14,6,15,15,0
52530,14,11,13,12,0
52560,14,10,11,15,0
52590,17,9,9,15,0
52620,18,8,8,16,0
52650,18,8,6,18,0
52680,19,7,5,19,0
52710,19,6,4,21,0
52740,19,5,3,23,0
52770,18,6,2,24,0
52800,18,6,2,24,0
52830,18,7,1,24,0
52860,19,6,1,24,0
52890,19,5,1,25,0
52920,18,5,1,26,0
52950,18,5,1,26,0
52980,18,5,1,26,0
53010,18,4,0,28,0
53040,18,4,0,28,0
53070,16,4,0,30,0
53100,15,4,0,31,0
53130,13,4,26,7,0
53160,14,2,26,8,0
53190,14,2,25,9,0
53220,13,2,24,11,0
53250,12,3,23,12,0
53280,12,4,22,12,0
53310,13,4,21,12,0
53340,13,3,21,13,0
53370,12,3,20,15,0
53400,12,3,17,18,0
53430,10,3,15,22,0
53460,9,3,15,23,0
53490,8,3,15,24,0
53520,7,3,14,26,0
53550,7,3,13,27,0
53580,8,2,11,29,0
53610,8,3,8,31,0
53640,6,3,8,33,0
53670,6,4,7,33,0
53700,7,3,7,33,0
53730,7,1,7,35,0
53760,6,1,7,36,0
53790,4,1,7,38,0
53820,4,1,6,39,0
53850,4,1,5,40,0
53880,4,1,4,41,0
53910,4,1,4,41,0
53940,3,1,2,44,0
53970,3,1,2,44,0
54000,4,0,2,44,0
54030,4,6,17,23,0
54060,4,6,14,26,0
54090,4,10,12,24,0
54120,4,10,12,24,0
54150,4,14,9,23,0
54180,6,12,9,23,0
54210,9,17,8,16,0
54240,13,13,8,16,0
54270,15,16,6,13,0
54300,14,15,5,16,0
54330,14,18,2,16,0
54360,17,16,1,16,0
54390,19,15,1,15,0
54420,19,14,1,16,0
54450,20,15,1,14,0
54480,23,13,1,13,0
54510,24,13,1,12,0
54540,25,11,1,13,0
54570,25,12,1,12,0
54600,25,12,0,13,0
54630,27,12,0,11,0
54660,26,12,0,12,0
54690,27,13,0,10,0
54720,28,12,0,10,0
54750,27,11,0,12,0
54780,27,10,0,13,0
54810,24,11,0,15,0
54840,25,10,0,15,0
54870,25,9,0,16,0
54900,23,9,0,18,0
54930,23,9,18,0,0
54960,23,10,16,1,0
54990,22,10,15,3,0
55020,21,9,14,6,0
55050,19,10,13,8,0
55080,18,10,13,9,0
55110,18,9,13,10,0
55140,13,9,10,18,0
55170,16,6,10,18,0
55200,16,6,10,18,0
55230,16,9,9,16,0
55260,15,8,8,19,0
55290,18,6,7,19,0
55320,16,6,7,21,0
55350,15,8,7,20,0
55380,16,7,7,20,0
55410,13,9,4,24,0
55440,13,10,4,23,0
55470,12,11,4,23,0
55500,15,8,3,24,0
55530,15,10,2,23,0
55560,12,9,1,28,0
55590,12,9,1,28,0
55620,12,9,1,28,0
55650,13,8,1,28,0
55680,13,8,1,28,0
55710,11,7,1,31,0
55740,12,7,1,30,0
55770,12,5,1,32,0
55800,12,6,1,31,0
55830,13,13,21,3,0
55860,14,13,20,3,0
55890,16,18,16,0,0
55920,18,16,15,1,0
55950,18,21,9,2,0
55980,21,19,8,2,0
56010,23,19,6,2,0
56040,24,18,4,4,0
56070,26,20,1,3,0
56100,27,19,1,3,0
56130,30,17,1,2,0
56160,29,17,0,4,0
56190,31,18,0,1,0
56220,30,19,0,1,0
56250,28,20,0,2,0
56280,27,20,0,3,0
56310,30,18,0,2,0
56340,29,19,0,2,0
56370,29,18,0,3,0
56400,26,19,0,5,0
56430,27,18,0,5,0
56460,26,17,0,7,0
56490,29,13,0,8,0
56520,28,12,0,10,0
56550,28,11,0,11,0
56580,25,11,0,14,0
56610,25,10,0,15,0
56640,25,9,0,16,0
56670,25,9,0,16,0
56700,26,7,0,17,0
56730,23,13,11,3,0
56760,23,12,10,5,0
56790,22,14,10,4,0
56820,21,14,10,5,0
56850,20,16,8,6,0
56880,20,15,8,7,0
56910,21,20,5,4,0
56940,20,21,3,6,0
56970,20,21,3,6,0
57000,19,20,3,8,0
57030,19,25,2,4,0
57060,21,24,2,3,0
57090,21,22,2,5,0
57120,21,23,2,4,0
57150,24,22,1,3,0
57180,25,21,1,3,0
57210,23,19,0,8,0
57240,23,22,0,5,0
57270,24,21,0,5,0
57300,24,21,0,5,0
57330,24,22,0,4,0
57360,26,20,0,4,0
57390,24,20,0,6,0
57420,27,18,0,5,0
57450,24,18,0,8,0
57480,25,18,0,7,0
57510,26,18,0,6,0
57540,28,15,0,7,0
57570,29,14,0,7,0
57600,29,14,0,7,0
57630,28,20,2,0,0
57660,32,17,1,0,0
57690,34,16,0,0,0
57720,35,14,0,1,0
57750,35,15,0,0,0
57780,36,14,0,0,0
57810,38,11,0,1,0
57840,38,12,0,0,0
57870,42,8,0,0,0
57900,41,7,0,2,0
57930,43,5,0,2,0
57960,43,7,0,0,0
57990,42,7,1,0,0
58020,42,7,0,1,0
58050,39,8,0,3,0
58080,39,9,0,2,0
58110,34,12,0,4,0
58140,31,15,0,4,0
58170,32,15,0,3,0
58200,33,15,0,2,0
58230,35,14,0,1,0
58260,34,15,0,1,0
58290,33,14,0,3,0
58320,33,14,0,3,0
58350,32,14,0,4,0
58380,32,15,0,3,0
58410,36,11,0,3,0
58440,32,11,0,7,0
58470,31,14,0,5,0
58500,32,14,0,4,0
58530,29,16,3,2,0
58560,30,15,3,2,0
58590,29,17,2,2,0
58620,29,18,2,1,0
58650,28,19,2,1,0
58680,31,16,2,1,0
58710,27,18,1,4,0
58740,29,18,1,2,0
58770,27,19,0,4,0
58800,28,18,0,4,0
58830,28,19,0,3,0
58860,28,19,0,3,0
58890,29,18,0,3,0
58920,29,18,0,3,0
58950,30,16,0,4,0
58980,30,17,0,3,0
59010,29,18,0,3,0
59040,27,19,0,4,0
59070,32,16,0,2,0
59100,32,16,0,2,0
59130,35,13,0,2,0
59160,35,13,0,2,0
59190,34,13,0,3,0
59220,34,14,0,2,0
59250,34,13,0,3,0
59280,32,13,0,5,0
59310,27,16,0,7,0
59340,26,20,0,4,0
59370,26,21,0,3,0
59400,27,19,0,4,0
59430,25,19,4,2,0
59460,23,20,2,5,0
59490,25,18,1,6,0
59520,25,19,1,5,0
59550,26,21,1,2,0
59580,25,21,1,3,0
59610,25,23,0,2,0
59640,26,21,0,3,0
59670,27,21,0,2,0
59700,24,21,0,5,0
59730,24,23,0,3,0
59760,22,24,0,4,0
59790,22,22,1,5,0
59820,23,23,0,4,0
59850,24,23,0,3,0
59880,25,21,0,4,0
59910,26,20,0,4,0
59940,30,18,0,2,0
59970,30,17,0,3,0
60000,30,15,0,5,0
60030,29,16,0,5,0
60060,30,15,0,5,0
60090,30,14,0,6,0
60120,29,16,0,5,0
60150,28,17,0,5,0
60180,29,15,0,6,0
60210,26,17,0,7,0
60240,28,16,0,6,0
60270,27,18,0,5,0
60300,27,18,0,5,0
60330,27,16,7,0,0
60360,27,19,4,0,0
60390,30,17,2,1,0
60420,29,18,2,1,0
60450,25,20,2,3,0
60480,25,22,1,2,0
60510,23,23,1,3,0
60540,21,22,1,6,0
60570,20,24,1,5,0
60600,20,24,1,5,0
60630,21,24,1,4,0
60660,21,25,1,3,0
60690,21,24,0,5,0
60720,22,22,0,6,0
60750,22,21,0,7,0
60780,24,21,1,4,0
60810,23,23,0,4,0
60840,22,23,0,5,0
60870,22,23,0,5,0
60900,21,22,0,7,0
60930,20,20,0,10,0
60960,19,18,0,13,0
60990,16,19,0,15,0
61020,16,20,0,14,0
61050,16,19,0,15,0
61080,16,19,0,15,0
61110,16,18,0,16,0
61140,16,18,0,16,0
61170,19,15,0,16,0
61200,18,16,0,16,0
61230,20,23,7,0,0
61260,19,23,4,4,0
61290,19,27,1,3,0
61320,21,25,0,4,0
61350,21,29,0,0,0
61380,22,28,0,0,0
61410,23,27,0,0,0
61440,26,23,0,1,0
61470,32,18,0,0,0
61500,39,11,0,0,0
61530,40,10,0,0,0
61560,41,9,0,0,0
61590,43,7,0,0,0
61620,43,5,0,2,0
61650,43,7,0,0,0
61680,46,4,0,0,0
61710,43,6,0,1,0
61740,44,6,0,0,0
61770,46,3,0,1,0
61800,47,3,0,0,0
61830,46,4,0,0,0
61860,42,7,0,1,0
61890,41,9,0,0,0
61920,40,9,0,1,0
61950,41,7,0,2,0
61980,42,8,0,0,0
62010,39,9,0,2,0
62040,37,9,0,4,0
62070,37,10,0,3,0
62100,34,12,0,4,0
62130,35,14,1,0,0
62160,35,14,0,1,0
62190,32,15,0,3,0
62220,31,15,0,4,0
62250,32,14,0,4,0
62280,30,16,0,4,0
62310,28,18,0,4,0
62340,31,16,0,3,0
62370,33,14,0,3,0
62400,34,11,0,5,0
62430,31,15,0,4,0
62460,31,16,0,3,0
62490,32,15,0,3,0
62520,31,14,0,5,0
62550,31,14,0,5,0
62580,30,14,0,6,0
62610,30,18,0,2,0
62640,31,15,0,4,0
62670,31,17,0,2,0
62700,33,16,0,1,0
62730,32,15,0,3,0
62760,32,16,0,2,0
62790,30,18,0,2,0
62820,31,18,0,1,0
62850,32,17,0,1,0
62880,31,17,0,2,0
62910,33,15,0,2,0
62940,33,15,0,2,0
62970,34,14,0,2,0
63000,34,14,0,2,0
63030,36,12,2,0,0
63060,35,12,1,2,0
63090,36,13,0,1,0
63120,35,13,0,2,0
63150,33,15,0,2,0
63180,33,16,0,1,0
63210,34,16,0,0,0
63240,35,15,0,0,0
63270,36,14,0,0,0
63300,37,13,0,0,0
63330,38,12,0,0,0
63360,35,13,0,2,0
63390,31,15,0,4,0
63420,31,15,0,4,0
63450,31,17,0,2,0
63480,29,20,0,1,0
63510,34,15,0,1,0
63540,34,16,0,0,0
63570,35,15,0,0,0
63600,37,11,0,2,0
63630,35,12,0,3,0
63660,34,15,0,1,0
63690,37,13,0,0,0
63720,39,10,0,1,0
63750,38,11,0,1,0
63780,36,11,0,3,0
63810,36,12,0,2,0
63840,37,11,0,2,0
63870,38,10,0,2,0
63900,37,11,0,2,0
63930,33,14,2,1,0
63960,33,15,2,0,0
63990,32,17,0,1,0
64020,32,18,0,0,0
64050,32,18,0,0,0
64080,30,17,0,3,0
64110,31,18,0,1,0
64140,33,16,0,1,0
64170,36,13,0,1,0
64200,36,14,0,0,0
64230,35,13,0,2,0
64260,36,14,0,0,0
64290,35,14,0,1,0
64320,37,13,0,0,0
64350,37,12,0,1,0
64380,38,12,0,0,0
64410,38,12,0,0,0
64440,37,12,0,1,0
64470,39,11,0,0,0
64500,38,11,0,1,0
64530,37,10,0,3,0
64560,37,11,0,2,0
64590,34,13,0,3,0
64620,35,12,0,3,0
64650,36,11,0,3,0
64680,36,12,0,2,0
64710,34,14,0,2,0
64740,33,14,0,3,0
64770,33,14,0,3,0
64800,32,14,0,4,0
64830,30,19,1,0,0
64860,30,19,1,0,0
64890,27,22,1,0,0
64920,29,19,1,1,0
64950,33,16,0,1,0
64980,34,15,0,1,0
65010,33,16,0,1,0
65040,35,14,0,1,0
65070,35,14,0,1,0
65100,36,14,0,0,0
65130,39,11,0,0,0
65160,38,12,0,0,0
65190,39,11,0,0,0
65220,42,8,0,0,0
65250,42,5,0,3,0
65280,41,9,0,0,0
65310,42,8,0,0,0
65340,41,9,0,0,0
65370,37,10,0,3,0
65400,37,11,0,2,0
65430,38,12,0,0,0
65460,38,12,0,0,0
65490,38,12,0,0,0
65520,37,11,0,2,0
65550,38,11,0,1,0
65580,35,12,0,3,0
65610,35,15,0,0,0
65640,39,9,0,2,0
65670,39,10,0,1,0
65700,39,11,0,0,0
65730,38,11,0,1,0
65760,39,9,0,2,0
65790,38,11,0,1,0
65820,35,13,0,2,0
65850,36,14,0,0,0
65880,37,13,0,0,0
65910,36,14,0,0,0
65940,37,13,0,0,0
65970,34,14,0,2,0
66000,32,17,0,1,0
66030,32,16,0,2,0
66060,32,17,0,1,0
66090,32,17,0,1,0
66120,33,17,0,0,0
66150,34,14,0,2,0
66180,32,16,0,2,0
66210,34,15,0,1,0
66240,34,14,0,2,0
66270,37,12,0,1,0
66300,35,12,0,3,0
66330,34,13,0,3,0
66360,34,13,0,3,0
66390,36,10,0,4,0
66420,36,12,0,2,0
66450,36,13,0,1,0
66480,38,11,0,1,0
66510,36,12,0,2,0
66540,37,13,0,0,0
66570,34,13,0,3,0
66600,34,14,0,2,0
66630,31,17,1,1,0
66660,31,17,1,1,0
66690,30,18,0,2,0
66720,29,18,0,3,0
66750,31,17,0,2,0
66780,31,17,0,2,0
66810,29,18,0,3,0
66840,28,19,1,2,0
66870,30,18,0,2,0
66900,26,20,0,4,0
66930,24,23,0,3,0
66960,23,23,0,4,0
66990,29,19,0,2,0
67020,30,18,0,2,0
67050,32,16,0,2,0
67080,33,14,0,3,0
67110,32,15,0,3,0
67140,31,15,0,4,0
67170,32,17,0,1,0
67200,32,16,0,2,0
67230,32,15,0,3,0
67260,33,14,0,3,0
67290,33,15,0,2,0
67320,35,14,0,1,0
67350,34,14,0,2,0
67380,32,16,0,2,0
67410,31,18,0,1,0
67440,30,19,0,1,0
67470,30,18,0,2,0
67500,29,18,0,3,0
67530,29,18,2,1,0
67560,34,15,1,0,0
67590,33,17,0,0,0
67620,34,14,0,2,0
67650,36,12,0,2,0
67680,36,12,0,2,0
67710,39,11,0,0,0
67740,37,10,0,3,0
67770,37,11,0,2,0
67800,32,14,0,4,0
67830,33,15,0,2,0
67860,30,16,0,4,0
67890,31,16,0,3,0
67920,31,16,0,3,0
67950,33,14,0,3,0
67980,31,14,0,5,0
68010,33,13,0,4,0
68040,33,14,0,3,0
68070,33,13,0,4,0
68100,29,15,0,6,0
68130,29,16,0,5,0
68160,28,15,0,7,0
68190,28,16,0,6,0
68220,30,15,0,5,0
68250,33,14,0,3,0
68280,33,13,0,4,0
68310,32,13,0,5,0
68340,29,13,0,8,0
68370,28,17,0,5,0
68400,27,18,0,5,0
68430,28,20,2,0,0
68460,25,18,1,6,0
68490,26,23,0,1,0
68520,25,23,0,2,0
68550,27,21,0,2,0
68580,28,20,0,2,0
68610,27,21,0,2,0
68640,27,21,0,2,0
68670,28,21,0,1,0
68700,29,19,0,2,0
68730,27,22,0,1,0
68760,28,21,0,1,0
68790,30,19,0,1,0
68820,38,12,0,0,0
68850,40,10,0,0,0
68880,38,10,0,2,0
68910,37,12,0,1,0
68940,36,10,0,4,0
68970,35,13,0,2,0
69000,38,10,0,2,0
69030,37,9,0,4,0
69060,34,11,0,5,0
69090,35,13,0,2,0
69120,33,14,0,3,0
69150,35,12,0,3,0
69180,33,14,0,3,0
69210,29,15,0,6,0
69240,26,18,0,6,0
69270,26,16,0,8,0
69300,24,19,0,7,0
69330,21,23,3,3,0
69360,22,23,3,2,0
69390,22,24,2,2,0
69420,23,23,1,3,0
69450,24,24,1,1,0
69480,25,24,0,1,0
69510,26,23,0,1,0
69540,27,22,0,1,0
69570,27,21,0,2,0
69600,28,20,0,2,0
69630,28,20,0,2,0
69660,31,17,0,2,0
69690,30,18,0,2,0
69720,33,16,0,1,0
69750,34,14,0,2,0
69780,34,14,0,2,0
69810,35,12,0,3,0
69840,34,13,0,3,0
69870,33,13,0,4,0
69900,34,13,0,3,0
69930,35,15,0,0,0
69960,36,12,0,2,0
69990,37,11,0,2,0
70020,35,11,0,4,0
70050,36,11,0,3,0
70080,35,15,0,0,0
70110,38,12,0,0,0
70140,37,13,0,0,0
70170,36,14,0,0,0
70200,35,15,0,0,0
70230,34,16,0,0,0
70260,34,14,0,2,0
70290,36,13,0,1,0
70320,38,10,0,2,0
70350,36,13,0,1,0
70380,36,11,0,3,0
70410,34,14,0,2,0
70440,35,14,0,1,0
70470,36,12,0,2,0
70500,38,11,0,1,0
70530,36,13,0,1,0
70560,37,13,0,0,0
70590,37,13,0,0,0
70620,35,14,0,1,0
70650,37,11,0,2,0
70680,37,13,0,0,0
70710,37,12,0,1,0
70740,33,12,0,5,0
70770,31,16,0,3,0
70800,33,15,0,2,0
70830,32,15,0,3,0
70860,32,16,0,2,0
70890,31,15,0,4,0
70920,31,15,0,4,0
70950,28,16,0,6,0
70980,27,18,0,5,0
71010,27,16,0,7,0
71040,24,20,0,6,0
71070,24,19,0,7,0
71100,24,21,0,5,0
71130,23,22,4,1,0
71160,25,20,4,1,0
71190,24,22,3,1,0
71220,22,22,2,4,0
71250,23,22,1,4,0
71280,25,21,1,3,0
71310,26,21,1,2,0
71340,26,20,0,4,0
71370,27,18,0,5,0
71400,27,20,0,3,0
71430,29,19,0,2,0
71460,29,17,0,4,0
71490,30,19,0,1,0
71520,30,19,0,1,0
71550,32,17,0,1,0
71580,32,15,0,3,0
71610,34,13,0,3,0
71640,31,14,0,5,0
71670,31,14,0,5,0
71700,32,14,0,4,0
71730,32,15,0,3,0
71760,30,14,0,6,0
71790,29,15,0,6,0
71820,29,14,0,7,0
71850,31,13,0,6,0
71880,32,12,0,6,0
71910,32,12,0,6,0
71940,31,12,0,7,0
71970,31,12,0,7,0
72000,28,12,0,10,0
72030,28,15,6,1,0
72060,28,14,6,2,0
72090,26,14,6,4,0
72120,28,14,4,4,0
72150,29,15,3,3,0
72180,29,15,3,3,0
72210,29,16,3,2,0
72240,31,15,2,2,0
72270,28,18,1,3,0
72300,28,18,1,3,0
72330,27,20,1,2,0
72360,26,22,0,2,0
72390,25,23,0,2,0
72420,25,22,0,3,0
72450,29,19,0,2,0
72480,28,19,0,3,0
72510,29,17,0,4,0
72540,29,15,0,6,0
72570,29,13,0,8,0
72600,28,13,0,9,0
72630,28,13,0,9,0
72660,30,10,0,10,0
72690,29,9,0,12,0
72720,26,9,0,15,0
72750,24,10,0,16,0
72780,24,9,0,17,0
72810,24,8,0,18,0
72840,25,7,0,18,0
72870,25,6,0,19,0
72900,25,5,0,20,0
72930,24,8,17,1,0
72960,24,9,17,0,0
72990,24,11,13,2,0
73020,24,10,12,4,0
73050,21,11,12,6,0
73080,21,10,12,7,0
73110,21,10,9,10,0
73140,20,9,9,12,0
73170,20,9,8,13,0
73200,19,8,8,15,0
73230,21,9,7,13,0
73260,22,9,6,13,0
73290,21,9,5,15,0
73320,24,5,3,18,0
73350,23,6,3,18,0
73380,23,6,2,19,0
73410,22,5,1,22,0
73440,22,5,1,22,0
73470,23,4,0,23,0
73500,22,4,0,24,0
73530,22,4,0,24,0
73560,22,3,0,25,0
73590,21,3,0,26,0
73620,21,3,0,26,0
73650,20,3,0,27,0
73680,20,2,0,28,0
73710,20,3,0,27,0
73740,22,1,0,27,0
73770,22,1,0,27,0
73800,19,1,0,30,0
73830,17,5,21,7,0
73860,16,5,21,8,0
73890,15,6,20,9,0
73920,9,6,18,17,0
73950,11,9,16,14,0
73980,12,6,16,16,0
74010,10,11,14,15,0
74040,11,9,13,17,0
74070,11,10,11,18,0
74100,11,10,11,18,0
74130,12,11,9,18,0
74160,14,9,8,19,0
74190,14,8,9,19,0
74220,14,5,7,24,0
74250,14,5,7,24,0
74280,14,5,7,24,0
74310,14,6,6,24,0
74340,13,6,6,25,0
74370,14,4,6,26,0
74400,14,4,6,26,0
74430,16,2,5,27,0
74460,16,3,5,26,0
74490,15,4,5,26,0
74520,15,4,5,26,0
74550,16,5,3,26,0
74580,18,3,3,26,0
74610,18,5,3,24,0
74640,17,5,3,25,0
74670,15,8,2,25,0
74700,13,8,2,27,0
74730,11,9,29,1,0
74760,11,7,28,4,0
74790,10,8,27,5,0
74820,9,9,26,6,0
74850,9,11,24,6,0
74880,9,11,24,6,0
74910,11,9,23,7,0
74940,10,10,21,9,0
74970,14,8,18,10,0
75000,14,7,15,14,0
75030,14,7,11,18,0
75060,14,7,11,18,0
75090,14,5,9,22,0
75120,17,2,8,23,0
75150,17,2,8,23,0
75180,17,2,8,23,0
75210,17,2,8,23,0
75240,18,1,7,24,0
75270,18,1,7,24,0
75300,19,0,6,25,0
75330,18,0,6,26,0
75360,18,0,6,26,0
75390,17,0,6,27,0
75420,17,0,6,27,0
75450,16,0,5,29,0
75480,16,0,5,29,0
75510,16,0,4,30,0
75540,16,0,4,30,0
75570,16,0,4,30,0
75600,14,0,4,32,0
75630,12,6,17,15,0
75660,9,6,15,20,0
75690,9,12,12,17,0
75720,10,12,12,16,0
75750,11,16,8,15,0
75780,11,15,8,16,0
75810,14,16,6,14,0
75840,16,13,6,15,0
75870,13,23,2,12,0
75900,17,21,2,10,0
75930,19,25,0,6,0
75960,19,23,0,8,0
75990,20,26,0,4,0
76020,18,26,0,6,0
76050,19,25,0,6,0
76080,21,24,0,5,0
76110,21,22,0,7,0
76140,22,20,0,8,0
76170,21,19,0,10,0
76200,21,19,0,10,0
76230,21,20,0,9,0
76260,22,19,0,9,0
76290,21,20,0,9,0
76320,18,21,0,11,0
76350,19,21,0,10,0
76380,20,20,0,10,0
76410,21,18,0,11,0
76440,22,16,0,12,0
76470,23,14,0,13,0
76500,22,13,0,15,0
76530,21,11,16,2,0
76560,21,11,16,2,0
76590,20,12,15,3,0
76620,21,11,15,3,0
76650,21,12,14,3,0
76680,23,11,14,2,0
76710,23,9,14,4,0
76740,22,10,13,5,0
76770,23,11,10,6,0
76800,22,11,10,7,0
76830,22,12,9,7,0
76860,23,12,8,7,0
76890,25,10,8,7,0
76920,25,10,8,7,0
76950,24,11,7,8,0
76980,23,11,7,9,0
77010,26,11,5,8,0
77040,28,9,5,8,0
77070,28,9,5,8,0
77100,26,9,5,10,0
77130,25,10,2,13,0
77160,24,10,2,14,0
77190,24,8,2,16,0
77220,21,9,2,18,0
77250,23,7,2,18,0
77280,24,6,2,18,0
77310,23,5,1,21,0
77340,23,4,1,22,0
77370,22,4,0,24,0
77400,22,3,0,25,0
77430,22,5,22,1,0
77460,21,4,22,3,0
77490,20,8,18,4,0
77520,18,8,17,7,0
77550,19,9,15,7,0
77580,21,8,13,8,0
77610,22,9,11,8,0
77640,21,8,10,11,0
77670,23,10,9,8,0
77700,23,10,8,9,0
77730,24,11,6,9,0
77760,24,10,6,10,0
77790,27,7,6,10,0
77820,28,6,5,11,0
77850,28,6,5,11,0
77880,25,6,5,14,0
77910,25,4,5,16,0
77940,26,3,4,17,0
77970,26,3,4,17,0
78000,27,1,4,18,0
78030,24,1,3,22,0
78060,21,1,3,25,0
78090,19,1,2,28,0
78120,18,1,2,29,0
78150,17,1,2,30,0
78180,16,1,2,31,0
78210,14,1,1,34,0
78240,12,1,1,36,0
78270,11,1,1,37,0
78300,9,1,0,40,0
78330,10,8,26,6,0
78360,9,8,24,9,0
78390,7,13,22,8,0
78420,6,14,21,9,0
78450,6,17,18,9,0
78480,6,17,17,10,0
78510,7,24,9,10,0
78540,7,24,7,12,0
78570,9,26,6,9,0
78600,10,25,5,10,0
78630,13,28,3,6,0
78660,12,30,2,6,0
78690,15,28,1,6,0
78720,15,28,1,6,0
78750,17,27,1,5,0
78780,17,27,1,5,0
78810,16,26,1,7,0
78840,19,24,1,6,0
78870,20,23,0,7,0
78900,21,21,0,8,0
78930,22,21,0,7,0
78960,22,18,0,10,0
78990,21,18,0,11,0
79020,17,17,0,16,0
79050,17,16,0,17,0
79080,18,15,0,17,0
79110,18,14,0,18,0
79140,20,12,0,18,0
79170,22,9,0,19,0
79200,22,9,0,19,0
79230,20,19,8,3,0
79260,21,20,7,2,0
79290,21,22,3,4,0
79320,21,22,2,5,0
79350,24,22,1,3,0
79380,24,20,1,5,0
79410,25,20,1,4,0
79440,22,19,1,8,0
79470,22,25,0,3,0
79500,23,25,0,2,0
79530,23,25,0,2,0
79560,23,23,0,4,0
79590,24,22,0,4,0
79620,20,22,0,8,0
79650,19,25,0,6,0
79680,19,26,0,5,0
79710,20,25,0,5,0
79740,21,25,0,4,0
79770,19,23,0,8,0
79800,22,21,0,7,0
79830,25,21,0,4,0
79860,26,21,0,3,0
79890,27,19,0,4,0
79920,27,18,0,5,0
79950,28,19,0,3,0
79980,29,17,0,4,0
80010,31,15,0,4,0
80040,32,14,0,4,0
80070,31,14,0,5,0
80100,32,14,0,4,0
80130,31,14,4,1,0
80160,31,15,2,2,0
80190,31,15,2,2,0
80220,33,14,2,1,0
80250,35,14,0,1,0
80280,32,15,0,3,0
80310,29,17,0,4,0
80340,27,18,0,5,0
80370,27,18,0,5,0
80400,27,18,0,5,0
80430,28,18,0,4,0
80460,28,18,0,4,0
80490,27,19,0,4,0
80520,26,19,0,5,0
80550,26,19,0,5,0
80580,25,18,0,7,0
80610,25,19,0,6,0
80640,24,19,0,7,0
80670,23,18,0,9,0
80700,25,19,0,6,0
80730,24,21,0,5,0
80760,22,22,0,6,0
80790,22,23,0,5,0
80820,22,23,0,5,0
80850,23,22,0,5,0
80880,25,22,0,3,0
80910,24,22,0,4,0
80940,24,22,0,4,0
80970,28,19,0,3,0
81000,28,20,0,2,0
81030,28,18,3,1,0
81060,27,17,2,4,0
81090,25,20,2,3,0
81120,26,17,1,6,0
81150,27,20,0,3,0
81180,26,21,0,3,0
81210,29,18,0,3,0
81240,29,17,0,4,0
81270,29,16,0,5,0
81300,30,16,0,4,0
81330,32,14,0,4,0
81360,33,13,0,4,0
81390,34,13,0,3,0
81420,31,17,0,2,0
81450,29,16,0,5,0
81480,27,16,0,7,0
81510,22,19,0,9,0
81540,25,18,0,7,0
81570,24,19,0,7,0
81600,26,20,0,4,0
81630,25,21,0,4,0
81660,26,19,0,5,0
81690,28,18,0,4,0
81720,28,17,0,5,0
81750,28,18,0,4,0
81780,30,16,0,4,0
81810,27,18,0,5,0
81840,25,19,0,6,0
81870,25,20,0,5,0
81900,22,18,0,10,0
81930,22,19,9,0,0
81960,24,19,6,1,0
81990,27,16,4,3,0
82020,26,18,3,3,0
82050,26,19,3,2,0
82080,25,19,3,3,0
82110,23,19,2,6,0
82140,22,22,0,6,0
82170,21,21,0,8,0
82200,21,20,0,9,0
82230,20,22,0,8,0
82260,21,21,0,8,0
82290,19,22,0,9,0
82320,21,21,0,8,0
82350,23,20,0,7,0
82380,25,18,0,7,0
82410,27,16,0,7,0
82440,27,19,0,4,0
82470,26,19,0,5,0
82500,26,18,0,6,0
82530,27,19,0,4,0
82560,26,18,0,6,0
82590,24,21,0,5,0
82620,25,20,0,5,0
82650,25,21,0,4,0
82680,24,19,0,7,0
82710,25,18,0,7,0
82740,24,20,0,6,0
82770,22,22,0,6,0
82800,22,22,1,5,0
82830,23,22,4,1,0
82860,24,21,2,3,0
82890,24,21,0,5,0
82920,26,21,0,3,0
82950,26,21,0,3,0
82980,24,22,0,4,0
83010,26,20,0,4,0
83040,23,22,0,5,0
83070,27,21,1,1,0
83100,24,22,0,4,0
83130,25,19,0,6,0
83160,27,18,0,5,0
83190,28,18,0,4,0
83220,29,17,0,4,0
83250,26,19,0,5,0
83280,26,19,0,5,0
83310,27,19,0,4,0
83340,29,15,0,6,0
83370,29,16,0,5,0
83400,30,18,0,2,0
83430,27,20,0,3,0
83460,28,19,0,3,0
83490,28,19,0,3,0
83520,29,18,0,3,0
83550,28,19,0,3,0
83580,29,17,0,4,0
83610,30,16,0,4,0
83640,30,15,0,5,0
83670,32,13,0,5,0
83700,30,13,0,7,0
83730,29,14,6,1,0
83760,30,13,5,2,0
83790,29,16,2,3,0
83820,28,15,2,5,0
83850,26,16,2,6,0
83880,25,18,1,6,0
83910,24,18,2,6,0
83940,25,16,1,8,0
83970,24,16,1,9,0
84000,24,16,0,10,0
84030,23,16,0,11,0
84060,25,15,0,10,0
84090,25,15,0,10,0
84120,25,14,0,11,0
84150,25,14,0,11,0
84180,22,15,0,13,0
84210,23,14,0,13,0
84240,24,13,0,13,0
84270,21,16,0,13,0
84300,21,16,0,13,0
84330,21,16,0,13,0
84360,22,13,0,15,0
84390,21,13,0,16,0
84420,23,12,0,15,0
84450,24,12,0,14,0
84480,24,10,0,16,0
84510,23,10,0,17,0
84540,23,10,0,17,0
84570,20,10,0,20,0
84600,21,9,0,20,0
84630,22,7,20,1,0
84660,21,9,19,1,0
84690,19,11,17,3,0
84720,20,10,17,3,0
84750,21,10,16,3,0
84780,21,10,16,3,0
84810,20,14,13,3,0
84840,21,14,13,2,0
84870,21,17,11,1,0
84900,19,18,9,4,0
84930,19,18,9,4,0
84960,20,18,9,3,0
84990,22,16,9,3,0
85020,23,14,9,4,0
85050,22,15,8,5,0
85080,19,15,8,8,0
85110,20,13,8,9,0
85140,20,11,7,12,0
85170,21,10,6,13,0
85200,22,9,6,13,0
85230,24,7,5,14,0
85260,22,8,5,15,0
85290,19,8,4,19,0
85320,19,6,4,21,0
85350,18,5,4,23,0
85380,17,4,4,25,0
85410,19,2,4,25,0
85440,20,1,4,25,0
85470,20,0,3,27,0
85500,19,0,3,28,0
85530,18,3,26,3,0
85560,17,3,26,4,0
85590,18,9,21,2,0
85620,19,7,20,4,0
85650,17,9,18,6,0
85680,17,9,17,7,0
85710,18,8,17,7,0
85740,18,7,17,8,0
85770,22,5,15,8,0
85800,22,5,15,8,0
85830,22,4,13,11,0
85860,18,5,13,14,0
85890,19,4,13,14,0
85920,18,4,13,15,0
85950,19,2,13,16,0
85980,19,0,13,18,0
86010,18,0,11,21,0
86040,18,0,10,22,0
86070,16,0,9,25,0
86100,15,0,6,29,0
86130,14,2,6,28,0
86160,14,2,6,28,0
86190,13,3,6,28,0
86220,13,3,6,28,0
86250,13,4,3,30,0
86280,12,4,3,31,0
86310,12,4,2,32,0
86340,12,4,1,33,0
86370,10,5,1,34,0
86400,11,5,1,33,0
86430,11,9,25,5,0
86460,11,8,23,8,0
86490,10,12,19,9,0
86520,10,12,19,9,0
86550,12,15,14,9,0
86580,13,14,13,10,0
86610,15,14,10,11,0
86640,18,12,9,11,0
86670,20,19,6,5,0
86700,20,19,3,8,0
86730,20,24,2,4,0
86760,22,22,2,4,0
86790,25,19,1,5,0
86820,28,16,1,5,0
86850,31,14,1,4,0
86880,33,12,1,4,0
86910,34,12,0,4,0
86940,33,12,0,5,0
86970,33,16,0,1,0
87000,35,14,0,1,0
87030,34,12,0,4,0
87060,33,12,0,5,0
87090,33,13,0,4,0
87120,34,12,0,4,0
87150,31,12,0,7,0
87180,31,12,0,7,0
87210,30,10,0,10,0
87240,30,11,0,9,0
87270,27,10,0,13,0
87300,26,11,0,13,0
87330,26,12,12,0,0
87360,24,12,12,2,0
87390,23,13,11,3,0
87420,23,13,10,4,0
87450,20,12,10,8,0
87480,20,12,10,8,0
87510,21,11,10,8,0
87540,20,12,10,8,0
87570,22,10,10,8,0
87600,22,11,9,8,0
87630,22,11,8,9,0
87660,23,10,8,9,0
87690,21,11,8,10,0
87720,21,11,7,11,0
87750,20,11,7,12,0
87780,20,10,7,13,0
87810,19,9,6,16,0
87840,19,9,6,16,0
87870,19,9,6,16,0
87900,18,9,6,17,0
87930,17,8,6,19,0
87960,19,6,6,19,0
87990,20,4,6,20,0
88020,19,4,6,21,0
88050,18,4,6,22,0
88080,18,4,6,22,0
88110,18,4,6,22,0
88140,17,2,6,25,0
88170,17,2,6,25,0
88200,17,2,6,25,0
88230,17,2,28,3,0
88260,17,2,28,3,0
88290,18,1,28,3,0
88320,18,1,27,4,0
88350,17,2,26,5,0
88380,17,2,26,5,0
88410,16,3,25,6,0
88440,15,2,25,8,0
88470,14,2,24,10,0
88500,14,3,21,12,0
88530,13,2,19,16,0
88560,12,2,17,19,0
88590,13,1,16,20,0
88620,12,1,14,23,0
88650,10,1,14,25,0
88680,10,1,12,27,0
88710,10,0,12,28,0
88740,9,0,12,29,0
88770,8,0,12,30,0
88800,8,0,11,31,0
88830,7,0,10,33,0
88860,7,0,9,34,0
88890,6,0,8,36,0
88920,6,0,8,36,0
88950,6,0,8,36,0
88980,6,0,8,36,0
89010,3,0,3,44,0
89040,3,0,2,45,0
89070,3,0,2,45,0
89100,3,0,2,45,0
89130,3,2,21,24,0
89160,3,2,21,24,0
89190,3,2,20,25,0
89220,4,1,20,25,0
89250,4,1,19,26,0
89280,4,1,18,27,0
89310,4,2,17,27,0
89340,4,2,17,27,0
89370,4,4,17,25,0
89400,4,4,17,25,0
89430,7,2,14,27,0
89460,7,2,14,27,0
89490,8,1,13,28,0
89520,8,1,12,29,0
89550,8,2,12,28,0
89580,7,2,12,29,0
89610,7,2,11,30,0
89640,7,2,11,30,0
89670,8,1,10,31,0
89700,9,0,8,33,0
89730,9,0,8,33,0
89760,9,0,8,33,0
89790,8,0,7,35,0
89820,8,0,7,35,0
89850,8,0,6,36,0
89880,7,0,3,40,0
89910,7,0,3,40,0
89940,6,0,3,41,0
89970,6,0,2,42,0
90000,6,0,0,44,0
90030,6,4,14,26,0
90060,6,4,14,26,0
90090,5,4,14,27,0
90120,5,4,14,27,0
90150,4,6,12,28,0
90180,6,4,12,28,0
90210,6,6,10,28,0
90240,6,7,8,29,0
90270,9,14,4,23,0
90300,11,11,4,24,0
90330,12,14,3,21,0
90360,13,13,2,22,0
90390,14,13,2,21,0
90420,14,13,2,21,0
90450,19,8,2,21,0
90480,19,7,2,22,0
90510,21,5,2,22,0
90540,20,5,2,23,0
90570,20,5,2,23,0
90600,21,4,2,23,0
90630,21,3,2,24,0
90660,20,3,2,25,0
90690,21,5,2,22,0
90720,22,4,2,22,0
90750,22,2,2,24,0
90780,21,2,2,25,0
90810,21,3,2,24,0
90840,21,3,2,24,0
90870,20,5,1,24,0
90900,22,3,0,25,0
90930,21,3,25,1,0
90960,21,2,25,2,0
90990,21,2,25,2,0
91020,20,2,24,4,0
91050,20,1,23,6,0
91080,21,0,23,6,0
91110,19,0,22,9,0
91140,17,0,19,14,0
91170,15,0,19,16,0
91200,14,0,19,17,0
91230,12,1,19,18,0
91260,11,1,19,19,0
91290,10,1,18,21,0
91320,10,2,18,20,0
91350,10,3,17,20,0
91380,10,2,17,21,0
91410,10,3,16,21,0
91440,10,3,16,21,0
91470,10,1,16,23,0
91500,6,1,16,27,0
91530,5,1,16,28,0
91560,5,0,15,30,0
91590,5,0,14,31,0
91620,5,0,14,31,0
91650,4,0,14,32,0
91680,4,0,14,32,0
91710,4,0,13,33,0
91740,4,0,10,36,0
91770,4,0,9,37,0
91800,4,0,9,37,0
91830,4,2,32,12,0
91860,3,2,32,13,0
91890,4,2,31,13,0
91920,4,2,30,14,0
91950,3,7,26,14,0
91980,5,5,25,15,0
92010,5,5,24,16,0
92040,6,3,24,17,0
92070,6,8,21,15,0
92100,7,8,20,15,0
92130,8,7,20,15,0
92160,11,4,19,16,0
92190,12,3,18,17,0
92220,12,2,16,20,0
92250,12,2,15,21,0
92280,13,1,14,22,0
92310,13,1,14,22,0
92340,12,1,14,23,0
92370,12,1,14,23,0
92400,12,1,12,25,0
92430,13,0,8,29,0
92460,13,0,7,30,0
92490,13,0,5,32,0
92520,13,0,4,33,0
92550,12,0,3,35,0
92580,12,0,2,36,0
92610,11,0,2,37,0
92640,11,0,2,37,0
92670,11,0,2,37,0
92700,10,0,1,39,0
92730,10,0,25,15,0
92760,10,0,24,16,0
92790,10,2,21,17,0
92820,9,2,21,18,0
92850,9,2,19,20,0
92880,9,2,16,23,0
92910,8,2,16,24,0
92940,8,2,16,24,0
92970,7,2,10,31,0
93000,8,1,7,34,0
93030,7,1,7,35,0
93060,7,0,5,38,0
93090,7,0,4,39,0
93120,7,0,3,40,0
93150,6,0,1,43,0
93180,4,0,1,45,0
93210,4,0,1,45,0
93240,3,0,1,46,0
93270,3,0,1,46,0
93300,3,0,1,46,0
93330,2,0,0,48,0
93360,2,0,0,48,0
93390,1,0,0,49,0
93420,1,0,0,49,0
93450,0,0,0,50,0
93480,0,0,0,50,0
93510,0,0,0,50,0
93540,0,0,0,50,0
93570,0,0,0,50,0
93600,0,0,0,50,0
93630,2,5,12,31,0
93660,3,4,13,30,0
93690,6,6,12,26,0
93720,7,5,12,26,0
93750,8,10,11,21,0
93780,9,9,11,21,0
93810,11,9,9,21,0
93840,14,7,9,20,0
93870,16,10,9,15,0
93900,18,8,9,15,0
93930,18,9,9,14,0
93960,22,5,8,15,0
93990,23,4,7,16,0
94020,23,4,7,16,0
94050,24,3,7,16,0
94080,23,3,7,17,0
94110,23,2,7,18,0
94140,23,2,7,18,0
94170,23,1,7,19,0
94200,24,0,6,20,0
94230,22,0,6,22,0
94260,20,0,5,25,0
94290,17,0,3,30,0
94320,17,0,3,30,0
94350,15,0,3,32,0
94380,14,0,2,34,0
94410,13,0,2,35,0
94440,12,0,2,36,0
94470,11,0,2,37,0
94500,11,0,1,38,0
94530,9,0,36,5,0
94560,8,0,36,6,0
94590,8,0,34,8,0
94620,8,0,32,10,0
94650,7,1,27,15,0
94680,7,1,26,16,0
94710,6,1,23,20,0
94740,3,1,20,26,0
94770,3,1,16,30,0
94800,4,0,13,33,0
94830,4,6,7,33,0
94860,5,5,7,33,0
94890,6,4,5,35,0
94920,5,4,3,38,0
94950,8,1,3,38,0
94980,8,1,3,38,0
95010,8,4,1,37,0
95040,8,4,0,38,0
95070,9,5,0,36,0
95100,10,4,0,36,0
95130,11,6,0,33,0
95160,12,5,0,33,0
95190,14,3,0,33,0
95220,14,3,0,33,0
95250,14,2,0,34,0
95280,14,2,0,34,0
95310,15,1,0,34,0
95340,15,1,0,34,0
95370,15,0,0,35,0
95400,15,0,0,35,0
95430,14,0,23,13,0
95460,13,0,22,15,0
95490,12,2,18,18,0
95520,12,2,18,18,0
95550,12,2,17,19,0
95580,13,1,15,21,0
95610,13,1,15,21,0
95640,13,0,13,24,0
95670,13,0,13,24,0
95700,12,0,11,27,0
95730,10,0,10,30,0
95760,9,0,10,31,0
95790,9,0,9,32,0
95820,9,0,8,33,0
95850,9,0,8,33,0
95880,9,0,7,34,0
95910,9,0,7,34,0
95940,8,0,7,35,0
95970,7,0,7,36,0
96000,6,0,7,37,0
96030,4,1,7,38,0
96060,4,1,7,38,0
96090,5,0,6,39,0
96120,4,0,6,40,0
96150,3,1,5,41,0
96180,3,1,5,41,0
96210,3,2,4,41,0
96240,4,1,4,41,0
96270,3,1,4,42,0
96300,4,1,4,41,0
96330,4,1,20,25,0
96360,4,1,19,26,0
96390,4,1,19,26,0
96420,4,1,16,29,0
96450,5,0,16,29,0
96480,5,0,14,31,0
96510,5,0,12,33,0
96540,5,0,8,37,0
96570,4,0,8,38,0
96600,4,0,6,40,0
96630,3,0,6,41,0
96660,3,0,6,41,0
96690,2,0,5,43,0
96720,2,0,5,43,0
96750,2,0,5,43,0
96780,2,0,5,43,0
96810,2,0,5,43,0
96840,1,0,4,45,0
96870,1,0,4,45,0
96900,1,0,4,45,0
96930,0,0,4,46,0
96960,0,0,2,48,0
96990,0,0,2,48,0
97020,0,0,1,49,0
97050,0,0,1,49,0
97080,0,0,1,49,0
97110,0,0,1,49,0
97140,0,0,1,49,0
97170,0,0,0,50,0
97200,0,0,0,50,0
97230,0,0,5,45,0
97260,0,0,5,45,0
97290,0,0,5,45,0
97320,0,0,5,45,0
97350,0,2,5,43,0
97380,0,2,5,43,0
97410,2,0,5,43,0
97440,2,0,4,44,0
97470,2,1,4,43,0
97500,2,1,4,43,0
97530,2,1,4,43,0
97560,2,1,3,44,0
97590,2,1,3,44,0
97620,2,1,2,45,0
97650,2,1,2,45,0
97680,2,1,2,45,0
97710,2,1,2,45,0
97740,1,1,2,46,0
97770,1,1,2,46,0
97800,1,1,2,46,0
97830,1,1,2,46,0
97860,1,1,2,46,0
97890,1,1,2,46,0
97920,1,1,2,46,0
97950,1,1,2,46,0
97980,1,1,1,47,0
98010,1,1,1,47,0
98040,1,1,1,47,0
98070,1,1,1,47,0
98100,1,1,1,47,0
98130,1,1,6,42,0
98160,2,0,6,42,0
98190,2,0,5,43,0
98220,2,0,5,43,0
98250,2,0,3,45,0
98280,2,0,3,45,0
98310,2,0,3,45,0
98340,2,0,3,45,0
98370,2,0,3,45,0
98400,2,0,3,45,0
98430,2,0,3,45,0
98460,2,0,2,46,0
98490,2,0,2,46,0
98520,2,0,2,46,0
98550,2,0,2,46,0
98580,2,0,2,46,0
98610,2,0,2,46,0
98640,2,0,2,46,0
98670,1,0,1,48,0
98700,1,0,1,48,0
98730,1,0,1,48,0
98760,0,0,1,49,0
98790,0,0,1,49,0
98820,0,0,1,49,0
98850,0,0,1,49,0
98880,0,0,1,49,0
98910,0,0,1,49,0
98940,0,0,1,49,0
98970,0,0,1,49,0
99000,0,0,1,49,0
99030,1,0,3,46,0
99060,1,0,2,47,0
99090,1,0,2,47,0
99120,1,0,2,47,0
99150,1,0,2,47,0
99180,1,0,2,47,0
99210,1,0,2,47,0
99240,1,0,2,47,0
99270,1,0,2,47,0
99300,1,0,2,47,0
99330,1,0,2,47,0
99360,1,0,2,47,0
99390,1,0,2,47,0
99420,1,0,2,47,0
99450,1,0,2,47,0
99480,1,0,2,47,0
99510,1,0,2,47,0
99540,1,0,2,47,0
99570,1,0,2,47,0
99600,0,0,2,48,0
99630,0,0,2,48,0
99660,0,0,2,48,0
99690,0,0,2,48,0
99720,0,0,2,48,0
99750,0,0,2,48,0
99780,0,0,2,48,0
99810,0,0,2,48,0
99840,0,0,2,48,0
99870,0,0,1,49,0
99900,0,0,1,49,0
99930,1,1,2,46,0
99960,1,1,2,46,0
99990,1,2,1,46,0
100020,2,1,1,46,0
100050,3,2,1,44,0
100080,3,2,1,44,0
100110,4,2,1,43,0
100140,5,1,1,43,0
100170,5,1,1,43,0
100200,6,0,1,43,0
100230,6,2,1,41,0
100260,6,2,1,41,0
100290,6,2,1,41,0
100320,6,2,1,41,0
100350,6,2,1,41,0
100380,6,2,1,41,0
100410,7,1,1,41,0
100440,7,1,1,41,0
100470,8,0,0,42,0
100500,8,0,0,42,0
100530,8,0,0,42,0
100560,8,0,0,42,0
100590,8,0,0,42,0
100620,8,0,0,42,0
100650,8,0,0,42,0
100680,8,0,0,42,0
100710,8,0,0,42,0
100740,7,0,0,43,0
100770,7,0,0,43,0
100800,7,0,0,43,0
100830,7,2,14,27,0
100860,7,2,14,27,0
100890,7,2,14,27,0
100920,6,2,14,28,0
100950,6,2,13,29,0
100980,6,3,13,28,0
101010,6,2,12,30,0
101040,4,2,12,32,0
101070,4,3,11,32,0
101100,4,3,11,32,0
101130,4,3,7,36,0
101160,4,3,4,39,0
101190,4,3,4,39,0
101220,4,3,4,39,0
101250,4,3,4,39,0
101280,4,3,4,39,0
101310,4,3,4,39,0
101340,3,3,3,41,0
101370,3,3,2,42,0
101400,3,4,1,42,0
101430,3,4,1,42,0
101460,2,4,1,43,0
101490,2,4,1,43,0
101520,1,4,1,44,0
101550,1,4,1,44,0
101580,2,3,1,44,0
101610,2,3,1,44,0
101640,3,2,1,44,0
101670,3,1,1,45,0
101700,3,1,1,45,0
101730,3,1,11,35,0
101760,3,1,11,35,0
101790,3,1,11,35,0
101820,3,1,11,35,0
101850,3,1,11,35,0
101880,3,1,10,36,0
101910,3,1,10,36,0
101940,3,1,9,37,0
101970,3,1,9,37,0
102000,3,1,9,37,0
102030,3,1,9,37,0
102060,3,1,9,37,0
102090,3,1,9,37,0
102120,3,1,8,38,0
102150,4,0,8,38,0
102180,4,0,8,38,0
102210,4,0,8,38,0
102240,3,0,8,39,0
102270,3,0,8,39,0
102300,3,0,8,39,0
102330,3,0,8,39,0
102360,2,0,8,40,0
102390,2,0,8,40,0
102420,2,0,8,40,0
102450,1,0,8,41,0
102480,1,0,8,41,0
102510,1,0,8,41,0
102540,1,0,8,41,0
102570,1,0,7,42,0
102600,1,0,7,42,0
102630,1,0,9,40,0
102660,1,0,9,40,0
102690,1,0,8,41,0
102720,0,0,8,42,0
102750,0,0,8,42,0
102780,0,0,7,43,0
102810,0,0,7,43,0
102840,0,0,6,44,0
102870,0,0,6,44,0
102900,0,0,5,45,0
102930,0,0,5,45,0
102960,0,0,5,45,0
102990,0,0,5,45,0
103020,0,0,4,46,0
103050,0,0,4,46,0
103080,0,0,4,46,0
103110,0,0,4,46,0
103140,0,0,4,46,0
103170,0,0,4,46,0
103200,0,0,3,47,0
103230,0,0,3,47,0
103260,0,0,3,47,0
103290,0,0,2,48,0
103320,0,0,2,48,0
103350,0,0,2,48,0
103380,0,0,1,49,0
103410,0,0,1,49,0
103440,0,0,1,49,0
103470,0,0,0,50,0
103500,0,0,0,50,0
103530,0,0,1,49,0
103560,0,0,1,49,0
103590,0,0,1,49,0
103620,0,0,1,49,0
103650,0,0,1,49,0
103680,0,0,1,49,0
103710,0,0,1,49,0
103740,0,0,1,49,0
103770,0,0,1,49,0
103800,0,0,1,49,0
103830,0,0,1,49,0
103860,0,0,1,49,0
103890,0,0,1,49,0
103920,0,0,1,49,0
103950,0,0,1,49,0
103980,0,0,1,49,0
104010,0,0,1,49,0
104040,0,0,1,49,0
104070,0,0,1,49,0
104100,0,0,1,49,0
104130,0,0,1,49,0
104160,0,0,1,49,0
104190,0,0,1,49,0
104220,0,0,1,49,0
104250,0,0,1,49,0
104280,0,0,1,49,0
104310,0,0,1,49,0
104340,0,0,0,50,0
104370,0,0,0,50,0
104400,0,0,0,50,0
104430,0,0,0,50,0
104460,0,0,0,50,0
104490,0,0,0,50,0
104520,0,0,0,50,0
104550,0,0,0,50,0
104580,0,0,0,50,0
104610,0,0,0,50,0
104640,0,0,0,50,0
104670,0,0,0,50,0
104700,0,0,0,50,0
104730,0,0,0,50,0
104760,0,0,0,50,0
104790,0,0,0,50,0
104820,0,0,0,50,0
104850,0,0,0,50,0
104880,0,0,0,50,0
104910,0,0,0,50,0
104940,0,0,0,50,0
104970,0,0,0,50,0
105000,0,0,0,50,0
105030,0,0,0,50,0
105060,0,0,0,50,0
105090,0,0,0,50,0
105120,0,0,0,50,0
105150,0,0,0,50,0
105180,0,0,0,50,0
105210,0,0,0,50,0
105240,0,0,0,50,0
105270,0,0,0,50,0
105300,0,0,0,50,0
105330,0,0,0,50,0
105360,0,0,0,50,0
105390,0,0,0,50,0
105420,0,0,0,50,0
105450,0,0,0,50,0
105480,0,0,0,50,0
105510,0,0,0,50,0
105540,0,0,0,50,0
105570,0,0,0,50,0
105600,0,0,0,50,0
105630,0,0,0,50,0
105660,0,0,0,50,0
105690,0,0,0,50,0
105720,0,0,0,50,0
105750,0,0,0,50,0
105780,0,0,0,50,0
105810,0,0,0,50,0
105840,0,0,0,50,0
105870,0,0,0,50,0
105900,0,0,0,50,0
105930,0,0,0,50,0
105960,0,0,0,50,0
105990,0,0,0,50,0
106020,0,0,0,50,0
106050,0,0,0,50,0
106080,0,0,0,50,0
106110,0,0,0,50,0
106140,0,0,0,50,0
106170,0,0,0,50,0
106200,0,0,0,50,0
106230,0,0,0,50,0
106260,0,0,0,50,0
106290,0,0,0,50,0
106320,0,0,0,50,0
106350,0,0,0,50,0
106380,0,0,0,50,0
106410,0,0,0,50,0
106440,0,0,0,50,0
106470,0,0,0,50,0
106500,0,0,0,50,0
106530,0,0,0,50,0
106560,0,0,0,50,0
106590,0,0,0,50,0
106620,0,0,0,50,0
106650,0,0,0,50,0
106680,0,0,0,50,0
106710,0,0,0,50,0
106740,0,0,0,50,0
106770,0,0,0,50,0
106800,0,0,0,50,0
106830,0,0,0,50,0
106860,0,0,0,50,0
106890,0,0,0,50,0
106920,0,0,0,50,0
106950,0,0,0,50,0
106980,0,0,0,50,0
107010,0,0,0,50,0
107040,0,0,0,50,0
107070,0,0,0,50,0
107100,0,0,0,50,0
107130,0,0,0,50,0
107160,0,0,0,50,0
107190,0,0,0,50,0
107220,0,0,0,50,0
107250,0,0,0,50,0
107280,0,0,0,50,0
107310,0,0,0,50,0
107340,0,0,0,50,0
107370,0,0,0,50,0
107400,0,0,0,50,0
107430,0,0,0,50,0
107460,0,0,0,50,0
107490,0,0,0,50,0
107520,0,0,0,50,0
107550,0,0,0,50,0
107580,0,0,0,50,0
107610,0,0,0,50,0
107640,0,0,0,50,0
107670,0,0,0,50,0
107700,0,0,0,50,0
107730,0,0,0,50,0
107760,0,0,0,50,0
107790,0,0,0,50,0
107820,0,0,0,50,0
107850,0,0,0,50,0
107880,0,0,0,50,0
107910,0,0,0,50,0
107940,0,0,0,50,0
107970,0,0,0,50,0
108000,0,0,0,50,0
